# Blender 5.1.2
# www.blender.org
mtllib LIGHT_ON_CHAIN.mtl
o lightbulb.001
v -0.000000 -13.201572 -1.000000
v -0.000000 -11.383626 -0.328716
v 0.382683 -13.201572 -0.923880
v 0.125793 -11.383626 -0.303694
v 0.707107 -13.201572 -0.707107
v 0.232437 -11.383626 -0.232437
v 0.303696 -11.383626 -0.125795
v 0.328716 -11.383626 -0.000001
v 0.923878 -13.201572 0.382683
v 0.303696 -11.383626 0.125793
v 0.232437 -11.383626 0.232436
v 0.382683 -13.201572 0.923879
v 0.125793 -11.383626 0.303693
v -0.000000 -11.383626 0.328715
v -0.125794 -11.383626 0.303693
v -0.232437 -11.383626 0.232436
v -0.923880 -13.201572 0.382683
v -0.303694 -11.383626 0.125793
v -1.000000 -13.201572 -0.000001
v -0.328714 -11.383626 -0.000001
v -0.923880 -13.201572 -0.382684
v -0.303694 -11.383626 -0.125795
v -0.707108 -13.201572 -0.707107
v -0.232437 -11.383626 -0.232437
v -0.382683 -13.201572 -0.923880
v -0.125794 -11.383626 -0.303694
v -0.000000 -12.777002 -0.946614
v 0.362255 -12.777002 -0.874557
v 0.669357 -12.777002 -0.669357
v 0.874557 -12.777002 -0.362254
v 0.946613 -12.777002 -0.000000
v 0.874557 -12.777002 0.362253
v 0.669357 -12.777002 0.669357
v 0.362255 -12.777002 0.874557
v -0.000000 -12.777002 0.946614
v -0.362253 -12.777002 0.874557
v -0.669357 -12.777002 0.669357
v -0.874558 -12.777002 0.362253
v -0.946613 -12.777002 -0.000000
v -0.874558 -12.777002 -0.362254
v -0.669357 -12.777002 -0.669357
v -0.362253 -12.777002 -0.874557
v -0.000000 -13.460392 -0.965926
v -0.000000 -13.701572 -0.866026
v -0.000000 -14.067598 -0.500000
v -0.000000 -14.167499 -0.258819
v -0.000000 -14.201572 -0.000000
v 0.369644 -13.460392 -0.892400
v 0.331413 -13.701572 -0.800103
v 0.270599 -13.908679 -0.653282
v 0.191341 -14.067598 -0.461940
v 0.099045 -14.167499 -0.239118
v 0.683014 -13.460392 -0.683013
v 0.612373 -13.701572 -0.612373
v 0.500000 -13.908679 -0.500000
v 0.353554 -14.067598 -0.353554
v 0.183014 -14.167499 -0.183013
v 0.923878 -13.201572 -0.382684
v 0.892399 -13.460392 -0.369644
v 0.800102 -13.701572 -0.331414
v 0.653282 -13.908679 -0.270598
v 0.461941 -14.067598 -0.191342
v 0.239117 -14.167499 -0.099046
v 1.000000 -13.201572 -0.000000
v 0.965927 -13.460392 -0.000000
v 0.866024 -13.701572 -0.000000
v 0.707107 -13.908679 -0.000000
v 0.500000 -14.067598 -0.000000
v 0.258819 -14.167499 -0.000000
v 0.892399 -13.460392 0.369643
v 0.800102 -13.701572 0.331413
v 0.653282 -13.908679 0.270598
v 0.461941 -14.067598 0.191342
v 0.239117 -14.167499 0.099045
v 0.707107 -13.201572 0.707107
v 0.683014 -13.460392 0.683012
v 0.612373 -13.701572 0.612372
v 0.500000 -13.908679 0.500000
v 0.353554 -14.067598 0.353553
v 0.183014 -14.167499 0.183013
v 0.369644 -13.460392 0.892399
v 0.331413 -13.701572 0.800103
v 0.270599 -13.908679 0.653281
v 0.191341 -14.067598 0.461940
v 0.099045 -14.167499 0.239117
v -0.000000 -13.201572 1.000000
v -0.000000 -13.460392 0.965925
v -0.000000 -13.701572 0.866025
v -0.000000 -13.908679 0.707106
v -0.000000 -14.067598 0.500000
v -0.000000 -14.167499 0.258819
v -0.382683 -13.201572 0.923879
v -0.369644 -13.460392 0.892399
v -0.331413 -13.701572 0.800102
v -0.270598 -13.908679 0.653281
v -0.191341 -14.067598 0.461940
v -0.099045 -14.167499 0.239117
v -0.707108 -13.201572 0.707106
v -0.683012 -13.460392 0.683012
v -0.612373 -13.701572 0.612372
v -0.500000 -13.908679 0.499999
v -0.353554 -14.067598 0.353553
v -0.183012 -14.167499 0.183012
v -0.892399 -13.460392 0.369643
v -0.800102 -13.701572 0.331413
v -0.653282 -13.908679 0.270598
v -0.461941 -14.067598 0.191341
v -0.239117 -14.167499 0.099045
v -0.965925 -13.460392 -0.000001
v -0.866026 -13.701572 -0.000001
v -0.707108 -13.908679 -0.000001
v -0.500000 -14.067598 -0.000001
v -0.258820 -14.167499 -0.000000
v -0.892399 -13.460392 -0.369644
v -0.800102 -13.701572 -0.331414
v -0.653280 -13.908679 -0.270599
v -0.461939 -14.067598 -0.191342
v -0.239117 -14.167499 -0.099046
v -0.683012 -13.460392 -0.683013
v -0.612372 -13.701572 -0.612373
v -0.500000 -13.908679 -0.500000
v -0.353554 -14.067598 -0.353554
v -0.183012 -14.167499 -0.183013
v -0.369644 -13.460392 -0.892399
v -0.331413 -13.701572 -0.800103
v -0.270598 -13.908679 -0.653282
v -0.191341 -14.067598 -0.461940
v -0.099045 -14.167499 -0.239118
v -0.000000 -13.908679 -0.707107
v -0.000000 -12.375631 -0.778054
v 0.297748 -12.375631 -0.718828
v 0.550167 -12.375631 -0.550168
v 0.718830 -12.375631 -0.297749
v 0.778053 -12.375631 -0.000000
v 0.718830 -12.375631 0.297748
v 0.550167 -12.375631 0.550167
v 0.297748 -12.375631 0.718828
v -0.000000 -12.375631 0.778054
v -0.297749 -12.375631 0.718828
v -0.550167 -12.375631 0.550167
v -0.718828 -12.375631 0.297748
v -0.778053 -12.375631 -0.000000
v -0.718828 -12.375631 -0.297749
v -0.550167 -12.375631 -0.550168
v -0.297749 -12.375631 -0.718828
v -0.000000 -11.873519 -0.466143
v 0.178387 -11.873519 -0.430660
v 0.329613 -11.873519 -0.329613
v 0.430660 -11.873519 -0.178386
v 0.466144 -11.873519 -0.000000
v 0.430660 -11.873519 0.178385
v 0.329613 -11.873519 0.329612
v 0.178387 -11.873519 0.430659
v -0.000000 -11.873519 0.466142
v -0.178385 -11.873519 0.430659
v -0.329613 -11.873519 0.329612
v -0.430658 -11.873519 0.178385
v -0.466143 -11.873519 -0.000000
v -0.430658 -11.873519 -0.178386
v -0.329613 -11.873519 -0.329613
v -0.178385 -11.873519 -0.430660
v -0.000000 -11.616727 -0.561482
v -0.000000 -10.251036 -0.430944
v 0.214870 -11.616727 -0.518742
v 0.164913 -10.251036 -0.398140
v 0.397026 -11.616727 -0.397028
v 0.304722 -10.251036 -0.304724
v 0.518742 -11.616727 -0.214870
v 0.398140 -10.251036 -0.164915
v 0.561481 -11.616727 -0.000000
v 0.430942 -10.251036 -0.000000
v 0.518742 -11.616727 0.214870
v 0.398140 -10.251036 0.164915
v 0.397026 -11.616727 0.397027
v 0.304722 -10.251036 0.304723
v 0.214870 -11.616727 0.518741
v 0.164913 -10.251036 0.398140
v -0.000000 -11.616727 0.561482
v -0.000000 -10.251036 0.430944
v -0.214871 -11.616727 0.518741
v -0.164915 -10.251036 0.398140
v -0.397028 -11.616727 0.397027
v -0.304724 -10.251036 0.304723
v -0.518742 -11.616727 0.214870
v -0.398140 -10.251036 0.164915
v -0.561482 -11.616727 -0.000000
v -0.430945 -10.251036 -0.000000
v -0.518742 -11.616727 -0.214870
v -0.398140 -10.251036 -0.164915
v -0.397028 -11.616727 -0.397028
v -0.304724 -10.251036 -0.304724
v -0.214871 -11.616727 -0.518742
v -0.164915 -10.251036 -0.398140
v -0.000000 -10.395454 -0.561482
v 0.214870 -10.395454 -0.518742
v 0.397026 -10.395454 -0.397028
v 0.518742 -10.395454 -0.214870
v 0.561481 -10.395454 -0.000000
v 0.518742 -10.395454 0.214870
v 0.397026 -10.395454 0.397027
v 0.214870 -10.395454 0.518741
v -0.000000 -10.395454 0.561482
v -0.214871 -10.395454 0.518741
v -0.397028 -10.395454 0.397027
v -0.518742 -10.395454 0.214870
v -0.561482 -10.395454 -0.000000
v -0.518742 -10.395454 -0.214870
v -0.397028 -10.395454 -0.397028
v -0.214871 -10.395454 -0.518742
v 0.199173 -10.315206 -0.480841
v -0.000000 -10.315206 -0.520459
v 0.368023 -10.315206 -0.368020
v 0.480843 -10.315206 -0.199171
v 0.520458 -10.315206 -0.000000
v 0.480843 -10.315206 0.199170
v 0.368023 -10.315206 0.368019
v 0.199173 -10.315206 0.480841
v -0.000000 -10.315206 0.520458
v -0.199169 -10.315206 0.480841
v -0.368019 -10.315206 0.368019
v -0.480841 -10.315206 0.199170
v -0.520458 -10.315206 -0.000000
v -0.480841 -10.315206 -0.199171
v -0.368019 -10.315206 -0.368020
v -0.199169 -10.315206 -0.480841
v 0.214870 -11.506381 -0.518742
v 0.397026 -11.506381 -0.397028
v 0.518742 -11.506381 -0.214870
v 0.561481 -11.506381 -0.000000
v 0.518742 -11.506381 0.214870
v 0.397026 -11.506381 0.397027
v 0.214870 -11.506381 0.518741
v -0.000000 -11.506381 0.561482
v -0.214871 -11.506381 0.518741
v -0.397028 -11.506381 0.397027
v -0.518742 -11.506381 0.214870
v -0.561482 -11.506381 -0.000000
v -0.518742 -11.506381 -0.214870
v -0.397028 -11.506381 -0.397028
v -0.214871 -11.506381 -0.518742
v -0.000000 -11.506381 -0.561482
v 0.265938 -9.084746 -0.000000
v 0.250362 -9.084746 0.060776
v 0.212753 -9.084746 0.085950
v 0.175140 -9.084746 0.060776
v 0.159565 -9.084746 -0.000000
v 0.175140 -9.084746 -0.060776
v 0.212753 -9.084746 -0.085951
v 0.250362 -9.084746 -0.060776
v 0.256878 -8.973518 -0.000000
v 0.241829 -8.980034 0.060776
v 0.205501 -8.995764 0.085950
v 0.169174 -9.011494 0.060776
v 0.154125 -9.018009 -0.000000
v 0.169174 -9.011494 -0.060776
v 0.205501 -8.995764 -0.085951
v 0.241829 -8.980034 -0.060776
v 0.230308 -8.869870 -0.000000
v 0.216820 -8.882458 0.060776
v 0.184250 -8.912846 0.085950
v 0.151676 -8.943233 0.060776
v 0.138187 -8.955821 -0.000000
v 0.151676 -8.943233 -0.060776
v 0.184250 -8.912846 -0.085951
v 0.216820 -8.882458 -0.060776
v 0.188049 -8.780866 -0.000000
v 0.177032 -8.798666 0.060776
v 0.150436 -8.841642 0.085950
v 0.123844 -8.884617 0.060776
v 0.112827 -8.902418 -0.000000
v 0.123844 -8.884617 -0.060776
v 0.150436 -8.841642 -0.085951
v 0.177032 -8.798666 -0.060776
v 0.132969 -8.712570 -0.000000
v 0.125179 -8.734371 0.060776
v 0.106377 -8.787005 0.085950
v 0.087570 -8.839639 0.060776
v 0.079780 -8.861441 -0.000000
v 0.087570 -8.839639 -0.060776
v 0.106377 -8.787005 -0.085951
v 0.125179 -8.734371 -0.060776
v 0.068829 -8.669638 -0.000000
v 0.064796 -8.693954 0.060776
v 0.055065 -8.752659 0.085950
v 0.045330 -8.811365 0.060776
v 0.041298 -8.835681 -0.000000
v 0.045330 -8.811365 -0.060776
v 0.055065 -8.752659 -0.085951
v 0.064796 -8.693954 -0.060776
v -0.000000 -8.654994 -0.000000
v -0.000000 -8.680168 0.060776
v -0.000000 -8.740945 0.085950
v -0.000000 -8.801721 0.060776
v -0.000000 -8.826895 -0.000000
v -0.000000 -8.801721 -0.060776
v -0.000000 -8.740945 -0.085951
v -0.000000 -8.680168 -0.060776
v -0.068829 -8.669638 -0.000000
v -0.064797 -8.693954 0.060776
v -0.055065 -8.752659 0.085950
v -0.045330 -8.811365 0.060776
v -0.041298 -8.835681 -0.000000
v -0.045330 -8.811365 -0.060776
v -0.055065 -8.752659 -0.085951
v -0.064797 -8.693954 -0.060776
v -0.132969 -8.712570 -0.000000
v -0.125179 -8.734371 0.060776
v -0.106377 -8.787005 0.085950
v -0.087570 -8.839639 0.060776
v -0.079781 -8.861441 -0.000000
v -0.087570 -8.839639 -0.060776
v -0.106377 -8.787005 -0.085951
v -0.125179 -8.734371 -0.060776
v -0.188047 -8.780866 -0.000000
v -0.177033 -8.798667 0.060776
v -0.150438 -8.841642 0.085950
v -0.123844 -8.884617 0.060776
v -0.112827 -8.902418 -0.000000
v -0.123844 -8.884617 -0.060776
v -0.150438 -8.841642 -0.085951
v -0.177033 -8.798667 -0.060776
v -0.230311 -8.869870 -0.000000
v -0.216820 -8.882458 0.060776
v -0.184248 -8.912846 0.085950
v -0.151678 -8.943233 0.060776
v -0.138187 -8.955821 -0.000000
v -0.151678 -8.943233 -0.060776
v -0.184248 -8.912846 -0.085951
v -0.216820 -8.882458 -0.060776
v -0.256878 -8.973518 -0.000000
v -0.241831 -8.980034 0.060776
v -0.205502 -8.995764 0.085950
v -0.169174 -9.011494 0.060776
v -0.154127 -9.018009 -0.000000
v -0.169174 -9.011494 -0.060776
v -0.205502 -8.995764 -0.085951
v -0.241831 -8.980034 -0.060776
v -0.265940 -9.084746 -0.000000
v -0.250361 -9.084746 0.060776
v -0.212751 -9.084746 0.085950
v -0.175142 -9.084746 0.060776
v -0.159563 -9.084746 -0.000000
v -0.175142 -9.084746 -0.060776
v -0.212751 -9.084746 -0.085951
v -0.250361 -9.084746 -0.060776
v -0.256878 -9.195974 -0.000000
v -0.241831 -9.189459 0.060776
v -0.205502 -9.173729 0.085950
v -0.169174 -9.157999 0.060776
v -0.154127 -9.151484 -0.000000
v -0.169174 -9.157999 -0.060776
v -0.205502 -9.173729 -0.085951
v -0.241831 -9.189459 -0.060776
v -0.230311 -9.299623 -0.000000
v -0.216820 -9.287036 0.060776
v -0.184248 -9.256647 0.085950
v -0.151678 -9.226259 0.060776
v -0.138187 -9.213673 -0.000000
v -0.151678 -9.226259 -0.060776
v -0.184248 -9.256647 -0.085951
v -0.216820 -9.287036 -0.060776
v -0.188047 -9.388628 -0.000000
v -0.177033 -9.370827 0.060776
v -0.150438 -9.327851 0.085950
v -0.123844 -9.284876 0.060776
v -0.112827 -9.267075 -0.000000
v -0.123844 -9.284876 -0.060776
v -0.150438 -9.327851 -0.085951
v -0.177033 -9.370827 -0.060776
v -0.132969 -9.456923 -0.000000
v -0.125179 -9.435122 0.060776
v -0.106377 -9.382488 0.085950
v -0.087570 -9.329854 0.060776
v -0.079781 -9.308052 -0.000000
v -0.087570 -9.329854 -0.060776
v -0.106377 -9.382488 -0.085951
v -0.125179 -9.435122 -0.060776
v -0.068829 -9.499856 -0.000000
v -0.064797 -9.475539 0.060776
v -0.055065 -9.416834 0.085950
v -0.045330 -9.358129 0.060776
v -0.041298 -9.333812 -0.000000
v -0.045330 -9.358129 -0.060776
v -0.055065 -9.416834 -0.085951
v -0.064797 -9.475539 -0.060776
v -0.000000 -9.514500 -0.000000
v -0.000000 -9.489325 0.060776
v -0.000000 -9.428549 0.085950
v -0.000000 -9.367772 0.060776
v -0.000000 -9.342598 -0.000000
v -0.000000 -9.367772 -0.060776
v -0.000000 -9.428549 -0.085951
v -0.000000 -9.489325 -0.060776
v 0.068829 -9.499856 -0.000000
v 0.064796 -9.475539 0.060776
v 0.055065 -9.416834 0.085950
v 0.045330 -9.358129 0.060776
v 0.041298 -9.333812 -0.000000
v 0.045330 -9.358129 -0.060776
v 0.055065 -9.416834 -0.085951
v 0.064796 -9.475539 -0.060776
v 0.132969 -9.456923 -0.000000
v 0.125179 -9.435122 0.060776
v 0.106377 -9.382488 0.085950
v 0.087570 -9.329854 0.060776
v 0.079780 -9.308052 -0.000000
v 0.087570 -9.329854 -0.060776
v 0.106377 -9.382488 -0.085951
v 0.125179 -9.435122 -0.060776
v 0.188049 -9.388628 -0.000000
v 0.177032 -9.370827 0.060776
v 0.150436 -9.327851 0.085950
v 0.123844 -9.284876 0.060776
v 0.112827 -9.267076 -0.000000
v 0.123844 -9.284876 -0.060776
v 0.150436 -9.327851 -0.085951
v 0.177032 -9.370827 -0.060776
v 0.230308 -9.299623 -0.000000
v 0.216820 -9.287036 0.060776
v 0.184250 -9.256647 0.085950
v 0.151676 -9.226259 0.060776
v 0.138187 -9.213673 -0.000000
v 0.151676 -9.226259 -0.060776
v 0.184250 -9.256647 -0.085951
v 0.216820 -9.287036 -0.060776
v 0.256878 -9.195974 -0.000000
v 0.241829 -9.189459 0.060776
v 0.205501 -9.173729 0.085950
v 0.169174 -9.157999 0.060776
v 0.154125 -9.151484 -0.000000
v 0.169174 -9.157999 -0.060776
v 0.205501 -9.173729 -0.085951
v 0.241829 -9.189459 -0.060776
v -0.000000 -9.599794 -0.265940
v 0.060776 -9.599794 -0.250362
v 0.085949 -9.599794 -0.212752
v 0.060776 -9.599794 -0.175143
v -0.000000 -9.599794 -0.159564
v -0.060776 -9.599794 -0.175143
v -0.085949 -9.599794 -0.212752
v -0.060776 -9.599794 -0.250362
v -0.000000 -9.488566 -0.256878
v 0.060776 -9.495082 -0.241831
v 0.085949 -9.510813 -0.205503
v 0.060776 -9.526543 -0.169175
v -0.000000 -9.533058 -0.154127
v -0.060776 -9.526543 -0.169175
v -0.085949 -9.510813 -0.205503
v -0.060776 -9.495082 -0.241831
v -0.000000 -9.384918 -0.230311
v 0.060776 -9.397506 -0.216820
v 0.085949 -9.427894 -0.184249
v 0.060776 -9.458282 -0.151678
v -0.000000 -9.470869 -0.138187
v -0.060776 -9.458282 -0.151678
v -0.085949 -9.427894 -0.184249
v -0.060776 -9.397506 -0.216820
v -0.000000 -9.295914 -0.188048
v 0.060776 -9.313715 -0.177033
v 0.085949 -9.356689 -0.150439
v 0.060776 -9.399665 -0.123845
v -0.000000 -9.417466 -0.112829
v -0.060776 -9.399665 -0.123845
v -0.085949 -9.356689 -0.150439
v -0.060776 -9.313715 -0.177033
v -0.000000 -9.227618 -0.132970
v 0.060776 -9.249420 -0.125181
v 0.085949 -9.302053 -0.106376
v 0.060776 -9.354687 -0.087571
v -0.000000 -9.376489 -0.079782
v -0.060776 -9.354687 -0.087571
v -0.085949 -9.302053 -0.106376
v -0.060776 -9.249420 -0.125181
v -0.000000 -9.184686 -0.068831
v 0.060776 -9.209002 -0.064799
v 0.085949 -9.267708 -0.055065
v 0.060776 -9.326412 -0.045331
v -0.000000 -9.350729 -0.041299
v -0.060776 -9.326412 -0.045331
v -0.085949 -9.267708 -0.055065
v -0.060776 -9.209002 -0.064799
v -0.000000 -9.170042 -0.000001
v 0.060776 -9.195216 -0.000001
v 0.085949 -9.255993 -0.000001
v 0.060776 -9.316769 -0.000001
v -0.000000 -9.341944 -0.000001
v -0.060776 -9.316769 -0.000001
v -0.085949 -9.255993 -0.000001
v -0.060776 -9.195216 -0.000001
v -0.000000 -9.184686 0.068830
v 0.060776 -9.209002 0.064798
v 0.085949 -9.267708 0.055063
v 0.060776 -9.326412 0.045329
v -0.000000 -9.350729 0.041298
v -0.060776 -9.326412 0.045329
v -0.085949 -9.267708 0.055063
v -0.060776 -9.209002 0.064798
v -0.000000 -9.227618 0.132969
v 0.060776 -9.249420 0.125180
v 0.085949 -9.302053 0.106375
v 0.060776 -9.354687 0.087570
v -0.000000 -9.376489 0.079781
v -0.060776 -9.354687 0.087570
v -0.085949 -9.302053 0.106375
v -0.060776 -9.249420 0.125180
v -0.000000 -9.295914 0.188047
v 0.060776 -9.313715 0.177031
v 0.085949 -9.356689 0.150438
v 0.060776 -9.399666 0.123843
v -0.000000 -9.417466 0.112828
v -0.060776 -9.399666 0.123843
v -0.085949 -9.356689 0.150438
v -0.060776 -9.313715 0.177031
v -0.000000 -9.384918 0.230310
v 0.060776 -9.397506 0.216819
v 0.085949 -9.427894 0.184248
v 0.060776 -9.458282 0.151677
v -0.000000 -9.470869 0.138186
v -0.060776 -9.458282 0.151677
v -0.085949 -9.427894 0.184248
v -0.060776 -9.397506 0.216819
v -0.000000 -9.488566 0.256877
v 0.060776 -9.495082 0.241830
v 0.085949 -9.510813 0.205502
v 0.060776 -9.526543 0.169173
v -0.000000 -9.533058 0.154126
v -0.060776 -9.526543 0.169173
v -0.085949 -9.510813 0.205502
v -0.060776 -9.495082 0.241830
v -0.000000 -9.599794 0.265939
v 0.060776 -9.599794 0.250360
v 0.085949 -9.599794 0.212751
v 0.060776 -9.599794 0.175142
v -0.000000 -9.599794 0.159563
v -0.060776 -9.599794 0.175142
v -0.085949 -9.599794 0.212751
v -0.060776 -9.599794 0.250360
v -0.000000 -9.711023 0.256877
v 0.060776 -9.704507 0.241830
v 0.085949 -9.688777 0.205502
v 0.060776 -9.673047 0.169173
v -0.000000 -9.666532 0.154126
v -0.060776 -9.673047 0.169173
v -0.085949 -9.688777 0.205502
v -0.060776 -9.704507 0.241830
v -0.000000 -9.814671 0.230310
v 0.060776 -9.802084 0.216819
v 0.085949 -9.771696 0.184248
v 0.060776 -9.741307 0.151677
v -0.000000 -9.728721 0.138186
v -0.060776 -9.741307 0.151677
v -0.085949 -9.771696 0.184248
v -0.060776 -9.802084 0.216819
v -0.000000 -9.903675 0.188047
v 0.060776 -9.885875 0.177031
v 0.085949 -9.842899 0.150438
v 0.060776 -9.799924 0.123843
v -0.000000 -9.782124 0.112828
v -0.060776 -9.799924 0.123843
v -0.085949 -9.842899 0.150438
v -0.060776 -9.885875 0.177031
v -0.000000 -9.971972 0.132969
v 0.060776 -9.950170 0.125180
v 0.085949 -9.897536 0.106375
v 0.060776 -9.844902 0.087570
v -0.000000 -9.823101 0.079781
v -0.060776 -9.844902 0.087570
v -0.085949 -9.897536 0.106375
v -0.060776 -9.950170 0.125180
v -0.000000 -10.014904 0.068830
v 0.060776 -9.990587 0.064798
v 0.085949 -9.931882 0.055063
v 0.060776 -9.873177 0.045329
v -0.000000 -9.848860 0.041298
v -0.060776 -9.873177 0.045329
v -0.085949 -9.931882 0.055063
v -0.060776 -9.990587 0.064798
v -0.000000 -10.029547 -0.000001
v 0.060776 -10.004373 -0.000001
v 0.085949 -9.943597 -0.000001
v 0.060776 -9.882820 -0.000001
v -0.000000 -9.857646 -0.000001
v -0.060776 -9.882820 -0.000001
v -0.085949 -9.943597 -0.000001
v -0.060776 -10.004373 -0.000001
v -0.000000 -10.014904 -0.068831
v 0.060776 -9.990587 -0.064799
v 0.085949 -9.931882 -0.055064
v 0.060776 -9.873177 -0.045331
v -0.000000 -9.848860 -0.041299
v -0.060776 -9.873177 -0.045331
v -0.085949 -9.931882 -0.055064
v -0.060776 -9.990587 -0.064799
v -0.000000 -9.971972 -0.132970
v 0.060776 -9.950170 -0.125181
v 0.085949 -9.897536 -0.106376
v 0.060776 -9.844902 -0.087571
v -0.000000 -9.823101 -0.079782
v -0.060776 -9.844902 -0.087571
v -0.085949 -9.897536 -0.106376
v -0.060776 -9.950170 -0.125181
v -0.000000 -9.903676 -0.188048
v 0.060776 -9.885875 -0.177032
v 0.085949 -9.842899 -0.150439
v 0.060776 -9.799925 -0.123844
v -0.000000 -9.782124 -0.112829
v -0.060776 -9.799925 -0.123844
v -0.085949 -9.842899 -0.150439
v -0.060776 -9.885875 -0.177032
v -0.000000 -9.814671 -0.230311
v 0.060776 -9.802084 -0.216820
v 0.085949 -9.771696 -0.184249
v 0.060776 -9.741308 -0.151678
v -0.000000 -9.728721 -0.138187
v -0.060776 -9.741308 -0.151678
v -0.085949 -9.771696 -0.184249
v -0.060776 -9.802084 -0.216820
v -0.000000 -9.711022 -0.256878
v 0.060776 -9.704507 -0.241831
v 0.085949 -9.688777 -0.205503
v 0.060776 -9.673047 -0.169175
v -0.000000 -9.666532 -0.154127
v -0.060776 -9.673047 -0.169175
v -0.085949 -9.688777 -0.205503
v -0.060776 -9.704507 -0.241831
v 0.265938 -8.044210 -0.000000
v 0.250362 -8.044210 0.060776
v 0.212753 -8.044210 0.085950
v 0.175140 -8.044210 0.060776
v 0.159565 -8.044210 -0.000000
v 0.175140 -8.044210 -0.060776
v 0.212753 -8.044210 -0.085951
v 0.250362 -8.044210 -0.060776
v 0.256878 -7.932981 -0.000000
v 0.241829 -7.939497 0.060776
v 0.205501 -7.955227 0.085950
v 0.169174 -7.970957 0.060776
v 0.154125 -7.977473 -0.000000
v 0.169174 -7.970957 -0.060776
v 0.205501 -7.955227 -0.085951
v 0.241829 -7.939497 -0.060776
v 0.230308 -7.829333 -0.000000
v 0.216820 -7.841921 0.060776
v 0.184250 -7.872309 0.085950
v 0.151676 -7.902697 0.060776
v 0.138187 -7.915284 -0.000000
v 0.151676 -7.902697 -0.060776
v 0.184250 -7.872309 -0.085951
v 0.216820 -7.841921 -0.060776
v 0.188049 -7.740329 -0.000000
v 0.177032 -7.758130 0.060776
v 0.150436 -7.801105 0.085950
v 0.123844 -7.844080 0.060776
v 0.112827 -7.861881 -0.000000
v 0.123844 -7.844080 -0.060776
v 0.150436 -7.801105 -0.085951
v 0.177032 -7.758130 -0.060776
v 0.132969 -7.672033 -0.000000
v 0.125179 -7.693835 0.060776
v 0.106377 -7.746469 0.085950
v 0.087570 -7.799102 0.060776
v 0.079780 -7.820904 -0.000000
v 0.087570 -7.799102 -0.060776
v 0.106377 -7.746469 -0.085951
v 0.125179 -7.693835 -0.060776
v 0.068829 -7.629101 -0.000000
v 0.064796 -7.653418 0.060776
v 0.055065 -7.712122 0.085950
v 0.045330 -7.770828 0.060776
v 0.041298 -7.795145 -0.000000
v 0.045330 -7.770828 -0.060776
v 0.055065 -7.712122 -0.085951
v 0.064796 -7.653418 -0.060776
v -0.000000 -7.614457 -0.000000
v -0.000000 -7.639632 0.060776
v -0.000000 -7.700408 0.085950
v -0.000000 -7.761184 0.060776
v -0.000000 -7.786358 -0.000000
v -0.000000 -7.761184 -0.060776
v -0.000000 -7.700408 -0.085951
v -0.000000 -7.639632 -0.060776
v -0.068829 -7.629101 -0.000000
v -0.064797 -7.653418 0.060776
v -0.055065 -7.712122 0.085950
v -0.045330 -7.770828 0.060776
v -0.041298 -7.795145 -0.000000
v -0.045330 -7.770828 -0.060776
v -0.055065 -7.712122 -0.085951
v -0.064797 -7.653418 -0.060776
v -0.132969 -7.672033 -0.000000
v -0.125179 -7.693835 0.060776
v -0.106377 -7.746469 0.085950
v -0.087570 -7.799102 0.060776
v -0.079781 -7.820904 -0.000000
v -0.087570 -7.799102 -0.060776
v -0.106377 -7.746469 -0.085951
v -0.125179 -7.693835 -0.060776
v -0.188047 -7.740329 -0.000000
v -0.177033 -7.758130 0.060776
v -0.150438 -7.801105 0.085950
v -0.123844 -7.844080 0.060776
v -0.112827 -7.861881 -0.000000
v -0.123844 -7.844080 -0.060776
v -0.150438 -7.801105 -0.085951
v -0.177033 -7.758130 -0.060776
v -0.230311 -7.829333 -0.000000
v -0.216820 -7.841921 0.060776
v -0.184248 -7.872309 0.085950
v -0.151678 -7.902697 0.060776
v -0.138187 -7.915284 -0.000000
v -0.151678 -7.902697 -0.060776
v -0.184248 -7.872309 -0.085951
v -0.216820 -7.841921 -0.060776
v -0.256878 -7.932981 -0.000000
v -0.241831 -7.939497 0.060776
v -0.205502 -7.955227 0.085950
v -0.169174 -7.970957 0.060776
v -0.154127 -7.977473 -0.000000
v -0.169174 -7.970957 -0.060776
v -0.205502 -7.955227 -0.085951
v -0.241831 -7.939497 -0.060776
v -0.265940 -8.044210 -0.000000
v -0.250361 -8.044210 0.060776
v -0.212751 -8.044210 0.085950
v -0.175142 -8.044210 0.060776
v -0.159563 -8.044210 -0.000000
v -0.175142 -8.044210 -0.060776
v -0.212751 -8.044210 -0.085951
v -0.250361 -8.044210 -0.060776
v -0.256878 -8.155437 -0.000000
v -0.241831 -8.148922 0.060776
v -0.205502 -8.133192 0.085950
v -0.169174 -8.117462 0.060776
v -0.154127 -8.110947 -0.000000
v -0.169174 -8.117462 -0.060776
v -0.205502 -8.133192 -0.085951
v -0.241831 -8.148922 -0.060776
v -0.230311 -8.259087 -0.000000
v -0.216820 -8.246499 0.060776
v -0.184248 -8.216110 0.085950
v -0.151678 -8.185722 0.060776
v -0.138187 -8.173136 -0.000000
v -0.151678 -8.185722 -0.060776
v -0.184248 -8.216110 -0.085951
v -0.216820 -8.246499 -0.060776
v -0.188047 -8.348091 -0.000000
v -0.177033 -8.330290 0.060776
v -0.150438 -8.287314 0.085950
v -0.123844 -8.244339 0.060776
v -0.112827 -8.226539 -0.000000
v -0.123844 -8.244339 -0.060776
v -0.150438 -8.287314 -0.085951
v -0.177033 -8.330290 -0.060776
v -0.132969 -8.416387 -0.000000
v -0.125179 -8.394585 0.060776
v -0.106377 -8.341951 0.085950
v -0.087570 -8.289318 0.060776
v -0.079781 -8.267516 -0.000000
v -0.087570 -8.289318 -0.060776
v -0.106377 -8.341951 -0.085951
v -0.125179 -8.394585 -0.060776
v -0.068829 -8.459319 -0.000000
v -0.064797 -8.435002 0.060776
v -0.055065 -8.376297 0.085950
v -0.045330 -8.317592 0.060776
v -0.041298 -8.293276 -0.000000
v -0.045330 -8.317592 -0.060776
v -0.055065 -8.376297 -0.085951
v -0.064797 -8.435002 -0.060776
v -0.000000 -8.473963 -0.000000
v -0.000000 -8.448788 0.060776
v -0.000000 -8.388012 0.085950
v -0.000000 -8.327236 0.060776
v -0.000000 -8.302061 -0.000000
v -0.000000 -8.327236 -0.060776
v -0.000000 -8.388012 -0.085951
v -0.000000 -8.448788 -0.060776
v 0.068829 -8.459319 -0.000000
v 0.064796 -8.435002 0.060776
v 0.055065 -8.376297 0.085950
v 0.045330 -8.317592 0.060776
v 0.041298 -8.293276 -0.000000
v 0.045330 -8.317592 -0.060776
v 0.055065 -8.376297 -0.085951
v 0.064796 -8.435002 -0.060776
v 0.132969 -8.416387 -0.000000
v 0.125179 -8.394585 0.060776
v 0.106377 -8.341951 0.085950
v 0.087570 -8.289318 0.060776
v 0.079780 -8.267516 -0.000000
v 0.087570 -8.289318 -0.060776
v 0.106377 -8.341951 -0.085951
v 0.125179 -8.394585 -0.060776
v 0.188049 -8.348091 -0.000000
v 0.177032 -8.330290 0.060776
v 0.150436 -8.287315 0.085950
v 0.123844 -8.244339 0.060776
v 0.112827 -8.226539 -0.000000
v 0.123844 -8.244339 -0.060776
v 0.150436 -8.287315 -0.085951
v 0.177032 -8.330290 -0.060776
v 0.230308 -8.259087 -0.000000
v 0.216820 -8.246499 0.060776
v 0.184250 -8.216111 0.085950
v 0.151676 -8.185722 0.060776
v 0.138187 -8.173136 -0.000000
v 0.151676 -8.185722 -0.060776
v 0.184250 -8.216111 -0.085951
v 0.216820 -8.246499 -0.060776
v 0.256878 -8.155437 -0.000000
v 0.241829 -8.148922 0.060776
v 0.205501 -8.133192 0.085950
v 0.169174 -8.117462 0.060776
v 0.154125 -8.110947 -0.000000
v 0.169174 -8.117462 -0.060776
v 0.205501 -8.133192 -0.085951
v 0.241829 -8.148922 -0.060776
v -0.000000 -8.559258 -0.265940
v 0.060776 -8.559258 -0.250362
v 0.085949 -8.559258 -0.212752
v 0.060776 -8.559258 -0.175143
v -0.000000 -8.559258 -0.159564
v -0.060776 -8.559258 -0.175143
v -0.085949 -8.559258 -0.212752
v -0.060776 -8.559258 -0.250362
v -0.000000 -8.448030 -0.256878
v 0.060776 -8.454546 -0.241831
v 0.085949 -8.470276 -0.205503
v 0.060776 -8.486006 -0.169175
v -0.000000 -8.492521 -0.154127
v -0.060776 -8.486006 -0.169175
v -0.085949 -8.470276 -0.205503
v -0.060776 -8.454546 -0.241831
v -0.000000 -8.344381 -0.230311
v 0.060776 -8.356969 -0.216820
v 0.085949 -8.387357 -0.184249
v 0.060776 -8.417746 -0.151678
v -0.000000 -8.430332 -0.138187
v -0.060776 -8.417746 -0.151678
v -0.085949 -8.387357 -0.184249
v -0.060776 -8.356969 -0.216820
v -0.000000 -8.255377 -0.188048
v 0.060776 -8.273178 -0.177032
v 0.085949 -8.316154 -0.150439
v 0.060776 -8.359129 -0.123844
v -0.000000 -8.376929 -0.112829
v -0.060776 -8.359129 -0.123844
v -0.085949 -8.316154 -0.150439
v -0.060776 -8.273178 -0.177032
v -0.000000 -8.187081 -0.132970
v 0.060776 -8.208883 -0.125181
v 0.085949 -8.261517 -0.106376
v 0.060776 -8.314150 -0.087571
v -0.000000 -8.335952 -0.079782
v -0.060776 -8.314150 -0.087571
v -0.085949 -8.261517 -0.106376
v -0.060776 -8.208883 -0.125181
v -0.000000 -8.144149 -0.068831
v 0.060776 -8.168466 -0.064799
v 0.085949 -8.227171 -0.055065
v 0.060776 -8.285876 -0.045331
v -0.000000 -8.310192 -0.041299
v -0.060776 -8.285876 -0.045331
v -0.085949 -8.227171 -0.055065
v -0.060776 -8.168466 -0.064799
v -0.000000 -8.129505 -0.000001
v 0.060776 -8.154680 -0.000001
v 0.085949 -8.215456 -0.000001
v 0.060776 -8.276232 -0.000001
v -0.000000 -8.301407 -0.000001
v -0.060776 -8.276232 -0.000001
v -0.085949 -8.215456 -0.000001
v -0.060776 -8.154680 -0.000001
v -0.000000 -8.144149 0.068830
v 0.060776 -8.168466 0.064798
v 0.085949 -8.227171 0.055063
v 0.060776 -8.285876 0.045329
v -0.000000 -8.310192 0.041298
v -0.060776 -8.285876 0.045329
v -0.085949 -8.227171 0.055063
v -0.060776 -8.168466 0.064798
v -0.000000 -8.187081 0.132969
v 0.060776 -8.208883 0.125180
v 0.085949 -8.261517 0.106375
v 0.060776 -8.314150 0.087570
v -0.000000 -8.335952 0.079781
v -0.060776 -8.314150 0.087570
v -0.085949 -8.261517 0.106375
v -0.060776 -8.208883 0.125180
v -0.000000 -8.255377 0.188047
v 0.060776 -8.273178 0.177031
v 0.085949 -8.316154 0.150438
v 0.060776 -8.359129 0.123843
v -0.000000 -8.376929 0.112828
v -0.060776 -8.359129 0.123843
v -0.085949 -8.316154 0.150438
v -0.060776 -8.273178 0.177031
v -0.000000 -8.344381 0.230310
v 0.060776 -8.356969 0.216819
v 0.085949 -8.387357 0.184248
v 0.060776 -8.417746 0.151677
v -0.000000 -8.430332 0.138186
v -0.060776 -8.417746 0.151677
v -0.085949 -8.387357 0.184248
v -0.060776 -8.356969 0.216819
v -0.000000 -8.448030 0.256877
v 0.060776 -8.454546 0.241830
v 0.085949 -8.470276 0.205502
v 0.060776 -8.486006 0.169173
v -0.000000 -8.492521 0.154126
v -0.060776 -8.486006 0.169173
v -0.085949 -8.470276 0.205502
v -0.060776 -8.454546 0.241830
v -0.000000 -8.559258 0.265939
v 0.060776 -8.559258 0.250360
v 0.085949 -8.559258 0.212751
v 0.060776 -8.559258 0.175142
v -0.000000 -8.559258 0.159563
v -0.060776 -8.559258 0.175142
v -0.085949 -8.559258 0.212751
v -0.060776 -8.559258 0.250360
v -0.000000 -8.670486 0.256877
v 0.060776 -8.663971 0.241830
v 0.085949 -8.648240 0.205502
v 0.060776 -8.632510 0.169173
v -0.000000 -8.625995 0.154126
v -0.060776 -8.632510 0.169173
v -0.085949 -8.648240 0.205502
v -0.060776 -8.663971 0.241830
v -0.000000 -8.774134 0.230310
v 0.060776 -8.761547 0.216819
v 0.085949 -8.731159 0.184248
v 0.060776 -8.700771 0.151677
v -0.000000 -8.688184 0.138186
v -0.060776 -8.700771 0.151677
v -0.085949 -8.731159 0.184248
v -0.060776 -8.761547 0.216819
v -0.000000 -8.863139 0.188047
v 0.060776 -8.845338 0.177031
v 0.085949 -8.802362 0.150438
v 0.060776 -8.759388 0.123843
v -0.000000 -8.741587 0.112828
v -0.060776 -8.759388 0.123843
v -0.085949 -8.802362 0.150438
v -0.060776 -8.845338 0.177031
v -0.000000 -8.931435 0.132969
v 0.060776 -8.909633 0.125180
v 0.085949 -8.856999 0.106375
v 0.060776 -8.804365 0.087570
v -0.000000 -8.782564 0.079781
v -0.060776 -8.804365 0.087570
v -0.085949 -8.856999 0.106375
v -0.060776 -8.909633 0.125180
v -0.000000 -8.974367 0.068830
v 0.060776 -8.950050 0.064798
v 0.085949 -8.891345 0.055063
v 0.060776 -8.832640 0.045330
v -0.000000 -8.808323 0.041298
v -0.060776 -8.832640 0.045330
v -0.085949 -8.891345 0.055063
v -0.060776 -8.950050 0.064798
v -0.000000 -8.989011 -0.000001
v 0.060776 -8.963837 -0.000001
v 0.085949 -8.903060 -0.000001
v 0.060776 -8.842283 -0.000001
v -0.000000 -8.817110 -0.000001
v -0.060776 -8.842283 -0.000001
v -0.085949 -8.903060 -0.000001
v -0.060776 -8.963837 -0.000001
v -0.000000 -8.974367 -0.068831
v 0.060776 -8.950050 -0.064799
v 0.085949 -8.891345 -0.055064
v 0.060776 -8.832640 -0.045331
v -0.000000 -8.808323 -0.041299
v -0.060776 -8.832640 -0.045331
v -0.085949 -8.891345 -0.055064
v -0.060776 -8.950050 -0.064799
v -0.000000 -8.931435 -0.132970
v 0.060776 -8.909633 -0.125181
v 0.085949 -8.856999 -0.106376
v 0.060776 -8.804365 -0.087571
v -0.000000 -8.782564 -0.079782
v -0.060776 -8.804365 -0.087571
v -0.085949 -8.856999 -0.106376
v -0.060776 -8.909633 -0.125181
v -0.000000 -8.863139 -0.188048
v 0.060776 -8.845338 -0.177032
v 0.085949 -8.802362 -0.150439
v 0.060776 -8.759388 -0.123844
v -0.000000 -8.741587 -0.112829
v -0.060776 -8.759388 -0.123844
v -0.085949 -8.802362 -0.150439
v -0.060776 -8.845338 -0.177032
v -0.000000 -8.774135 -0.230311
v 0.060776 -8.761547 -0.216820
v 0.085949 -8.731159 -0.184249
v 0.060776 -8.700771 -0.151678
v -0.000000 -8.688184 -0.138187
v -0.060776 -8.700771 -0.151678
v -0.085949 -8.731159 -0.184249
v -0.060776 -8.761547 -0.216820
v -0.000000 -8.670486 -0.256878
v 0.060776 -8.663971 -0.241831
v 0.085949 -8.648240 -0.205503
v 0.060776 -8.632510 -0.169175
v -0.000000 -8.625995 -0.154127
v -0.060776 -8.632510 -0.169175
v -0.085949 -8.648240 -0.205503
v -0.060776 -8.663971 -0.241831
v 0.265938 -7.003674 -0.000000
v 0.250362 -7.003674 0.060776
v 0.212753 -7.003674 0.085950
v 0.175140 -7.003674 0.060776
v 0.159565 -7.003674 -0.000000
v 0.175140 -7.003674 -0.060776
v 0.212753 -7.003674 -0.085951
v 0.250362 -7.003674 -0.060776
v 0.256878 -6.892445 -0.000000
v 0.241829 -6.898961 0.060776
v 0.205501 -6.914691 0.085950
v 0.169174 -6.930421 0.060776
v 0.154125 -6.936936 -0.000000
v 0.169174 -6.930421 -0.060776
v 0.205501 -6.914691 -0.085951
v 0.241829 -6.898961 -0.060776
v 0.230308 -6.788797 -0.000000
v 0.216820 -6.801384 0.060776
v 0.184250 -6.831772 0.085950
v 0.151676 -6.862161 0.060776
v 0.138187 -6.874747 -0.000000
v 0.151676 -6.862161 -0.060776
v 0.184250 -6.831772 -0.085951
v 0.216820 -6.801384 -0.060776
v 0.188049 -6.699792 -0.000000
v 0.177032 -6.717593 0.060776
v 0.150436 -6.760569 0.085950
v 0.123844 -6.803544 0.060776
v 0.112827 -6.821344 -0.000000
v 0.123844 -6.803544 -0.060776
v 0.150436 -6.760569 -0.085951
v 0.177032 -6.717593 -0.060776
v 0.132969 -6.631496 -0.000000
v 0.125179 -6.653298 0.060776
v 0.106377 -6.705932 0.085950
v 0.087570 -6.758566 0.060776
v 0.079780 -6.780367 -0.000000
v 0.087570 -6.758566 -0.060776
v 0.106377 -6.705932 -0.085951
v 0.125179 -6.653298 -0.060776
v 0.068829 -6.588564 -0.000000
v 0.064796 -6.612881 0.060776
v 0.055065 -6.671586 0.085950
v 0.045330 -6.730291 0.060776
v 0.041298 -6.754608 -0.000000
v 0.045330 -6.730291 -0.060776
v 0.055065 -6.671586 -0.085951
v 0.064796 -6.612881 -0.060776
v -0.000000 -6.573921 -0.000000
v -0.000000 -6.599095 0.060776
v -0.000000 -6.659871 0.085950
v -0.000000 -6.720647 0.060776
v -0.000000 -6.745822 -0.000000
v -0.000000 -6.720647 -0.060776
v -0.000000 -6.659871 -0.085951
v -0.000000 -6.599095 -0.060776
v -0.068829 -6.588564 -0.000000
v -0.064797 -6.612881 0.060776
v -0.055065 -6.671586 0.085950
v -0.045330 -6.730291 0.060776
v -0.041298 -6.754608 -0.000000
v -0.045330 -6.730291 -0.060776
v -0.055065 -6.671586 -0.085951
v -0.064797 -6.612881 -0.060776
v -0.132969 -6.631496 -0.000000
v -0.125179 -6.653298 0.060776
v -0.106377 -6.705932 0.085950
v -0.087570 -6.758566 0.060776
v -0.079781 -6.780367 -0.000000
v -0.087570 -6.758566 -0.060776
v -0.106377 -6.705932 -0.085951
v -0.125179 -6.653298 -0.060776
v -0.188047 -6.699792 -0.000000
v -0.177033 -6.717593 0.060776
v -0.150438 -6.760569 0.085950
v -0.123844 -6.803544 0.060776
v -0.112827 -6.821344 -0.000000
v -0.123844 -6.803544 -0.060776
v -0.150438 -6.760569 -0.085951
v -0.177033 -6.717593 -0.060776
v -0.230311 -6.788797 -0.000000
v -0.216820 -6.801384 0.060776
v -0.184248 -6.831772 0.085950
v -0.151678 -6.862160 0.060776
v -0.138187 -6.874747 -0.000000
v -0.151678 -6.862160 -0.060776
v -0.184248 -6.831772 -0.085951
v -0.216820 -6.801384 -0.060776
v -0.256878 -6.892445 -0.000000
v -0.241831 -6.898961 0.060776
v -0.205502 -6.914691 0.085950
v -0.169174 -6.930421 0.060776
v -0.154127 -6.936936 -0.000000
v -0.169174 -6.930421 -0.060776
v -0.205502 -6.914691 -0.085951
v -0.241831 -6.898961 -0.060776
v -0.265940 -7.003674 -0.000000
v -0.250361 -7.003674 0.060776
v -0.212751 -7.003674 0.085950
v -0.175142 -7.003674 0.060776
v -0.159563 -7.003674 -0.000000
v -0.175142 -7.003674 -0.060776
v -0.212751 -7.003674 -0.085951
v -0.250361 -7.003674 -0.060776
v -0.256878 -7.114902 -0.000000
v -0.241831 -7.108386 0.060776
v -0.205502 -7.092656 0.085950
v -0.169174 -7.076925 0.060776
v -0.154127 -7.070410 -0.000000
v -0.169174 -7.076925 -0.060776
v -0.205502 -7.092656 -0.085951
v -0.241831 -7.108386 -0.060776
v -0.230311 -7.218549 -0.000000
v -0.216820 -7.205962 0.060776
v -0.184248 -7.175574 0.085950
v -0.151678 -7.145186 0.060776
v -0.138187 -7.132599 -0.000000
v -0.151678 -7.145186 -0.060776
v -0.184248 -7.175574 -0.085951
v -0.216820 -7.205962 -0.060776
v -0.188047 -7.307554 -0.000000
v -0.177033 -7.289753 0.060776
v -0.150438 -7.246778 0.085950
v -0.123844 -7.203803 0.060776
v -0.112827 -7.186002 -0.000000
v -0.123844 -7.203803 -0.060776
v -0.150438 -7.246778 -0.085951
v -0.177033 -7.289753 -0.060776
v -0.132969 -7.375850 -0.000000
v -0.125179 -7.354048 0.060776
v -0.106377 -7.301414 0.085950
v -0.087570 -7.248781 0.060776
v -0.079781 -7.226979 -0.000000
v -0.087570 -7.248781 -0.060776
v -0.106377 -7.301414 -0.085951
v -0.125179 -7.354048 -0.060776
v -0.068829 -7.418782 -0.000000
v -0.064797 -7.394465 0.060776
v -0.055065 -7.335761 0.085950
v -0.045330 -7.277055 0.060776
v -0.041298 -7.252739 -0.000000
v -0.045330 -7.277055 -0.060776
v -0.055065 -7.335761 -0.085951
v -0.064797 -7.394465 -0.060776
v -0.000000 -7.433426 -0.000000
v -0.000000 -7.408251 0.060776
v -0.000000 -7.347475 0.085950
v -0.000000 -7.286699 0.060776
v -0.000000 -7.261525 -0.000000
v -0.000000 -7.286699 -0.060776
v -0.000000 -7.347475 -0.085951
v -0.000000 -7.408251 -0.060776
v 0.068829 -7.418782 -0.000000
v 0.064796 -7.394466 0.060776
v 0.055065 -7.335761 0.085950
v 0.045330 -7.277055 0.060776
v 0.041298 -7.252739 -0.000000
v 0.045330 -7.277055 -0.060776
v 0.055065 -7.335761 -0.085951
v 0.064796 -7.394466 -0.060776
v 0.132969 -7.375850 -0.000000
v 0.125179 -7.354048 0.060776
v 0.106377 -7.301414 0.085950
v 0.087570 -7.248781 0.060776
v 0.079780 -7.226979 -0.000000
v 0.087570 -7.248781 -0.060776
v 0.106377 -7.301414 -0.085951
v 0.125179 -7.354048 -0.060776
v 0.188049 -7.307554 -0.000000
v 0.177032 -7.289753 0.060776
v 0.150436 -7.246778 0.085950
v 0.123844 -7.203803 0.060776
v 0.112827 -7.186002 -0.000000
v 0.123844 -7.203803 -0.060776
v 0.150436 -7.246778 -0.085951
v 0.177032 -7.289753 -0.060776
v 0.230308 -7.218550 -0.000000
v 0.216820 -7.205962 0.060776
v 0.184250 -7.175574 0.085950
v 0.151676 -7.145186 0.060776
v 0.138187 -7.132599 -0.000000
v 0.151676 -7.145186 -0.060776
v 0.184250 -7.175574 -0.085951
v 0.216820 -7.205962 -0.060776
v 0.256878 -7.114902 -0.000000
v 0.241829 -7.108386 0.060776
v 0.205501 -7.092656 0.085950
v 0.169174 -7.076925 0.060776
v 0.154125 -7.070410 -0.000000
v 0.169174 -7.076925 -0.060776
v 0.205501 -7.092656 -0.085951
v 0.241829 -7.108386 -0.060776
v -0.000000 -7.518722 -0.265940
v 0.060776 -7.518722 -0.250362
v 0.085949 -7.518722 -0.212752
v 0.060776 -7.518722 -0.175143
v -0.000000 -7.518722 -0.159564
v -0.060776 -7.518722 -0.175143
v -0.085949 -7.518722 -0.212752
v -0.060776 -7.518722 -0.250362
v -0.000000 -7.407494 -0.256878
v 0.060776 -7.414009 -0.241831
v 0.085949 -7.429739 -0.205503
v 0.060776 -7.445469 -0.169174
v -0.000000 -7.451984 -0.154127
v -0.060776 -7.445469 -0.169174
v -0.085949 -7.429739 -0.205503
v -0.060776 -7.414009 -0.241831
v -0.000000 -7.303845 -0.230311
v 0.060776 -7.316432 -0.216820
v 0.085949 -7.346820 -0.184249
v 0.060776 -7.377209 -0.151678
v -0.000000 -7.389795 -0.138187
v -0.060776 -7.377209 -0.151678
v -0.085949 -7.346820 -0.184249
v -0.060776 -7.316432 -0.216820
v -0.000000 -7.214840 -0.188048
v 0.060776 -7.232641 -0.177032
v 0.085949 -7.275617 -0.150439
v 0.060776 -7.318592 -0.123844
v -0.000000 -7.336393 -0.112829
v -0.060776 -7.318592 -0.123844
v -0.085949 -7.275617 -0.150439
v -0.060776 -7.232641 -0.177032
v -0.000000 -7.146544 -0.132970
v 0.060776 -7.168346 -0.125181
v 0.085949 -7.220980 -0.106376
v 0.060776 -7.273614 -0.087571
v -0.000000 -7.295415 -0.079782
v -0.060776 -7.273614 -0.087571
v -0.085949 -7.220980 -0.106376
v -0.060776 -7.168346 -0.125181
v -0.000000 -7.103612 -0.068831
v 0.060776 -7.127929 -0.064799
v 0.085949 -7.186634 -0.055064
v 0.060776 -7.245339 -0.045331
v -0.000000 -7.269656 -0.041299
v -0.060776 -7.245339 -0.045331
v -0.085949 -7.186634 -0.055064
v -0.060776 -7.127929 -0.064799
v -0.000000 -7.088969 -0.000001
v 0.060776 -7.114143 -0.000001
v 0.085949 -7.174919 -0.000001
v 0.060776 -7.235695 -0.000001
v -0.000000 -7.260870 -0.000001
v -0.060776 -7.235695 -0.000001
v -0.085949 -7.174919 -0.000001
v -0.060776 -7.114143 -0.000001
v -0.000000 -7.103612 0.068830
v 0.060776 -7.127929 0.064798
v 0.085949 -7.186634 0.055063
v 0.060776 -7.245339 0.045329
v -0.000000 -7.269656 0.041298
v -0.060776 -7.245339 0.045329
v -0.085949 -7.186634 0.055063
v -0.060776 -7.127929 0.064798
v -0.000000 -7.146544 0.132969
v 0.060776 -7.168346 0.125180
v 0.085949 -7.220980 0.106375
v 0.060776 -7.273614 0.087570
v -0.000000 -7.295415 0.079781
v -0.060776 -7.273614 0.087570
v -0.085949 -7.220980 0.106375
v -0.060776 -7.168346 0.125180
v -0.000000 -7.214840 0.188047
v 0.060776 -7.232641 0.177031
v 0.085949 -7.275617 0.150438
v 0.060776 -7.318592 0.123843
v -0.000000 -7.336393 0.112828
v -0.060776 -7.318592 0.123843
v -0.085949 -7.275617 0.150438
v -0.060776 -7.232641 0.177031
v -0.000000 -7.303845 0.230310
v 0.060776 -7.316432 0.216819
v 0.085949 -7.346820 0.184248
v 0.060776 -7.377208 0.151677
v -0.000000 -7.389795 0.138186
v -0.060776 -7.377208 0.151677
v -0.085949 -7.346820 0.184248
v -0.060776 -7.316432 0.216819
v -0.000000 -7.407494 0.256877
v 0.060776 -7.414009 0.241830
v 0.085949 -7.429739 0.205502
v 0.060776 -7.445469 0.169173
v -0.000000 -7.451984 0.154126
v -0.060776 -7.445469 0.169173
v -0.085949 -7.429739 0.205502
v -0.060776 -7.414009 0.241830
v -0.000000 -7.518722 0.265939
v 0.060776 -7.518722 0.250360
v 0.085949 -7.518722 0.212751
v 0.060776 -7.518722 0.175142
v -0.000000 -7.518722 0.159563
v -0.060776 -7.518722 0.175142
v -0.085949 -7.518722 0.212751
v -0.060776 -7.518722 0.250360
v -0.000000 -7.629950 0.256877
v 0.060776 -7.623434 0.241830
v 0.085949 -7.607704 0.205502
v 0.060776 -7.591974 0.169173
v -0.000000 -7.585458 0.154126
v -0.060776 -7.591974 0.169173
v -0.085949 -7.607704 0.205502
v -0.060776 -7.623434 0.241830
v -0.000000 -7.733597 0.230310
v 0.060776 -7.721010 0.216819
v 0.085949 -7.690622 0.184248
v 0.060776 -7.660234 0.151677
v -0.000000 -7.647647 0.138186
v -0.060776 -7.660234 0.151677
v -0.085949 -7.690622 0.184248
v -0.060776 -7.721010 0.216819
v -0.000000 -7.822602 0.188047
v 0.060776 -7.804801 0.177031
v 0.085949 -7.761826 0.150438
v 0.060776 -7.718851 0.123843
v -0.000000 -7.701050 0.112828
v -0.060776 -7.718851 0.123843
v -0.085949 -7.761826 0.150438
v -0.060776 -7.804801 0.177031
v -0.000000 -7.890898 0.132969
v 0.060776 -7.869096 0.125180
v 0.085949 -7.816463 0.106375
v 0.060776 -7.763829 0.087570
v -0.000000 -7.742027 0.079781
v -0.060776 -7.763829 0.087570
v -0.085949 -7.816463 0.106375
v -0.060776 -7.869096 0.125180
v -0.000000 -7.933830 0.068830
v 0.060776 -7.909513 0.064798
v 0.085949 -7.850809 0.055063
v 0.060776 -7.792103 0.045330
v -0.000000 -7.767787 0.041298
v -0.060776 -7.792103 0.045330
v -0.085949 -7.850809 0.055063
v -0.060776 -7.909513 0.064798
v -0.000000 -7.948474 -0.000001
v 0.060776 -7.923300 -0.000001
v 0.085949 -7.862523 -0.000001
v 0.060776 -7.801747 -0.000001
v -0.000000 -7.776573 -0.000001
v -0.060776 -7.801747 -0.000001
v -0.085949 -7.862523 -0.000001
v -0.060776 -7.923300 -0.000001
v -0.000000 -7.933830 -0.068831
v 0.060776 -7.909513 -0.064799
v 0.085949 -7.850809 -0.055064
v 0.060776 -7.792103 -0.045330
v -0.000000 -7.767787 -0.041299
v -0.060776 -7.792103 -0.045330
v -0.085949 -7.850809 -0.055064
v -0.060776 -7.909513 -0.064799
v -0.000000 -7.890898 -0.132970
v 0.060776 -7.869096 -0.125181
v 0.085949 -7.816463 -0.106376
v 0.060776 -7.763829 -0.087571
v -0.000000 -7.742027 -0.079782
v -0.060776 -7.763829 -0.087571
v -0.085949 -7.816463 -0.106376
v -0.060776 -7.869096 -0.125181
v -0.000000 -7.822602 -0.188048
v 0.060776 -7.804801 -0.177032
v 0.085949 -7.761826 -0.150439
v 0.060776 -7.718851 -0.123844
v -0.000000 -7.701050 -0.112829
v -0.060776 -7.718851 -0.123844
v -0.085949 -7.761826 -0.150439
v -0.060776 -7.804801 -0.177032
v -0.000000 -7.733598 -0.230311
v 0.060776 -7.721010 -0.216820
v 0.085949 -7.690622 -0.184249
v 0.060776 -7.660234 -0.151678
v -0.000000 -7.647647 -0.138187
v -0.060776 -7.660234 -0.151678
v -0.085949 -7.690622 -0.184249
v -0.060776 -7.721010 -0.216820
v -0.000000 -7.629950 -0.256878
v 0.060776 -7.623434 -0.241831
v 0.085949 -7.607704 -0.205503
v 0.060776 -7.591973 -0.169175
v -0.000000 -7.585458 -0.154127
v -0.060776 -7.591973 -0.169175
v -0.085949 -7.607704 -0.205503
v -0.060776 -7.623434 -0.241831
v 0.265938 -5.963137 -0.000000
v 0.250362 -5.963137 0.060776
v 0.212753 -5.963137 0.085951
v 0.175140 -5.963137 0.060776
v 0.159565 -5.963137 -0.000000
v 0.175140 -5.963137 -0.060776
v 0.212753 -5.963137 -0.085951
v 0.250362 -5.963137 -0.060776
v 0.256878 -5.851909 -0.000000
v 0.241829 -5.858424 0.060776
v 0.205501 -5.874154 0.085951
v 0.169174 -5.889884 0.060776
v 0.154125 -5.896399 -0.000000
v 0.169174 -5.889884 -0.060776
v 0.205501 -5.874154 -0.085951
v 0.241829 -5.858424 -0.060776
v 0.230308 -5.748260 -0.000000
v 0.216820 -5.760848 0.060776
v 0.184250 -5.791236 0.085951
v 0.151676 -5.821624 0.060776
v 0.138187 -5.834211 -0.000000
v 0.151676 -5.821624 -0.060776
v 0.184250 -5.791236 -0.085951
v 0.216820 -5.760848 -0.060776
v 0.188049 -5.659256 -0.000000
v 0.177032 -5.677057 0.060776
v 0.150436 -5.720032 0.085951
v 0.123844 -5.763007 0.060776
v 0.112827 -5.780808 -0.000000
v 0.123844 -5.763007 -0.060776
v 0.150436 -5.720032 -0.085951
v 0.177032 -5.677057 -0.060776
v 0.132969 -5.590960 -0.000000
v 0.125179 -5.612761 0.060776
v 0.106377 -5.665396 0.085951
v 0.087570 -5.718029 0.060776
v 0.079780 -5.739831 -0.000000
v 0.087570 -5.718029 -0.060776
v 0.106377 -5.665396 -0.085951
v 0.125179 -5.612761 -0.060776
v 0.068829 -5.548028 -0.000000
v 0.064796 -5.572344 0.060776
v 0.055065 -5.631049 0.085951
v 0.045330 -5.689754 0.060776
v 0.041298 -5.714071 -0.000000
v 0.045330 -5.689754 -0.060776
v 0.055065 -5.631049 -0.085951
v 0.064796 -5.572344 -0.060776
v -0.000000 -5.533384 -0.000000
v -0.000000 -5.558558 0.060776
v -0.000000 -5.619334 0.085951
v -0.000000 -5.680111 0.060776
v -0.000000 -5.705285 -0.000000
v -0.000000 -5.680111 -0.060776
v -0.000000 -5.619334 -0.085951
v -0.000000 -5.558558 -0.060776
v -0.068829 -5.548028 -0.000000
v -0.064797 -5.572344 0.060776
v -0.055065 -5.631049 0.085951
v -0.045330 -5.689754 0.060776
v -0.041298 -5.714071 -0.000000
v -0.045330 -5.689754 -0.060776
v -0.055065 -5.631049 -0.085951
v -0.064797 -5.572344 -0.060776
v -0.132969 -5.590960 -0.000000
v -0.125179 -5.612761 0.060776
v -0.106377 -5.665395 0.085951
v -0.087570 -5.718029 0.060776
v -0.079781 -5.739831 -0.000000
v -0.087570 -5.718029 -0.060776
v -0.106377 -5.665395 -0.085951
v -0.125179 -5.612761 -0.060776
v -0.188047 -5.659256 -0.000000
v -0.177033 -5.677057 0.060776
v -0.150438 -5.720032 0.085951
v -0.123844 -5.763007 0.060776
v -0.112827 -5.780808 -0.000000
v -0.123844 -5.763007 -0.060776
v -0.150438 -5.720032 -0.085951
v -0.177033 -5.677057 -0.060776
v -0.230311 -5.748260 -0.000000
v -0.216820 -5.760848 0.060776
v -0.184248 -5.791236 0.085951
v -0.151678 -5.821624 0.060776
v -0.138187 -5.834211 -0.000000
v -0.151678 -5.821624 -0.060776
v -0.184248 -5.791236 -0.085951
v -0.216820 -5.760848 -0.060776
v -0.256878 -5.851909 -0.000000
v -0.241831 -5.858424 0.060776
v -0.205502 -5.874154 0.085951
v -0.169174 -5.889884 0.060776
v -0.154127 -5.896400 -0.000000
v -0.169174 -5.889884 -0.060776
v -0.205502 -5.874154 -0.085951
v -0.241831 -5.858424 -0.060776
v -0.265940 -5.963137 -0.000000
v -0.250361 -5.963137 0.060776
v -0.212751 -5.963137 0.085951
v -0.175142 -5.963137 0.060776
v -0.159563 -5.963137 -0.000000
v -0.175142 -5.963137 -0.060776
v -0.212751 -5.963137 -0.085951
v -0.250361 -5.963137 -0.060776
v -0.256878 -6.074365 -0.000000
v -0.241831 -6.067849 0.060776
v -0.205502 -6.052119 0.085951
v -0.169174 -6.036389 0.060776
v -0.154127 -6.029873 -0.000000
v -0.169174 -6.036389 -0.060776
v -0.205502 -6.052119 -0.085951
v -0.241831 -6.067849 -0.060776
v -0.230311 -6.178013 -0.000000
v -0.216820 -6.165426 0.060776
v -0.184248 -6.135037 0.085951
v -0.151678 -6.104650 0.060776
v -0.138187 -6.092062 -0.000000
v -0.151678 -6.104650 -0.060776
v -0.184248 -6.135037 -0.085951
v -0.216820 -6.165426 -0.060776
v -0.188047 -6.267017 -0.000000
v -0.177033 -6.249217 0.060776
v -0.150438 -6.206242 0.085951
v -0.123844 -6.163266 0.060776
v -0.112827 -6.145465 -0.000000
v -0.123844 -6.163266 -0.060776
v -0.150438 -6.206242 -0.085951
v -0.177033 -6.249217 -0.060776
v -0.132969 -6.335313 -0.000000
v -0.125179 -6.313512 0.060776
v -0.106377 -6.260878 0.085951
v -0.087570 -6.208244 0.060776
v -0.079781 -6.186442 -0.000000
v -0.087570 -6.208244 -0.060776
v -0.106377 -6.260878 -0.085951
v -0.125179 -6.313512 -0.060776
v -0.068829 -6.378245 -0.000000
v -0.064797 -6.353929 0.060776
v -0.055065 -6.295224 0.085951
v -0.045330 -6.236519 0.060776
v -0.041298 -6.212202 -0.000000
v -0.045330 -6.236519 -0.060776
v -0.055065 -6.295224 -0.085951
v -0.064797 -6.353929 -0.060776
v -0.000000 -6.392889 -0.000000
v -0.000000 -6.367715 0.060776
v -0.000000 -6.306939 0.085951
v -0.000000 -6.246162 0.060776
v -0.000000 -6.220988 -0.000000
v -0.000000 -6.246162 -0.060776
v -0.000000 -6.306939 -0.085951
v -0.000000 -6.367715 -0.060776
v 0.068829 -6.378246 -0.000000
v 0.064796 -6.353930 0.060776
v 0.055065 -6.295224 0.085951
v 0.045330 -6.236519 0.060776
v 0.041298 -6.212202 -0.000000
v 0.045330 -6.236519 -0.060776
v 0.055065 -6.295224 -0.085951
v 0.064796 -6.353930 -0.060776
v 0.132969 -6.335313 -0.000000
v 0.125179 -6.313512 0.060776
v 0.106377 -6.260878 0.085951
v 0.087570 -6.208244 0.060776
v 0.079780 -6.186442 -0.000000
v 0.087570 -6.208244 -0.060776
v 0.106377 -6.260878 -0.085951
v 0.125179 -6.313512 -0.060776
v 0.188049 -6.267017 -0.000000
v 0.177032 -6.249217 0.060776
v 0.150436 -6.206242 0.085951
v 0.123844 -6.163266 0.060776
v 0.112827 -6.145465 -0.000000
v 0.123844 -6.163266 -0.060776
v 0.150436 -6.206242 -0.085951
v 0.177032 -6.249217 -0.060776
v 0.230308 -6.178013 -0.000000
v 0.216820 -6.165426 0.060776
v 0.184250 -6.135037 0.085951
v 0.151676 -6.104650 0.060776
v 0.138187 -6.092062 -0.000000
v 0.151676 -6.104650 -0.060776
v 0.184250 -6.135037 -0.085951
v 0.216820 -6.165426 -0.060776
v 0.256878 -6.074365 -0.000000
v 0.241829 -6.067849 0.060776
v 0.205501 -6.052119 0.085951
v 0.169174 -6.036389 0.060776
v 0.154125 -6.029873 -0.000000
v 0.169174 -6.036389 -0.060776
v 0.205501 -6.052119 -0.085951
v 0.241829 -6.067849 -0.060776
v -0.000000 -6.478185 -0.265940
v 0.060776 -6.478185 -0.250361
v 0.085949 -6.478185 -0.212752
v 0.060776 -6.478185 -0.175143
v -0.000000 -6.478185 -0.159564
v -0.060776 -6.478185 -0.175143
v -0.085949 -6.478185 -0.212752
v -0.060776 -6.478185 -0.250361
v -0.000000 -6.366957 -0.256878
v 0.060776 -6.373472 -0.241831
v 0.085949 -6.389202 -0.205503
v 0.060776 -6.404932 -0.169174
v -0.000000 -6.411448 -0.154127
v -0.060776 -6.404932 -0.169174
v -0.085949 -6.389202 -0.205503
v -0.060776 -6.373472 -0.241831
v -0.000000 -6.263309 -0.230311
v 0.060776 -6.275895 -0.216820
v 0.085949 -6.306283 -0.184249
v 0.060776 -6.336672 -0.151678
v -0.000000 -6.349259 -0.138187
v -0.060776 -6.336672 -0.151678
v -0.085949 -6.306283 -0.184249
v -0.060776 -6.275895 -0.216820
v -0.000000 -6.174304 -0.188048
v 0.060776 -6.192104 -0.177032
v 0.085949 -6.235080 -0.150439
v 0.060776 -6.278055 -0.123844
v -0.000000 -6.295856 -0.112829
v -0.060776 -6.278055 -0.123844
v -0.085949 -6.235080 -0.150439
v -0.060776 -6.192104 -0.177032
v -0.000000 -6.106009 -0.132970
v 0.060776 -6.127810 -0.125181
v 0.085949 -6.180444 -0.106376
v 0.060776 -6.233077 -0.087571
v -0.000000 -6.254879 -0.079782
v -0.060776 -6.233077 -0.087571
v -0.085949 -6.180444 -0.106376
v -0.060776 -6.127810 -0.125181
v -0.000000 -6.063076 -0.068831
v 0.060776 -6.087392 -0.064799
v 0.085949 -6.146097 -0.055064
v 0.060776 -6.204803 -0.045331
v -0.000000 -6.229119 -0.041299
v -0.060776 -6.204803 -0.045331
v -0.085949 -6.146097 -0.055064
v -0.060776 -6.087392 -0.064799
v -0.000000 -6.048432 -0.000000
v 0.060776 -6.073606 -0.000000
v 0.085949 -6.134382 -0.000000
v 0.060776 -6.195159 -0.000000
v -0.000000 -6.220333 -0.000000
v -0.060776 -6.195159 -0.000000
v -0.085949 -6.134382 -0.000000
v -0.060776 -6.073606 -0.000000
v -0.000000 -6.063076 0.068830
v 0.060776 -6.087392 0.064798
v 0.085949 -6.146097 0.055063
v 0.060776 -6.204803 0.045330
v -0.000000 -6.229119 0.041298
v -0.060776 -6.204803 0.045330
v -0.085949 -6.146097 0.055063
v -0.060776 -6.087392 0.064798
v -0.000000 -6.106008 0.132969
v 0.060776 -6.127810 0.125180
v 0.085949 -6.180444 0.106375
v 0.060776 -6.233077 0.087570
v -0.000000 -6.254879 0.079781
v -0.060776 -6.233077 0.087570
v -0.085949 -6.180444 0.106375
v -0.060776 -6.127810 0.125180
v -0.000000 -6.174304 0.188047
v 0.060776 -6.192104 0.177031
v 0.085949 -6.235080 0.150438
v 0.060776 -6.278055 0.123843
v -0.000000 -6.295856 0.112828
v -0.060776 -6.278055 0.123843
v -0.085949 -6.235080 0.150438
v -0.060776 -6.192104 0.177031
v -0.000000 -6.263309 0.230310
v 0.060776 -6.275895 0.216819
v 0.085949 -6.306283 0.184248
v 0.060776 -6.336672 0.151677
v -0.000000 -6.349259 0.138186
v -0.060776 -6.336672 0.151677
v -0.085949 -6.306283 0.184248
v -0.060776 -6.275895 0.216819
v -0.000000 -6.366957 0.256877
v 0.060776 -6.373472 0.241830
v 0.085949 -6.389202 0.205502
v 0.060776 -6.404932 0.169173
v -0.000000 -6.411448 0.154126
v -0.060776 -6.404932 0.169173
v -0.085949 -6.389202 0.205502
v -0.060776 -6.373472 0.241830
v -0.000000 -6.478185 0.265939
v 0.060776 -6.478185 0.250361
v 0.085949 -6.478185 0.212751
v 0.060776 -6.478185 0.175142
v -0.000000 -6.478185 0.159563
v -0.060776 -6.478185 0.175142
v -0.085949 -6.478185 0.212751
v -0.060776 -6.478185 0.250361
v -0.000000 -6.589413 0.256877
v 0.060776 -6.582897 0.241830
v 0.085949 -6.567167 0.205502
v 0.060776 -6.551437 0.169173
v -0.000000 -6.544922 0.154126
v -0.060776 -6.551437 0.169173
v -0.085949 -6.567167 0.205502
v -0.060776 -6.582897 0.241830
v -0.000000 -6.693061 0.230310
v 0.060776 -6.680474 0.216819
v 0.085949 -6.650085 0.184248
v 0.060776 -6.619698 0.151677
v -0.000000 -6.607110 0.138186
v -0.060776 -6.619698 0.151677
v -0.085949 -6.650085 0.184248
v -0.060776 -6.680474 0.216819
v -0.000000 -6.782065 0.188047
v 0.060776 -6.764265 0.177032
v 0.085949 -6.721289 0.150438
v 0.060776 -6.678314 0.123843
v -0.000000 -6.660513 0.112828
v -0.060776 -6.678314 0.123843
v -0.085949 -6.721289 0.150438
v -0.060776 -6.764265 0.177032
v -0.000000 -6.850361 0.132969
v 0.060776 -6.828560 0.125180
v 0.085949 -6.775926 0.106375
v 0.060776 -6.723292 0.087570
v -0.000000 -6.701490 0.079781
v -0.060776 -6.723292 0.087570
v -0.085949 -6.775926 0.106375
v -0.060776 -6.828560 0.125180
v -0.000000 -6.893293 0.068830
v 0.060776 -6.868977 0.064798
v 0.085949 -6.810272 0.055064
v 0.060776 -6.751567 0.045330
v -0.000000 -6.727250 0.041298
v -0.060776 -6.751567 0.045330
v -0.085949 -6.810272 0.055064
v -0.060776 -6.868977 0.064798
v -0.000000 -6.907937 -0.000000
v 0.060776 -6.882763 -0.000000
v 0.085949 -6.821987 -0.000000
v 0.060776 -6.761210 -0.000000
v -0.000000 -6.736036 -0.000000
v -0.060776 -6.761210 -0.000000
v -0.085949 -6.821987 -0.000000
v -0.060776 -6.882763 -0.000000
v -0.000000 -6.893294 -0.068831
v 0.060776 -6.868977 -0.064799
v 0.085949 -6.810272 -0.055064
v 0.060776 -6.751567 -0.045330
v -0.000000 -6.727250 -0.041299
v -0.060776 -6.751567 -0.045330
v -0.085949 -6.810272 -0.055064
v -0.060776 -6.868977 -0.064799
v -0.000000 -6.850361 -0.132970
v 0.060776 -6.828560 -0.125181
v 0.085949 -6.775926 -0.106376
v 0.060776 -6.723292 -0.087571
v -0.000000 -6.701490 -0.079782
v -0.060776 -6.723292 -0.087571
v -0.085949 -6.775926 -0.106376
v -0.060776 -6.828560 -0.125181
v -0.000000 -6.782066 -0.188048
v 0.060776 -6.764265 -0.177032
v 0.085949 -6.721290 -0.150439
v 0.060776 -6.678314 -0.123844
v -0.000000 -6.660513 -0.112829
v -0.060776 -6.678314 -0.123844
v -0.085949 -6.721290 -0.150439
v -0.060776 -6.764265 -0.177032
v -0.000000 -6.693061 -0.230311
v 0.060776 -6.680474 -0.216820
v 0.085949 -6.650085 -0.184249
v 0.060776 -6.619698 -0.151678
v -0.000000 -6.607111 -0.138187
v -0.060776 -6.619698 -0.151678
v -0.085949 -6.650085 -0.184249
v -0.060776 -6.680474 -0.216820
v -0.000000 -6.589413 -0.256878
v 0.060776 -6.582897 -0.241831
v 0.085949 -6.567167 -0.205503
v 0.060776 -6.551437 -0.169174
v -0.000000 -6.544922 -0.154127
v -0.060776 -6.551437 -0.169174
v -0.085949 -6.567167 -0.205503
v -0.060776 -6.582897 -0.241831
v 0.265938 -4.922600 -0.000000
v 0.250362 -4.922600 0.060776
v 0.212753 -4.922600 0.085951
v 0.175140 -4.922600 0.060776
v 0.159565 -4.922600 -0.000000
v 0.175140 -4.922600 -0.060776
v 0.212753 -4.922600 -0.085951
v 0.250362 -4.922600 -0.060776
v 0.256878 -4.811372 -0.000000
v 0.241829 -4.817887 0.060776
v 0.205501 -4.833617 0.085951
v 0.169174 -4.849347 0.060776
v 0.154125 -4.855863 -0.000000
v 0.169174 -4.849347 -0.060776
v 0.205501 -4.833617 -0.085951
v 0.241829 -4.817887 -0.060776
v 0.230308 -4.707724 -0.000000
v 0.216820 -4.720311 0.060776
v 0.184250 -4.750699 0.085951
v 0.151676 -4.781087 0.060776
v 0.138187 -4.793674 -0.000000
v 0.151676 -4.781087 -0.060776
v 0.184250 -4.750699 -0.085951
v 0.216820 -4.720311 -0.060776
v 0.188049 -4.618719 -0.000000
v 0.177032 -4.636519 0.060776
v 0.150436 -4.679495 0.085951
v 0.123844 -4.722470 0.060776
v 0.112827 -4.740272 -0.000000
v 0.123844 -4.722470 -0.060776
v 0.150436 -4.679495 -0.085951
v 0.177032 -4.636519 -0.060776
v 0.132969 -4.550424 -0.000000
v 0.125179 -4.572225 0.060776
v 0.106377 -4.624859 0.085951
v 0.087570 -4.677492 0.060776
v 0.079780 -4.699294 -0.000000
v 0.087570 -4.677492 -0.060776
v 0.106377 -4.624859 -0.085951
v 0.125179 -4.572225 -0.060776
v 0.068829 -4.507491 -0.000000
v 0.064796 -4.531807 0.060776
v 0.055065 -4.590512 0.085951
v 0.045330 -4.649218 0.060776
v 0.041298 -4.673534 -0.000000
v 0.045330 -4.649218 -0.060776
v 0.055065 -4.590512 -0.085951
v 0.064796 -4.531807 -0.060776
v -0.000000 -4.492847 -0.000000
v -0.000000 -4.518022 0.060776
v -0.000000 -4.578797 0.085951
v -0.000000 -4.639574 0.060776
v -0.000000 -4.664748 -0.000000
v -0.000000 -4.639574 -0.060776
v -0.000000 -4.578797 -0.085951
v -0.000000 -4.518022 -0.060776
v -0.068829 -4.507491 -0.000000
v -0.064797 -4.531807 0.060776
v -0.055065 -4.590512 0.085951
v -0.045330 -4.649218 0.060776
v -0.041298 -4.673534 -0.000000
v -0.045330 -4.649218 -0.060776
v -0.055065 -4.590512 -0.085951
v -0.064797 -4.531807 -0.060776
v -0.132969 -4.550424 -0.000000
v -0.125179 -4.572225 0.060776
v -0.106377 -4.624858 0.085951
v -0.087570 -4.677492 0.060776
v -0.079781 -4.699294 -0.000000
v -0.087570 -4.677492 -0.060776
v -0.106377 -4.624858 -0.085951
v -0.125179 -4.572225 -0.060776
v -0.188047 -4.618719 -0.000000
v -0.177033 -4.636519 0.060776
v -0.150438 -4.679495 0.085951
v -0.123844 -4.722470 0.060776
v -0.112827 -4.740272 -0.000000
v -0.123844 -4.722470 -0.060776
v -0.150438 -4.679495 -0.085951
v -0.177033 -4.636519 -0.060776
v -0.230311 -4.707724 -0.000000
v -0.216820 -4.720311 0.060776
v -0.184248 -4.750699 0.085951
v -0.151678 -4.781087 0.060776
v -0.138187 -4.793674 -0.000000
v -0.151678 -4.781087 -0.060776
v -0.184248 -4.750699 -0.085951
v -0.216820 -4.720311 -0.060776
v -0.256878 -4.811372 -0.000000
v -0.241831 -4.817887 0.060776
v -0.205502 -4.833617 0.085951
v -0.169174 -4.849347 0.060776
v -0.154127 -4.855864 -0.000000
v -0.169174 -4.849347 -0.060776
v -0.205502 -4.833617 -0.085951
v -0.241831 -4.817887 -0.060776
v -0.265940 -4.922600 -0.000000
v -0.250361 -4.922600 0.060776
v -0.212751 -4.922600 0.085951
v -0.175142 -4.922600 0.060776
v -0.159563 -4.922600 -0.000000
v -0.175142 -4.922600 -0.060776
v -0.212751 -4.922600 -0.085951
v -0.250361 -4.922600 -0.060776
v -0.256878 -5.033828 -0.000000
v -0.241831 -5.027312 0.060776
v -0.205502 -5.011582 0.085951
v -0.169174 -4.995852 0.060776
v -0.154127 -4.989337 -0.000000
v -0.169174 -4.995852 -0.060776
v -0.205502 -5.011582 -0.085951
v -0.241831 -5.027312 -0.060776
v -0.230311 -5.137476 -0.000000
v -0.216820 -5.124888 0.060776
v -0.184248 -5.094501 0.085951
v -0.151678 -5.064113 0.060776
v -0.138187 -5.051526 -0.000000
v -0.151678 -5.064113 -0.060776
v -0.184248 -5.094501 -0.085951
v -0.216820 -5.124888 -0.060776
v -0.188047 -5.226480 -0.000000
v -0.177033 -5.208680 0.060776
v -0.150438 -5.165705 0.085951
v -0.123844 -5.122729 0.060776
v -0.112827 -5.104928 -0.000000
v -0.123844 -5.122729 -0.060776
v -0.150438 -5.165705 -0.085951
v -0.177033 -5.208680 -0.060776
v -0.132969 -5.294776 -0.000000
v -0.125179 -5.272975 0.060776
v -0.106377 -5.220342 0.085951
v -0.087570 -5.167707 0.060776
v -0.079781 -5.145905 -0.000000
v -0.087570 -5.167707 -0.060776
v -0.106377 -5.220342 -0.085951
v -0.125179 -5.272975 -0.060776
v -0.068829 -5.337708 -0.000000
v -0.064797 -5.313393 0.060776
v -0.055065 -5.254687 0.085951
v -0.045330 -5.195982 0.060776
v -0.041298 -5.171665 -0.000000
v -0.045330 -5.195982 -0.060776
v -0.055065 -5.254687 -0.085951
v -0.064797 -5.313393 -0.060776
v -0.000000 -5.352352 -0.000000
v -0.000000 -5.327178 0.060776
v -0.000000 -5.266402 0.085951
v -0.000000 -5.205626 0.060776
v -0.000000 -5.180451 -0.000000
v -0.000000 -5.205626 -0.060776
v -0.000000 -5.266402 -0.085951
v -0.000000 -5.327178 -0.060776
v 0.068829 -5.337709 -0.000000
v 0.064796 -5.313393 0.060776
v 0.055065 -5.254687 0.085951
v 0.045330 -5.195982 0.060776
v 0.041298 -5.171665 -0.000000
v 0.045330 -5.195982 -0.060776
v 0.055065 -5.254687 -0.085951
v 0.064796 -5.313393 -0.060776
v 0.132969 -5.294776 -0.000000
v 0.125179 -5.272975 0.060776
v 0.106377 -5.220341 0.085951
v 0.087570 -5.167707 0.060776
v 0.079780 -5.145905 -0.000000
v 0.087570 -5.167707 -0.060776
v 0.106377 -5.220341 -0.085951
v 0.125179 -5.272975 -0.060776
v 0.188049 -5.226480 -0.000000
v 0.177032 -5.208680 0.060776
v 0.150436 -5.165705 0.085951
v 0.123844 -5.122729 0.060776
v 0.112827 -5.104928 -0.000000
v 0.123844 -5.122729 -0.060776
v 0.150436 -5.165705 -0.085951
v 0.177032 -5.208680 -0.060776
v 0.230308 -5.137476 -0.000000
v 0.216820 -5.124888 0.060776
v 0.184250 -5.094501 0.085951
v 0.151676 -5.064113 0.060776
v 0.138187 -5.051526 -0.000000
v 0.151676 -5.064113 -0.060776
v 0.184250 -5.094501 -0.085951
v 0.216820 -5.124888 -0.060776
v 0.256878 -5.033828 -0.000000
v 0.241829 -5.027312 0.060776
v 0.205501 -5.011582 0.085951
v 0.169174 -4.995852 0.060776
v 0.154125 -4.989337 -0.000000
v 0.169174 -4.995852 -0.060776
v 0.205501 -5.011582 -0.085951
v 0.241829 -5.027312 -0.060776
v -0.000000 -5.437648 -0.265940
v 0.060776 -5.437648 -0.250361
v 0.085949 -5.437648 -0.212752
v 0.060776 -5.437648 -0.175143
v -0.000000 -5.437648 -0.159564
v -0.060776 -5.437648 -0.175143
v -0.085949 -5.437648 -0.212752
v -0.060776 -5.437648 -0.250361
v -0.000000 -5.326420 -0.256878
v 0.060776 -5.332935 -0.241831
v 0.085949 -5.348665 -0.205503
v 0.060776 -5.364396 -0.169174
v -0.000000 -5.370911 -0.154127
v -0.060776 -5.364396 -0.169174
v -0.085949 -5.348665 -0.205503
v -0.060776 -5.332935 -0.241831
v -0.000000 -5.222772 -0.230311
v 0.060776 -5.235359 -0.216820
v 0.085949 -5.265747 -0.184249
v 0.060776 -5.296135 -0.151678
v -0.000000 -5.308722 -0.138187
v -0.060776 -5.296135 -0.151678
v -0.085949 -5.265747 -0.184249
v -0.060776 -5.235359 -0.216820
v -0.000000 -5.133767 -0.188048
v 0.060776 -5.151568 -0.177032
v 0.085949 -5.194543 -0.150439
v 0.060776 -5.237518 -0.123844
v -0.000000 -5.255320 -0.112829
v -0.060776 -5.237518 -0.123844
v -0.085949 -5.194543 -0.150439
v -0.060776 -5.151568 -0.177032
v -0.000000 -5.065472 -0.132970
v 0.060776 -5.087273 -0.125181
v 0.085949 -5.139907 -0.106376
v 0.060776 -5.192540 -0.087571
v -0.000000 -5.214342 -0.079782
v -0.060776 -5.192540 -0.087571
v -0.085949 -5.139907 -0.106376
v -0.060776 -5.087273 -0.125181
v -0.000000 -5.022539 -0.068831
v 0.060776 -5.046855 -0.064799
v 0.085949 -5.105561 -0.055064
v 0.060776 -5.164266 -0.045330
v -0.000000 -5.188582 -0.041299
v -0.060776 -5.164266 -0.045330
v -0.085949 -5.105561 -0.055064
v -0.060776 -5.046855 -0.064799
v -0.000000 -5.007895 -0.000000
v 0.060776 -5.033070 -0.000000
v 0.085949 -5.093846 -0.000000
v 0.060776 -5.154622 -0.000000
v -0.000000 -5.179796 -0.000000
v -0.060776 -5.154622 -0.000000
v -0.085949 -5.093846 -0.000000
v -0.060776 -5.033070 -0.000000
v -0.000000 -5.022539 0.068830
v 0.060776 -5.046855 0.064798
v 0.085949 -5.105561 0.055063
v 0.060776 -5.164266 0.045330
v -0.000000 -5.188582 0.041298
v -0.060776 -5.164266 0.045330
v -0.085949 -5.105561 0.055063
v -0.060776 -5.046855 0.064798
v -0.000000 -5.065471 0.132969
v 0.060776 -5.087273 0.125180
v 0.085949 -5.139907 0.106375
v 0.060776 -5.192540 0.087570
v -0.000000 -5.214342 0.079781
v -0.060776 -5.192540 0.087570
v -0.085949 -5.139907 0.106375
v -0.060776 -5.087273 0.125180
v -0.000000 -5.133767 0.188047
v 0.060776 -5.151568 0.177032
v 0.085949 -5.194543 0.150438
v 0.060776 -5.237518 0.123844
v -0.000000 -5.255320 0.112828
v -0.060776 -5.237518 0.123844
v -0.085949 -5.194543 0.150438
v -0.060776 -5.151568 0.177032
v -0.000000 -5.222772 0.230310
v 0.060776 -5.235359 0.216819
v 0.085949 -5.265747 0.184248
v 0.060776 -5.296135 0.151677
v -0.000000 -5.308722 0.138186
v -0.060776 -5.296135 0.151677
v -0.085949 -5.265747 0.184248
v -0.060776 -5.235359 0.216819
v -0.000000 -5.326420 0.256877
v 0.060776 -5.332935 0.241830
v 0.085949 -5.348665 0.205502
v 0.060776 -5.364396 0.169174
v -0.000000 -5.370911 0.154126
v -0.060776 -5.364396 0.169174
v -0.085949 -5.348665 0.205502
v -0.060776 -5.332935 0.241830
v -0.000000 -5.437648 0.265939
v 0.060776 -5.437648 0.250361
v 0.085949 -5.437648 0.212751
v 0.060776 -5.437648 0.175142
v -0.000000 -5.437648 0.159563
v -0.060776 -5.437648 0.175142
v -0.085949 -5.437648 0.212751
v -0.060776 -5.437648 0.250361
v -0.000000 -5.548876 0.256877
v 0.060776 -5.542360 0.241830
v 0.085949 -5.526630 0.205502
v 0.060776 -5.510900 0.169174
v -0.000000 -5.504385 0.154126
v -0.060776 -5.510900 0.169174
v -0.085949 -5.526630 0.205502
v -0.060776 -5.542360 0.241830
v -0.000000 -5.652524 0.230310
v 0.060776 -5.639937 0.216819
v 0.085949 -5.609549 0.184248
v 0.060776 -5.579161 0.151677
v -0.000000 -5.566574 0.138186
v -0.060776 -5.579161 0.151677
v -0.085949 -5.609549 0.184248
v -0.060776 -5.639937 0.216819
v -0.000000 -5.741529 0.188047
v 0.060776 -5.723728 0.177032
v 0.085949 -5.680753 0.150438
v 0.060776 -5.637777 0.123844
v -0.000000 -5.619976 0.112828
v -0.060776 -5.637777 0.123844
v -0.085949 -5.680753 0.150438
v -0.060776 -5.723728 0.177032
v -0.000000 -5.809824 0.132969
v 0.060776 -5.788023 0.125180
v 0.085949 -5.735389 0.106375
v 0.060776 -5.682755 0.087570
v -0.000000 -5.660954 0.079781
v -0.060776 -5.682755 0.087570
v -0.085949 -5.735389 0.106375
v -0.060776 -5.788023 0.125180
v -0.000000 -5.852757 0.068830
v 0.060776 -5.828441 0.064798
v 0.085949 -5.769735 0.055064
v 0.060776 -5.711030 0.045330
v -0.000000 -5.686713 0.041298
v -0.060776 -5.711030 0.045330
v -0.085949 -5.769735 0.055064
v -0.060776 -5.828441 0.064798
v -0.000000 -5.867400 -0.000000
v 0.060776 -5.842226 -0.000000
v 0.085949 -5.781450 -0.000000
v 0.060776 -5.720674 -0.000000
v -0.000000 -5.695499 -0.000000
v -0.060776 -5.720674 -0.000000
v -0.085949 -5.781450 -0.000000
v -0.060776 -5.842226 -0.000000
v -0.000000 -5.852757 -0.068830
v 0.060776 -5.828441 -0.064799
v 0.085949 -5.769735 -0.055064
v 0.060776 -5.711030 -0.045330
v -0.000000 -5.686713 -0.041299
v -0.060776 -5.711030 -0.045330
v -0.085949 -5.769735 -0.055064
v -0.060776 -5.828441 -0.064799
v -0.000000 -5.809824 -0.132970
v 0.060776 -5.788023 -0.125181
v 0.085949 -5.735389 -0.106376
v 0.060776 -5.682755 -0.087571
v -0.000000 -5.660954 -0.079782
v -0.060776 -5.682755 -0.087571
v -0.085949 -5.735389 -0.106376
v -0.060776 -5.788023 -0.125181
v -0.000000 -5.741529 -0.188048
v 0.060776 -5.723728 -0.177032
v 0.085949 -5.680753 -0.150439
v 0.060776 -5.637777 -0.123844
v -0.000000 -5.619977 -0.112829
v -0.060776 -5.637777 -0.123844
v -0.085949 -5.680753 -0.150439
v -0.060776 -5.723728 -0.177032
v -0.000000 -5.652524 -0.230311
v 0.060776 -5.639937 -0.216820
v 0.085949 -5.609549 -0.184249
v 0.060776 -5.579161 -0.151678
v -0.000000 -5.566574 -0.138187
v -0.060776 -5.579161 -0.151678
v -0.085949 -5.609549 -0.184249
v -0.060776 -5.639937 -0.216820
v -0.000000 -5.548876 -0.256878
v 0.060776 -5.542360 -0.241831
v 0.085949 -5.526630 -0.205503
v 0.060776 -5.510900 -0.169174
v -0.000000 -5.504385 -0.154127
v -0.060776 -5.510900 -0.169174
v -0.085949 -5.526630 -0.205503
v -0.060776 -5.542360 -0.241831
v 0.265938 -3.882063 -0.000000
v 0.250362 -3.882063 0.060776
v 0.212753 -3.882063 0.085951
v 0.175140 -3.882063 0.060776
v 0.159565 -3.882063 -0.000000
v 0.175140 -3.882063 -0.060776
v 0.212753 -3.882063 -0.085951
v 0.250362 -3.882063 -0.060776
v 0.256878 -3.770835 -0.000000
v 0.241829 -3.777351 0.060776
v 0.205501 -3.793081 0.085951
v 0.169174 -3.808810 0.060776
v 0.154125 -3.815326 -0.000000
v 0.169174 -3.808810 -0.060776
v 0.205501 -3.793081 -0.085951
v 0.241829 -3.777351 -0.060776
v 0.230308 -3.667187 -0.000000
v 0.216820 -3.679775 0.060776
v 0.184250 -3.710162 0.085951
v 0.151676 -3.740550 0.060776
v 0.138187 -3.753138 -0.000000
v 0.151676 -3.740550 -0.060776
v 0.184250 -3.710162 -0.085951
v 0.216820 -3.679775 -0.060776
v 0.188049 -3.578182 0.000000
v 0.177032 -3.595984 0.060776
v 0.150436 -3.638958 0.085951
v 0.123844 -3.681934 0.060776
v 0.112827 -3.699735 -0.000000
v 0.123844 -3.681934 -0.060776
v 0.150436 -3.638958 -0.085951
v 0.177032 -3.595984 -0.060776
v 0.132969 -3.509887 0.000000
v 0.125179 -3.531688 0.060776
v 0.106377 -3.584322 0.085951
v 0.087570 -3.636955 0.060776
v 0.079780 -3.658757 -0.000000
v 0.087570 -3.636955 -0.060776
v 0.106377 -3.584322 -0.085951
v 0.125179 -3.531688 -0.060776
v 0.068829 -3.466954 0.000000
v 0.064796 -3.491270 0.060776
v 0.055065 -3.549976 0.085951
v 0.045330 -3.608681 0.060776
v 0.041298 -3.632998 -0.000000
v 0.045330 -3.608681 -0.060776
v 0.055065 -3.549976 -0.085951
v 0.064796 -3.491270 -0.060776
v -0.000000 -3.452311 0.000000
v -0.000000 -3.477485 0.060776
v -0.000000 -3.538261 0.085951
v -0.000000 -3.599037 0.060776
v -0.000000 -3.624212 0.000000
v -0.000000 -3.599037 -0.060776
v -0.000000 -3.538261 -0.085951
v -0.000000 -3.477485 -0.060776
v -0.068829 -3.466954 0.000000
v -0.064797 -3.491270 0.060776
v -0.055065 -3.549976 0.085951
v -0.045330 -3.608681 0.060776
v -0.041298 -3.632998 -0.000000
v -0.045330 -3.608681 -0.060776
v -0.055065 -3.549976 -0.085951
v -0.064797 -3.491270 -0.060776
v -0.132969 -3.509887 0.000000
v -0.125179 -3.531688 0.060776
v -0.106377 -3.584322 0.085951
v -0.087570 -3.636955 0.060776
v -0.079781 -3.658757 -0.000000
v -0.087570 -3.636955 -0.060776
v -0.106377 -3.584322 -0.085951
v -0.125179 -3.531688 -0.060776
v -0.188047 -3.578182 0.000000
v -0.177033 -3.595984 0.060776
v -0.150438 -3.638958 0.085951
v -0.123844 -3.681934 0.060776
v -0.112827 -3.699735 -0.000000
v -0.123844 -3.681934 -0.060776
v -0.150438 -3.638958 -0.085951
v -0.177033 -3.595984 -0.060776
v -0.230311 -3.667187 -0.000000
v -0.216820 -3.679775 0.060776
v -0.184248 -3.710162 0.085951
v -0.151678 -3.740550 0.060776
v -0.138187 -3.753138 -0.000000
v -0.151678 -3.740550 -0.060776
v -0.184248 -3.710162 -0.085951
v -0.216820 -3.679775 -0.060776
v -0.256878 -3.770835 -0.000000
v -0.241831 -3.777351 0.060776
v -0.205502 -3.793081 0.085951
v -0.169174 -3.808810 0.060776
v -0.154127 -3.815327 -0.000000
v -0.169174 -3.808810 -0.060776
v -0.205502 -3.793081 -0.085951
v -0.241831 -3.777351 -0.060776
v -0.265940 -3.882063 -0.000000
v -0.250361 -3.882063 0.060776
v -0.212751 -3.882063 0.085951
v -0.175142 -3.882063 0.060776
v -0.159563 -3.882063 -0.000000
v -0.175142 -3.882063 -0.060776
v -0.212751 -3.882063 -0.085951
v -0.250361 -3.882063 -0.060776
v -0.256878 -3.993291 -0.000000
v -0.241831 -3.986776 0.060776
v -0.205502 -3.971046 0.085951
v -0.169174 -3.955316 0.060776
v -0.154127 -3.948800 -0.000000
v -0.169174 -3.955316 -0.060776
v -0.205502 -3.971046 -0.085951
v -0.241831 -3.986776 -0.060776
v -0.230311 -4.096939 -0.000000
v -0.216820 -4.084352 0.060776
v -0.184248 -4.053964 0.085951
v -0.151678 -4.023576 0.060776
v -0.138187 -4.010989 -0.000000
v -0.151678 -4.023576 -0.060776
v -0.184248 -4.053964 -0.085951
v -0.216820 -4.084352 -0.060776
v -0.188047 -4.185944 -0.000000
v -0.177033 -4.168143 0.060776
v -0.150438 -4.125168 0.085951
v -0.123844 -4.082192 0.060776
v -0.112827 -4.064391 -0.000000
v -0.123844 -4.082192 -0.060776
v -0.150438 -4.125168 -0.085951
v -0.177033 -4.168143 -0.060776
v -0.132969 -4.254240 -0.000000
v -0.125179 -4.232438 0.060776
v -0.106377 -4.179805 0.085951
v -0.087570 -4.127171 0.060776
v -0.079781 -4.105369 -0.000000
v -0.087570 -4.127171 -0.060776
v -0.106377 -4.179805 -0.085951
v -0.125179 -4.232438 -0.060776
v -0.068829 -4.297172 -0.000000
v -0.064797 -4.272856 0.060776
v -0.055065 -4.214150 0.085951
v -0.045330 -4.155445 0.060776
v -0.041298 -4.131128 -0.000000
v -0.045330 -4.155445 -0.060776
v -0.055065 -4.214150 -0.085951
v -0.064797 -4.272856 -0.060776
v -0.000000 -4.311815 -0.000000
v -0.000000 -4.286641 0.060776
v -0.000000 -4.225865 0.085951
v -0.000000 -4.165089 0.060776
v -0.000000 -4.139915 -0.000000
v -0.000000 -4.165089 -0.060776
v -0.000000 -4.225865 -0.085951
v -0.000000 -4.286641 -0.060776
v 0.068829 -4.297173 -0.000000
v 0.064796 -4.272856 0.060776
v 0.055065 -4.214150 0.085951
v 0.045330 -4.155445 0.060776
v 0.041298 -4.131128 -0.000000
v 0.045330 -4.155445 -0.060776
v 0.055065 -4.214150 -0.085951
v 0.064796 -4.272856 -0.060776
v 0.132969 -4.254240 -0.000000
v 0.125179 -4.232438 0.060776
v 0.106377 -4.179804 0.085951
v 0.087570 -4.127171 0.060776
v 0.079780 -4.105369 -0.000000
v 0.087570 -4.127171 -0.060776
v 0.106377 -4.179804 -0.085951
v 0.125179 -4.232438 -0.060776
v 0.188049 -4.185944 -0.000000
v 0.177032 -4.168143 0.060776
v 0.150436 -4.125168 0.085951
v 0.123844 -4.082192 0.060776
v 0.112827 -4.064392 -0.000000
v 0.123844 -4.082192 -0.060776
v 0.150436 -4.125168 -0.085951
v 0.177032 -4.168143 -0.060776
v 0.230308 -4.096939 -0.000000
v 0.216820 -4.084352 0.060776
v 0.184250 -4.053964 0.085951
v 0.151676 -4.023576 0.060776
v 0.138187 -4.010989 -0.000000
v 0.151676 -4.023576 -0.060776
v 0.184250 -4.053964 -0.085951
v 0.216820 -4.084352 -0.060776
v 0.256878 -3.993291 -0.000000
v 0.241829 -3.986776 0.060776
v 0.205501 -3.971046 0.085951
v 0.169174 -3.955316 0.060776
v 0.154125 -3.948800 -0.000000
v 0.169174 -3.955316 -0.060776
v 0.205501 -3.971046 -0.085951
v 0.241829 -3.986776 -0.060776
v -0.000000 -4.397111 -0.265940
v 0.060776 -4.397111 -0.250361
v 0.085949 -4.397111 -0.212752
v 0.060776 -4.397111 -0.175143
v -0.000000 -4.397111 -0.159564
v -0.060776 -4.397111 -0.175143
v -0.085949 -4.397111 -0.212752
v -0.060776 -4.397111 -0.250361
v -0.000000 -4.285883 -0.256878
v 0.060776 -4.292398 -0.241831
v 0.085949 -4.308128 -0.205502
v 0.060776 -4.323859 -0.169174
v -0.000000 -4.330375 -0.154127
v -0.060776 -4.323859 -0.169174
v -0.085949 -4.308128 -0.205502
v -0.060776 -4.292398 -0.241831
v -0.000000 -4.182235 -0.230311
v 0.060776 -4.194822 -0.216820
v 0.085949 -4.225210 -0.184249
v 0.060776 -4.255598 -0.151678
v -0.000000 -4.268186 -0.138187
v -0.060776 -4.255598 -0.151678
v -0.085949 -4.225210 -0.184249
v -0.060776 -4.194822 -0.216820
v -0.000000 -4.093230 -0.188048
v 0.060776 -4.111032 -0.177032
v 0.085949 -4.154006 -0.150439
v 0.060776 -4.196981 -0.123844
v -0.000000 -4.214783 -0.112829
v -0.060776 -4.196981 -0.123844
v -0.085949 -4.154006 -0.150439
v -0.060776 -4.111032 -0.177032
v -0.000000 -4.024935 -0.132970
v 0.060776 -4.046736 -0.125181
v 0.085949 -4.099370 -0.106376
v 0.060776 -4.152003 -0.087571
v -0.000000 -4.173805 -0.079782
v -0.060776 -4.152003 -0.087571
v -0.085949 -4.099370 -0.106376
v -0.060776 -4.046736 -0.125181
v -0.000000 -3.982002 -0.068831
v 0.060776 -4.006319 -0.064799
v 0.085949 -4.065024 -0.055064
v 0.060776 -4.123729 -0.045330
v -0.000000 -4.148046 -0.041299
v -0.060776 -4.123729 -0.045330
v -0.085949 -4.065024 -0.055064
v -0.060776 -4.006319 -0.064799
v -0.000000 -3.967359 -0.000000
v 0.060776 -3.992533 -0.000000
v 0.085949 -4.053309 -0.000000
v 0.060776 -4.114085 -0.000000
v -0.000000 -4.139259 -0.000000
v -0.060776 -4.114085 -0.000000
v -0.085949 -4.053309 -0.000000
v -0.060776 -3.992533 -0.000000
v -0.000000 -3.982002 0.068830
v 0.060776 -4.006319 0.064798
v 0.085949 -4.065024 0.055064
v 0.060776 -4.123729 0.045330
v -0.000000 -4.148046 0.041298
v -0.060776 -4.123729 0.045330
v -0.085949 -4.065024 0.055064
v -0.060776 -4.006319 0.064798
v -0.000000 -4.024935 0.132969
v 0.060776 -4.046736 0.125180
v 0.085949 -4.099370 0.106375
v 0.060776 -4.152003 0.087570
v -0.000000 -4.173805 0.079781
v -0.060776 -4.152003 0.087570
v -0.085949 -4.099370 0.106375
v -0.060776 -4.046736 0.125180
v -0.000000 -4.093230 0.188047
v 0.060776 -4.111032 0.177032
v 0.085949 -4.154006 0.150438
v 0.060776 -4.196981 0.123844
v -0.000000 -4.214783 0.112828
v -0.060776 -4.196981 0.123844
v -0.085949 -4.154006 0.150438
v -0.060776 -4.111032 0.177032
v -0.000000 -4.182235 0.230310
v 0.060776 -4.194822 0.216819
v 0.085949 -4.225210 0.184248
v 0.060776 -4.255598 0.151677
v -0.000000 -4.268186 0.138186
v -0.060776 -4.255598 0.151677
v -0.085949 -4.225210 0.184248
v -0.060776 -4.194822 0.216819
v -0.000000 -4.285883 0.256877
v 0.060776 -4.292398 0.241830
v 0.085949 -4.308128 0.205502
v 0.060776 -4.323859 0.169174
v -0.000000 -4.330375 0.154126
v -0.060776 -4.323859 0.169174
v -0.085949 -4.308128 0.205502
v -0.060776 -4.292398 0.241830
v -0.000000 -4.397111 0.265939
v 0.060776 -4.397111 0.250361
v 0.085949 -4.397111 0.212751
v 0.060776 -4.397111 0.175142
v -0.000000 -4.397111 0.159563
v -0.060776 -4.397111 0.175142
v -0.085949 -4.397111 0.212751
v -0.060776 -4.397111 0.250361
v -0.000000 -4.508339 0.256877
v 0.060776 -4.501823 0.241830
v 0.085949 -4.486094 0.205502
v 0.060776 -4.470364 0.169174
v -0.000000 -4.463848 0.154126
v -0.060776 -4.470364 0.169174
v -0.085949 -4.486094 0.205502
v -0.060776 -4.501823 0.241830
v -0.000000 -4.611987 0.230310
v 0.060776 -4.599401 0.216819
v 0.085949 -4.569012 0.184248
v 0.060776 -4.538624 0.151677
v -0.000000 -4.526037 0.138186
v -0.060776 -4.538624 0.151677
v -0.085949 -4.569012 0.184248
v -0.060776 -4.599401 0.216819
v -0.000000 -4.700992 0.188047
v 0.060776 -4.683191 0.177032
v 0.085949 -4.640216 0.150438
v 0.060776 -4.597240 0.123844
v -0.000000 -4.579439 0.112828
v -0.060776 -4.597240 0.123844
v -0.085949 -4.640216 0.150438
v -0.060776 -4.683191 0.177032
v -0.000000 -4.769288 0.132969
v 0.060776 -4.747486 0.125180
v 0.085949 -4.694853 0.106375
v 0.060776 -4.642219 0.087570
v -0.000000 -4.620418 0.079781
v -0.060776 -4.642219 0.087570
v -0.085949 -4.694853 0.106375
v -0.060776 -4.747486 0.125180
v -0.000000 -4.812221 0.068830
v 0.060776 -4.787904 0.064798
v 0.085949 -4.729198 0.055064
v 0.060776 -4.670493 0.045330
v -0.000000 -4.646176 0.041298
v -0.060776 -4.670493 0.045330
v -0.085949 -4.729198 0.055064
v -0.060776 -4.787904 0.064798
v -0.000000 -4.826863 -0.000000
v 0.060776 -4.801689 -0.000000
v 0.085949 -4.740913 -0.000000
v 0.060776 -4.680137 -0.000000
v -0.000000 -4.654963 -0.000000
v -0.060776 -4.680137 -0.000000
v -0.085949 -4.740913 -0.000000
v -0.060776 -4.801689 -0.000000
v -0.000000 -4.812221 -0.068830
v 0.060776 -4.787904 -0.064799
v 0.085949 -4.729198 -0.055064
v 0.060776 -4.670493 -0.045330
v -0.000000 -4.646176 -0.041298
v -0.060776 -4.670493 -0.045330
v -0.085949 -4.729198 -0.055064
v -0.060776 -4.787904 -0.064799
v -0.000000 -4.769288 -0.132970
v 0.060776 -4.747486 -0.125181
v 0.085949 -4.694853 -0.106376
v 0.060776 -4.642219 -0.087571
v -0.000000 -4.620418 -0.079782
v -0.060776 -4.642219 -0.087571
v -0.085949 -4.694853 -0.106376
v -0.060776 -4.747486 -0.125181
v -0.000000 -4.700993 -0.188048
v 0.060776 -4.683191 -0.177032
v 0.085949 -4.640216 -0.150438
v 0.060776 -4.597240 -0.123844
v -0.000000 -4.579440 -0.112829
v -0.060776 -4.597240 -0.123844
v -0.085949 -4.640216 -0.150438
v -0.060776 -4.683191 -0.177032
v -0.000000 -4.611988 -0.230311
v 0.060776 -4.599401 -0.216820
v 0.085949 -4.569013 -0.184249
v 0.060776 -4.538624 -0.151678
v -0.000000 -4.526037 -0.138187
v -0.060776 -4.538624 -0.151678
v -0.085949 -4.569013 -0.184249
v -0.060776 -4.599401 -0.216820
v -0.000000 -4.508339 -0.256878
v 0.060776 -4.501823 -0.241831
v 0.085949 -4.486094 -0.205503
v 0.060776 -4.470364 -0.169174
v -0.000000 -4.463848 -0.154127
v -0.060776 -4.470364 -0.169174
v -0.085949 -4.486094 -0.205503
v -0.060776 -4.501823 -0.241831
v 0.265938 -2.841527 0.000000
v 0.250362 -2.841527 0.060776
v 0.212753 -2.841527 0.085951
v 0.175140 -2.841527 0.060776
v 0.159565 -2.841527 0.000000
v 0.175140 -2.841527 -0.060776
v 0.212753 -2.841527 -0.085951
v 0.250362 -2.841527 -0.060776
v 0.256878 -2.730298 0.000000
v 0.241829 -2.736814 0.060776
v 0.205501 -2.752544 0.085951
v 0.169174 -2.768275 0.060776
v 0.154125 -2.774790 0.000000
v 0.169174 -2.768275 -0.060776
v 0.205501 -2.752544 -0.085951
v 0.241829 -2.736814 -0.060776
v 0.230308 -2.626651 0.000000
v 0.216820 -2.639238 0.060776
v 0.184250 -2.669626 0.085951
v 0.151676 -2.700014 0.060776
v 0.138187 -2.712601 0.000000
v 0.151676 -2.700014 -0.060776
v 0.184250 -2.669626 -0.085951
v 0.216820 -2.639238 -0.060776
v 0.188049 -2.537646 0.000000
v 0.177032 -2.555447 0.060776
v 0.150436 -2.598422 0.085951
v 0.123844 -2.641397 0.060776
v 0.112827 -2.659198 0.000000
v 0.123844 -2.641397 -0.060776
v 0.150436 -2.598422 -0.085951
v 0.177032 -2.555447 -0.060776
v 0.132969 -2.469350 0.000000
v 0.125179 -2.491152 0.060776
v 0.106377 -2.543785 0.085951
v 0.087570 -2.596420 0.060776
v 0.079780 -2.618221 0.000000
v 0.087570 -2.596420 -0.060776
v 0.106377 -2.543785 -0.085951
v 0.125179 -2.491152 -0.060776
v 0.068829 -2.426418 0.000000
v 0.064796 -2.450734 0.060776
v 0.055065 -2.509440 0.085951
v 0.045330 -2.568145 0.060776
v 0.041298 -2.592462 0.000000
v 0.045330 -2.568145 -0.060776
v 0.055065 -2.509440 -0.085951
v 0.064796 -2.450734 -0.060776
v -0.000000 -2.411774 0.000000
v -0.000000 -2.436949 0.060776
v -0.000000 -2.497725 0.085951
v -0.000000 -2.558501 0.060776
v -0.000000 -2.583676 0.000000
v -0.000000 -2.558501 -0.060776
v -0.000000 -2.497725 -0.085951
v -0.000000 -2.436949 -0.060776
v -0.068829 -2.426418 0.000000
v -0.064797 -2.450734 0.060776
v -0.055065 -2.509440 0.085951
v -0.045330 -2.568145 0.060776
v -0.041298 -2.592462 0.000000
v -0.045330 -2.568145 -0.060776
v -0.055065 -2.509440 -0.085951
v -0.064797 -2.450734 -0.060776
v -0.132969 -2.469350 0.000000
v -0.125179 -2.491152 0.060776
v -0.106377 -2.543785 0.085951
v -0.087570 -2.596420 0.060776
v -0.079781 -2.618221 0.000000
v -0.087570 -2.596420 -0.060776
v -0.106377 -2.543785 -0.085951
v -0.125179 -2.491152 -0.060776
v -0.188047 -2.537647 0.000000
v -0.177033 -2.555447 0.060776
v -0.150438 -2.598422 0.085951
v -0.123844 -2.641398 0.060776
v -0.112827 -2.659198 0.000000
v -0.123844 -2.641398 -0.060776
v -0.150438 -2.598422 -0.085951
v -0.177033 -2.555447 -0.060776
v -0.230311 -2.626651 0.000000
v -0.216820 -2.639238 0.060776
v -0.184248 -2.669626 0.085951
v -0.151678 -2.700014 0.060776
v -0.138187 -2.712601 0.000000
v -0.151678 -2.700014 -0.060776
v -0.184248 -2.669626 -0.085951
v -0.216820 -2.639238 -0.060776
v -0.256878 -2.730298 0.000000
v -0.241831 -2.736815 0.060776
v -0.205502 -2.752544 0.085951
v -0.169174 -2.768275 0.060776
v -0.154127 -2.774790 0.000000
v -0.169174 -2.768275 -0.060776
v -0.205502 -2.752544 -0.085951
v -0.241831 -2.736815 -0.060776
v -0.265940 -2.841527 0.000000
v -0.250361 -2.841527 0.060776
v -0.212751 -2.841527 0.085951
v -0.175142 -2.841527 0.060776
v -0.159563 -2.841527 0.000000
v -0.175142 -2.841527 -0.060776
v -0.212751 -2.841527 -0.085951
v -0.250361 -2.841527 -0.060776
v -0.256878 -2.952755 0.000000
v -0.241831 -2.946239 0.060776
v -0.205502 -2.930510 0.085951
v -0.169174 -2.914779 0.060776
v -0.154127 -2.908263 0.000000
v -0.169174 -2.914779 -0.060776
v -0.205502 -2.930510 -0.085951
v -0.241831 -2.946239 -0.060776
v -0.230311 -3.056403 0.000000
v -0.216820 -3.043816 0.060776
v -0.184248 -3.013428 0.085951
v -0.151678 -2.983040 0.060776
v -0.138187 -2.970453 0.000000
v -0.151678 -2.983040 -0.060776
v -0.184248 -3.013428 -0.085951
v -0.216820 -3.043816 -0.060776
v -0.188047 -3.145408 0.000000
v -0.177033 -3.127607 0.060776
v -0.150438 -3.084631 0.085951
v -0.123844 -3.041656 0.060776
v -0.112827 -3.023855 0.000000
v -0.123844 -3.041656 -0.060776
v -0.150438 -3.084631 -0.085951
v -0.177033 -3.127607 -0.060776
v -0.132969 -3.213703 0.000000
v -0.125179 -3.191902 0.060776
v -0.106377 -3.139268 0.085951
v -0.087570 -3.086635 0.060776
v -0.079781 -3.064833 0.000000
v -0.087570 -3.086635 -0.060776
v -0.106377 -3.139268 -0.085951
v -0.125179 -3.191902 -0.060776
v -0.068829 -3.256636 0.000000
v -0.064797 -3.232319 0.060776
v -0.055065 -3.173614 0.085951
v -0.045330 -3.114908 0.060776
v -0.041298 -3.090592 0.000000
v -0.045330 -3.114908 -0.060776
v -0.055065 -3.173614 -0.085951
v -0.064797 -3.232319 -0.060776
v -0.000000 -3.271280 0.000000
v -0.000000 -3.246105 0.060776
v -0.000000 -3.185329 0.085951
v -0.000000 -3.124553 0.060776
v -0.000000 -3.099379 0.000000
v -0.000000 -3.124553 -0.060776
v -0.000000 -3.185329 -0.085951
v -0.000000 -3.246105 -0.060776
v 0.068829 -3.256636 0.000000
v 0.064796 -3.232319 0.060776
v 0.055065 -3.173614 0.085951
v 0.045330 -3.114909 0.060776
v 0.041298 -3.090593 0.000000
v 0.045330 -3.114909 -0.060776
v 0.055065 -3.173614 -0.085951
v 0.064796 -3.232319 -0.060776
v 0.132969 -3.213703 0.000000
v 0.125179 -3.191902 0.060776
v 0.106377 -3.139268 0.085951
v 0.087570 -3.086635 0.060776
v 0.079780 -3.064833 0.000000
v 0.087570 -3.086635 -0.060776
v 0.106377 -3.139268 -0.085951
v 0.125179 -3.191902 -0.060776
v 0.188049 -3.145408 0.000000
v 0.177032 -3.127608 0.060776
v 0.150436 -3.084632 0.085951
v 0.123844 -3.041657 0.060776
v 0.112827 -3.023855 0.000000
v 0.123844 -3.041657 -0.060776
v 0.150436 -3.084632 -0.085951
v 0.177032 -3.127608 -0.060776
v 0.230308 -3.056403 0.000000
v 0.216820 -3.043816 0.060776
v 0.184250 -3.013428 0.085951
v 0.151676 -2.983040 0.060776
v 0.138187 -2.970453 0.000000
v 0.151676 -2.983040 -0.060776
v 0.184250 -3.013428 -0.085951
v 0.216820 -3.043816 -0.060776
v 0.256878 -2.952754 0.000000
v 0.241829 -2.946239 0.060776
v 0.205501 -2.930510 0.085951
v 0.169174 -2.914779 0.060776
v 0.154125 -2.908263 0.000000
v 0.169174 -2.914779 -0.060776
v 0.205501 -2.930510 -0.085951
v 0.241829 -2.946239 -0.060776
v -0.000000 -3.356575 -0.265940
v 0.060776 -3.356575 -0.250361
v 0.085949 -3.356575 -0.212752
v 0.060776 -3.356575 -0.175142
v -0.000000 -3.356575 -0.159564
v -0.060776 -3.356575 -0.175142
v -0.085949 -3.356575 -0.212752
v -0.060776 -3.356575 -0.250361
v -0.000000 -3.245347 -0.256878
v 0.060776 -3.251863 -0.241831
v 0.085949 -3.267592 -0.205502
v 0.060776 -3.283323 -0.169174
v -0.000000 -3.289838 -0.154127
v -0.060776 -3.283323 -0.169174
v -0.085949 -3.267592 -0.205502
v -0.060776 -3.251863 -0.241831
v -0.000000 -3.141698 -0.230311
v 0.060776 -3.154286 -0.216819
v 0.085949 -3.184674 -0.184249
v 0.060776 -3.215062 -0.151678
v -0.000000 -3.227649 -0.138186
v -0.060776 -3.215062 -0.151678
v -0.085949 -3.184674 -0.184249
v -0.060776 -3.154286 -0.216819
v -0.000000 -3.052695 -0.188048
v 0.060776 -3.070495 -0.177032
v 0.085949 -3.113470 -0.150438
v 0.060776 -3.156446 -0.123844
v -0.000000 -3.174246 -0.112829
v -0.060776 -3.156446 -0.123844
v -0.085949 -3.113470 -0.150438
v -0.060776 -3.070495 -0.177032
v -0.000000 -2.984398 -0.132970
v 0.060776 -3.006200 -0.125181
v 0.085949 -3.058833 -0.106376
v 0.060776 -3.111468 -0.087571
v -0.000000 -3.133269 -0.079782
v -0.060776 -3.111468 -0.087571
v -0.085949 -3.058833 -0.106376
v -0.060776 -3.006200 -0.125181
v -0.000000 -2.941466 -0.068831
v 0.060776 -2.965782 -0.064799
v 0.085949 -3.024488 -0.055064
v 0.060776 -3.083193 -0.045330
v -0.000000 -3.107510 -0.041299
v -0.060776 -3.083193 -0.045330
v -0.085949 -3.024488 -0.055064
v -0.060776 -2.965782 -0.064799
v -0.000000 -2.926822 -0.000000
v 0.060776 -2.951996 -0.000000
v 0.085949 -3.012773 -0.000000
v 0.060776 -3.073550 -0.000000
v -0.000000 -3.098724 -0.000000
v -0.060776 -3.073550 -0.000000
v -0.085949 -3.012773 -0.000000
v -0.060776 -2.951996 -0.000000
v -0.000000 -2.941466 0.068830
v 0.060776 -2.965782 0.064798
v 0.085949 -3.024488 0.055064
v 0.060776 -3.083193 0.045330
v -0.000000 -3.107510 0.041298
v -0.060776 -3.083193 0.045330
v -0.085949 -3.024488 0.055064
v -0.060776 -2.965782 0.064798
v -0.000000 -2.984398 0.132969
v 0.060776 -3.006200 0.125180
v 0.085949 -3.058833 0.106375
v 0.060776 -3.111468 0.087570
v -0.000000 -3.133269 0.079781
v -0.060776 -3.111468 0.087570
v -0.085949 -3.058833 0.106375
v -0.060776 -3.006200 0.125180
v -0.000000 -3.052695 0.188047
v 0.060776 -3.070495 0.177032
v 0.085949 -3.113470 0.150438
v 0.060776 -3.156446 0.123844
v -0.000000 -3.174247 0.112828
v -0.060776 -3.156446 0.123844
v -0.085949 -3.113470 0.150438
v -0.060776 -3.070495 0.177032
v -0.000000 -3.141698 0.230310
v 0.060776 -3.154286 0.216819
v 0.085949 -3.184674 0.184248
v 0.060776 -3.215062 0.151677
v -0.000000 -3.227649 0.138186
v -0.060776 -3.215062 0.151677
v -0.085949 -3.184674 0.184248
v -0.060776 -3.154286 0.216819
v -0.000000 -3.245347 0.256877
v 0.060776 -3.251863 0.241830
v 0.085949 -3.267592 0.205502
v 0.060776 -3.283323 0.169174
v -0.000000 -3.289838 0.154126
v -0.060776 -3.283323 0.169174
v -0.085949 -3.267592 0.205502
v -0.060776 -3.251863 0.241830
v -0.000000 -3.356575 0.265939
v 0.060776 -3.356575 0.250361
v 0.085949 -3.356575 0.212751
v 0.060776 -3.356575 0.175142
v -0.000000 -3.356575 0.159563
v -0.060776 -3.356575 0.175142
v -0.085949 -3.356575 0.212751
v -0.060776 -3.356575 0.250361
v -0.000000 -3.467803 0.256877
v 0.060776 -3.461288 0.241830
v 0.085949 -3.445558 0.205502
v 0.060776 -3.429827 0.169174
v -0.000000 -3.423311 0.154126
v -0.060776 -3.429827 0.169174
v -0.085949 -3.445558 0.205502
v -0.060776 -3.461288 0.241830
v -0.000000 -3.571451 0.230310
v 0.060776 -3.558864 0.216819
v 0.085949 -3.528476 0.184248
v 0.060776 -3.498088 0.151677
v -0.000000 -3.485501 0.138186
v -0.060776 -3.498088 0.151677
v -0.085949 -3.528476 0.184248
v -0.060776 -3.558864 0.216819
v -0.000000 -3.660456 0.188047
v 0.060776 -3.642655 0.177032
v 0.085949 -3.599679 0.150438
v 0.060776 -3.556705 0.123844
v -0.000000 -3.538903 0.112828
v -0.060776 -3.556705 0.123844
v -0.085949 -3.599679 0.150438
v -0.060776 -3.642655 0.177032
v -0.000000 -3.728751 0.132969
v 0.060776 -3.706950 0.125180
v 0.085949 -3.654316 0.106375
v 0.060776 -3.601683 0.087570
v -0.000000 -3.579881 0.079781
v -0.060776 -3.601683 0.087570
v -0.085949 -3.654316 0.106375
v -0.060776 -3.706950 0.125180
v -0.000000 -3.771684 0.068830
v 0.060776 -3.747367 0.064798
v 0.085949 -3.688662 0.055064
v 0.060776 -3.629956 0.045330
v -0.000000 -3.605641 0.041298
v -0.060776 -3.629956 0.045330
v -0.085949 -3.688662 0.055064
v -0.060776 -3.747367 0.064798
v -0.000000 -3.786328 -0.000000
v 0.060776 -3.761153 -0.000000
v 0.085949 -3.700377 -0.000000
v 0.060776 -3.639601 -0.000000
v -0.000000 -3.614426 -0.000000
v -0.060776 -3.639601 -0.000000
v -0.085949 -3.700377 -0.000000
v -0.060776 -3.761153 -0.000000
v -0.000000 -3.771684 -0.068830
v 0.060776 -3.747367 -0.064799
v 0.085949 -3.688662 -0.055064
v 0.060776 -3.629957 -0.045330
v -0.000000 -3.605641 -0.041298
v -0.060776 -3.629957 -0.045330
v -0.085949 -3.688662 -0.055064
v -0.060776 -3.747367 -0.064799
v -0.000000 -3.728751 -0.132970
v 0.060776 -3.706950 -0.125181
v 0.085949 -3.654316 -0.106376
v 0.060776 -3.601683 -0.087571
v -0.000000 -3.579881 -0.079782
v -0.060776 -3.601683 -0.087571
v -0.085949 -3.654316 -0.106376
v -0.060776 -3.706950 -0.125181
v -0.000000 -3.660456 -0.188048
v 0.060776 -3.642655 -0.177032
v 0.085949 -3.599680 -0.150438
v 0.060776 -3.556705 -0.123844
v -0.000000 -3.538903 -0.112829
v -0.060776 -3.556705 -0.123844
v -0.085949 -3.599680 -0.150438
v -0.060776 -3.642655 -0.177032
v -0.000000 -3.571451 -0.230311
v 0.060776 -3.558864 -0.216820
v 0.085949 -3.528476 -0.184249
v 0.060776 -3.498088 -0.151678
v -0.000000 -3.485501 -0.138186
v -0.060776 -3.498088 -0.151678
v -0.085949 -3.528476 -0.184249
v -0.060776 -3.558864 -0.216820
v -0.000000 -3.467803 -0.256878
v 0.060776 -3.461288 -0.241831
v 0.085949 -3.445558 -0.205502
v 0.060776 -3.429827 -0.169174
v -0.000000 -3.423311 -0.154127
v -0.060776 -3.429827 -0.169174
v -0.085949 -3.445558 -0.205502
v -0.060776 -3.461288 -0.241831
v 0.265938 -1.800990 0.000000
v 0.250362 -1.800990 0.060776
v 0.212753 -1.800990 0.085951
v 0.175140 -1.800990 0.060776
v 0.159565 -1.800990 0.000000
v 0.175140 -1.800990 -0.060776
v 0.212753 -1.800990 -0.085951
v 0.250362 -1.800990 -0.060776
v 0.256878 -1.689761 0.000000
v 0.241829 -1.696277 0.060776
v 0.205501 -1.712008 0.085951
v 0.169174 -1.727738 0.060776
v 0.154125 -1.734253 0.000000
v 0.169174 -1.727738 -0.060776
v 0.205501 -1.712008 -0.085951
v 0.241829 -1.696277 -0.060776
v 0.230308 -1.586114 0.000000
v 0.216820 -1.598701 0.060776
v 0.184250 -1.629089 0.085951
v 0.151676 -1.659477 0.060776
v 0.138187 -1.672064 0.000000
v 0.151676 -1.659477 -0.060776
v 0.184250 -1.629089 -0.085951
v 0.216820 -1.598701 -0.060776
v 0.188049 -1.497109 0.000000
v 0.177032 -1.514910 0.060776
v 0.150436 -1.557885 0.085951
v 0.123844 -1.600860 0.060776
v 0.112827 -1.618661 0.000000
v 0.123844 -1.600860 -0.060776
v 0.150436 -1.557885 -0.085951
v 0.177032 -1.514910 -0.060776
v 0.132969 -1.428814 0.000000
v 0.125179 -1.450615 0.060776
v 0.106377 -1.503248 0.085951
v 0.087570 -1.555883 0.060776
v 0.079780 -1.577684 0.000000
v 0.087570 -1.555883 -0.060776
v 0.106377 -1.503248 -0.085951
v 0.125179 -1.450615 -0.060776
v 0.068829 -1.385881 0.000000
v 0.064796 -1.410197 0.060776
v 0.055065 -1.468903 0.085951
v 0.045330 -1.527608 0.060776
v 0.041298 -1.551925 0.000000
v 0.045330 -1.527608 -0.060776
v 0.055065 -1.468903 -0.085951
v 0.064796 -1.410197 -0.060776
v -0.000000 -1.371238 0.000000
v -0.000000 -1.396412 0.060776
v -0.000000 -1.457188 0.085951
v -0.000000 -1.517965 0.060776
v -0.000000 -1.543139 0.000000
v -0.000000 -1.517965 -0.060776
v -0.000000 -1.457188 -0.085951
v -0.000000 -1.396412 -0.060776
v -0.068829 -1.385881 0.000000
v -0.064797 -1.410197 0.060776
v -0.055065 -1.468903 0.085951
v -0.045330 -1.527608 0.060776
v -0.041298 -1.551925 0.000000
v -0.045330 -1.527608 -0.060776
v -0.055065 -1.468903 -0.085951
v -0.064797 -1.410197 -0.060776
v -0.132969 -1.428813 0.000000
v -0.125179 -1.450615 0.060776
v -0.106377 -1.503248 0.085951
v -0.087570 -1.555883 0.060776
v -0.079781 -1.577684 0.000000
v -0.087570 -1.555883 -0.060776
v -0.106377 -1.503248 -0.085951
v -0.125179 -1.450615 -0.060776
v -0.188047 -1.497110 0.000000
v -0.177033 -1.514911 0.060776
v -0.150438 -1.557885 0.085951
v -0.123844 -1.600861 0.060776
v -0.112827 -1.618661 0.000000
v -0.123844 -1.600861 -0.060776
v -0.150438 -1.557885 -0.085951
v -0.177033 -1.514911 -0.060776
v -0.230311 -1.586114 0.000000
v -0.216820 -1.598701 0.060776
v -0.184248 -1.629089 0.085951
v -0.151678 -1.659477 0.060776
v -0.138187 -1.672064 0.000000
v -0.151678 -1.659477 -0.060776
v -0.184248 -1.629089 -0.085951
v -0.216820 -1.598701 -0.060776
v -0.256878 -1.689761 0.000000
v -0.241831 -1.696278 0.060776
v -0.205502 -1.712008 0.085951
v -0.169174 -1.727738 0.060776
v -0.154127 -1.734253 0.000000
v -0.169174 -1.727738 -0.060776
v -0.205502 -1.712008 -0.085951
v -0.241831 -1.696278 -0.060776
v -0.265940 -1.800990 0.000000
v -0.250361 -1.800990 0.060776
v -0.212751 -1.800990 0.085951
v -0.175142 -1.800990 0.060776
v -0.159563 -1.800990 0.000000
v -0.175142 -1.800990 -0.060776
v -0.212751 -1.800990 -0.085951
v -0.250361 -1.800990 -0.060776
v -0.256878 -1.912218 0.000000
v -0.241831 -1.905702 0.060776
v -0.205502 -1.889973 0.085951
v -0.169174 -1.874243 0.060776
v -0.154127 -1.867728 0.000000
v -0.169174 -1.874243 -0.060776
v -0.205502 -1.889973 -0.085951
v -0.241831 -1.905702 -0.060776
v -0.230311 -2.015867 0.000000
v -0.216820 -2.003279 0.060776
v -0.184248 -1.972891 0.085951
v -0.151678 -1.942503 0.060776
v -0.138187 -1.929916 0.000000
v -0.151678 -1.942503 -0.060776
v -0.184248 -1.972891 -0.085951
v -0.216820 -2.003279 -0.060776
v -0.188047 -2.104871 0.000000
v -0.177033 -2.087070 0.060776
v -0.150438 -2.044094 0.085951
v -0.123844 -2.001119 0.060776
v -0.112827 -1.983319 0.000000
v -0.123844 -2.001119 -0.060776
v -0.150438 -2.044094 -0.085951
v -0.177033 -2.087070 -0.060776
v -0.132969 -2.173167 0.000000
v -0.125179 -2.151366 0.060776
v -0.106377 -2.098731 0.085951
v -0.087570 -2.046098 0.060776
v -0.079781 -2.024296 0.000000
v -0.087570 -2.046098 -0.060776
v -0.106377 -2.098731 -0.085951
v -0.125179 -2.151366 -0.060776
v -0.068829 -2.216099 0.000000
v -0.064797 -2.191782 0.060776
v -0.055065 -2.133077 0.085951
v -0.045330 -2.074372 0.060776
v -0.041298 -2.050055 0.000000
v -0.045330 -2.074372 -0.060776
v -0.055065 -2.133077 -0.085951
v -0.064797 -2.191782 -0.060776
v -0.000000 -2.230743 0.000000
v -0.000000 -2.205569 0.060776
v -0.000000 -2.144792 0.085951
v -0.000000 -2.084016 0.060776
v -0.000000 -2.058842 0.000000
v -0.000000 -2.084016 -0.060776
v -0.000000 -2.144792 -0.085951
v -0.000000 -2.205569 -0.060776
v 0.068829 -2.216099 0.000000
v 0.064796 -2.191782 0.060776
v 0.055065 -2.133077 0.085951
v 0.045330 -2.074373 0.060776
v 0.041298 -2.050056 0.000000
v 0.045330 -2.074373 -0.060776
v 0.055065 -2.133077 -0.085951
v 0.064796 -2.191782 -0.060776
v 0.132969 -2.173167 0.000000
v 0.125179 -2.151366 0.060776
v 0.106377 -2.098731 0.085951
v 0.087570 -2.046098 0.060776
v 0.079780 -2.024296 0.000000
v 0.087570 -2.046098 -0.060776
v 0.106377 -2.098731 -0.085951
v 0.125179 -2.151366 -0.060776
v 0.188049 -2.104871 0.000000
v 0.177032 -2.087071 0.060776
v 0.150436 -2.044095 0.085951
v 0.123844 -2.001120 0.060776
v 0.112827 -1.983319 0.000000
v 0.123844 -2.001120 -0.060776
v 0.150436 -2.044095 -0.085951
v 0.177032 -2.087071 -0.060776
v 0.230308 -2.015867 0.000000
v 0.216820 -2.003279 0.060776
v 0.184250 -1.972891 0.085951
v 0.151676 -1.942503 0.060776
v 0.138187 -1.929916 0.000000
v 0.151676 -1.942503 -0.060776
v 0.184250 -1.972891 -0.085951
v 0.216820 -2.003279 -0.060776
v 0.256878 -1.912217 0.000000
v 0.241829 -1.905702 0.060776
v 0.205501 -1.889973 0.085951
v 0.169174 -1.874243 0.060776
v 0.154125 -1.867728 0.000000
v 0.169174 -1.874243 -0.060776
v 0.205501 -1.889973 -0.085951
v 0.241829 -1.905702 -0.060776
v -0.000000 -2.316038 -0.265940
v 0.060776 -2.316038 -0.250361
v 0.085949 -2.316038 -0.212752
v 0.060776 -2.316038 -0.175142
v -0.000000 -2.316038 -0.159564
v -0.060776 -2.316038 -0.175142
v -0.085949 -2.316038 -0.212752
v -0.060776 -2.316038 -0.250361
v -0.000000 -2.204810 -0.256878
v 0.060776 -2.211326 -0.241831
v 0.085949 -2.227056 -0.205502
v 0.060776 -2.242786 -0.169174
v -0.000000 -2.249301 -0.154127
v -0.060776 -2.242786 -0.169174
v -0.085949 -2.227056 -0.205502
v -0.060776 -2.211326 -0.241831
v -0.000000 -2.101162 -0.230311
v 0.060776 -2.113749 -0.216819
v 0.085949 -2.144137 -0.184248
v 0.060776 -2.174525 -0.151678
v -0.000000 -2.187112 -0.138186
v -0.060776 -2.174525 -0.151678
v -0.085949 -2.144137 -0.184248
v -0.060776 -2.113749 -0.216819
v -0.000000 -2.012158 -0.188048
v 0.060776 -2.029958 -0.177032
v 0.085949 -2.072933 -0.150438
v 0.060776 -2.115909 -0.123844
v -0.000000 -2.133709 -0.112829
v -0.060776 -2.115909 -0.123844
v -0.085949 -2.072933 -0.150438
v -0.060776 -2.029958 -0.177032
v -0.000000 -1.943861 -0.132970
v 0.060776 -1.965663 -0.125181
v 0.085949 -2.018296 -0.106376
v 0.060776 -2.070931 -0.087571
v -0.000000 -2.092732 -0.079782
v -0.060776 -2.070931 -0.087571
v -0.085949 -2.018296 -0.106376
v -0.060776 -1.965663 -0.125181
v -0.000000 -1.900929 -0.068830
v 0.060776 -1.925246 -0.064799
v 0.085949 -1.983951 -0.055064
v 0.060776 -2.042656 -0.045330
v -0.000000 -2.066973 -0.041298
v -0.060776 -2.042656 -0.045330
v -0.085949 -1.983951 -0.055064
v -0.060776 -1.925246 -0.064799
v -0.000000 -1.886285 -0.000000
v 0.060776 -1.911460 -0.000000
v 0.085949 -1.972236 -0.000000
v 0.060776 -2.033013 -0.000000
v -0.000000 -2.058187 -0.000000
v -0.060776 -2.033013 -0.000000
v -0.085949 -1.972236 -0.000000
v -0.060776 -1.911460 -0.000000
v -0.000000 -1.900929 0.068830
v 0.060776 -1.925246 0.064798
v 0.085949 -1.983951 0.055064
v 0.060776 -2.042656 0.045330
v -0.000000 -2.066973 0.041298
v -0.060776 -2.042656 0.045330
v -0.085949 -1.983951 0.055064
v -0.060776 -1.925246 0.064798
v -0.000000 -1.943861 0.132969
v 0.060776 -1.965663 0.125180
v 0.085949 -2.018296 0.106375
v 0.060776 -2.070931 0.087571
v -0.000000 -2.092732 0.079781
v -0.060776 -2.070931 0.087571
v -0.085949 -2.018296 0.106375
v -0.060776 -1.965663 0.125180
v -0.000000 -2.012158 0.188047
v 0.060776 -2.029958 0.177032
v 0.085949 -2.072933 0.150438
v 0.060776 -2.115909 0.123844
v -0.000000 -2.133710 0.112828
v -0.060776 -2.115909 0.123844
v -0.085949 -2.072933 0.150438
v -0.060776 -2.029958 0.177032
v -0.000000 -2.101162 0.230310
v 0.060776 -2.113749 0.216819
v 0.085949 -2.144137 0.184248
v 0.060776 -2.174525 0.151677
v -0.000000 -2.187112 0.138186
v -0.060776 -2.174525 0.151677
v -0.085949 -2.144137 0.184248
v -0.060776 -2.113749 0.216819
v -0.000000 -2.204810 0.256877
v 0.060776 -2.211326 0.241830
v 0.085949 -2.227056 0.205502
v 0.060776 -2.242786 0.169174
v -0.000000 -2.249301 0.154126
v -0.060776 -2.242786 0.169174
v -0.085949 -2.227056 0.205502
v -0.060776 -2.211326 0.241830
v -0.000000 -2.316038 0.265939
v 0.060776 -2.316038 0.250361
v 0.085949 -2.316038 0.212751
v 0.060776 -2.316038 0.175142
v -0.000000 -2.316038 0.159563
v -0.060776 -2.316038 0.175142
v -0.085949 -2.316038 0.212751
v -0.060776 -2.316038 0.250361
v -0.000000 -2.427266 0.256877
v 0.060776 -2.420751 0.241830
v 0.085949 -2.405021 0.205502
v 0.060776 -2.389291 0.169174
v -0.000000 -2.382776 0.154126
v -0.060776 -2.389291 0.169174
v -0.085949 -2.405021 0.205502
v -0.060776 -2.420751 0.241830
v -0.000000 -2.530915 0.230310
v 0.060776 -2.518327 0.216819
v 0.085949 -2.487939 0.184248
v 0.060776 -2.457551 0.151677
v -0.000000 -2.444964 0.138186
v -0.060776 -2.457551 0.151677
v -0.085949 -2.487939 0.184248
v -0.060776 -2.518327 0.216819
v -0.000000 -2.619919 0.188047
v 0.060776 -2.602119 0.177032
v 0.085949 -2.559143 0.150438
v 0.060776 -2.516168 0.123844
v -0.000000 -2.498367 0.112828
v -0.060776 -2.516168 0.123844
v -0.085949 -2.559143 0.150438
v -0.060776 -2.602119 0.177032
v -0.000000 -2.688215 0.132969
v 0.060776 -2.666414 0.125180
v 0.085949 -2.613779 0.106375
v 0.060776 -2.561146 0.087571
v -0.000000 -2.539344 0.079781
v -0.060776 -2.561146 0.087571
v -0.085949 -2.613779 0.106375
v -0.060776 -2.666414 0.125180
v -0.000000 -2.731147 0.068830
v 0.060776 -2.706830 0.064798
v 0.085949 -2.648126 0.055064
v 0.060776 -2.589421 0.045330
v -0.000000 -2.565104 0.041298
v -0.060776 -2.589421 0.045330
v -0.085949 -2.648126 0.055064
v -0.060776 -2.706830 0.064798
v -0.000000 -2.745791 -0.000000
v 0.060776 -2.720617 -0.000000
v 0.085949 -2.659840 -0.000000
v 0.060776 -2.599064 -0.000000
v -0.000000 -2.573890 -0.000000
v -0.060776 -2.599064 -0.000000
v -0.085949 -2.659840 -0.000000
v -0.060776 -2.720617 -0.000000
v -0.000000 -2.731147 -0.068830
v 0.060776 -2.706830 -0.064798
v 0.085949 -2.648126 -0.055064
v 0.060776 -2.589421 -0.045330
v -0.000000 -2.565104 -0.041298
v -0.060776 -2.589421 -0.045330
v -0.085949 -2.648126 -0.055064
v -0.060776 -2.706830 -0.064798
v -0.000000 -2.688215 -0.132970
v 0.060776 -2.666414 -0.125181
v 0.085949 -2.613779 -0.106376
v 0.060776 -2.561146 -0.087571
v -0.000000 -2.539344 -0.079782
v -0.060776 -2.561146 -0.087571
v -0.085949 -2.613779 -0.106376
v -0.060776 -2.666414 -0.125181
v -0.000000 -2.619919 -0.188048
v 0.060776 -2.602119 -0.177032
v 0.085949 -2.559143 -0.150438
v 0.060776 -2.516168 -0.123844
v -0.000000 -2.498367 -0.112829
v -0.060776 -2.516168 -0.123844
v -0.085949 -2.559143 -0.150438
v -0.060776 -2.602119 -0.177032
v -0.000000 -2.530915 -0.230311
v 0.060776 -2.518327 -0.216819
v 0.085949 -2.487939 -0.184249
v 0.060776 -2.457551 -0.151678
v -0.000000 -2.444964 -0.138186
v -0.060776 -2.457551 -0.151678
v -0.085949 -2.487939 -0.184249
v -0.060776 -2.518327 -0.216819
v -0.000000 -2.427266 -0.256878
v 0.060776 -2.420751 -0.241831
v 0.085949 -2.405021 -0.205502
v 0.060776 -2.389291 -0.169174
v -0.000000 -2.382776 -0.154127
v -0.060776 -2.389291 -0.169174
v -0.085949 -2.405021 -0.205502
v -0.060776 -2.420751 -0.241831
v 0.265938 -0.760453 0.000000
v 0.250362 -0.760453 0.060776
v 0.212753 -0.760453 0.085951
v 0.175140 -0.760453 0.060776
v 0.159565 -0.760453 0.000000
v 0.175140 -0.760453 -0.060776
v 0.212753 -0.760453 -0.085951
v 0.250362 -0.760453 -0.060776
v 0.256878 -0.649225 0.000000
v 0.241829 -0.655740 0.060776
v 0.205501 -0.671470 0.085951
v 0.169174 -0.687201 0.060776
v 0.154125 -0.693716 0.000000
v 0.169174 -0.687201 -0.060776
v 0.205501 -0.671470 -0.085951
v 0.241829 -0.655740 -0.060776
v 0.230308 -0.545576 0.000000
v 0.216820 -0.558164 0.060776
v 0.184250 -0.588552 0.085951
v 0.151676 -0.618941 0.060776
v 0.138187 -0.631527 0.000000
v 0.151676 -0.618941 -0.060776
v 0.184250 -0.588552 -0.085951
v 0.216820 -0.558164 -0.060776
v 0.188049 -0.456572 0.000000
v 0.177032 -0.474373 0.060776
v 0.150436 -0.517349 0.085951
v 0.123844 -0.560323 0.060776
v 0.112827 -0.578124 0.000000
v 0.123844 -0.560323 -0.060776
v 0.150436 -0.517349 -0.085951
v 0.177032 -0.474373 -0.060776
v 0.132969 -0.388276 0.000000
v 0.125179 -0.410077 0.060776
v 0.106377 -0.462712 0.085951
v 0.087570 -0.515346 0.060776
v 0.079780 -0.537147 0.000000
v 0.087570 -0.515346 -0.060776
v 0.106377 -0.462712 -0.085950
v 0.125179 -0.410077 -0.060776
v 0.068829 -0.345344 0.000000
v 0.064796 -0.369661 0.060776
v 0.055065 -0.428366 0.085951
v 0.045330 -0.487071 0.060776
v 0.041298 -0.511388 0.000000
v 0.045330 -0.487071 -0.060776
v 0.055065 -0.428366 -0.085950
v 0.064796 -0.369661 -0.060776
v -0.000000 -0.330700 0.000000
v -0.000000 -0.355875 0.060776
v -0.000000 -0.416651 0.085951
v -0.000000 -0.477428 0.060776
v -0.000000 -0.502602 0.000000
v -0.000000 -0.477428 -0.060776
v -0.000000 -0.416651 -0.085950
v -0.000000 -0.355875 -0.060776
v -0.068829 -0.345344 0.000000
v -0.064797 -0.369661 0.060776
v -0.055065 -0.428366 0.085951
v -0.045330 -0.487071 0.060776
v -0.041298 -0.511388 0.000000
v -0.045330 -0.487071 -0.060776
v -0.055065 -0.428366 -0.085950
v -0.064797 -0.369661 -0.060776
v -0.132969 -0.388276 0.000000
v -0.125179 -0.410077 0.060776
v -0.106377 -0.462712 0.085951
v -0.087570 -0.515346 0.060776
v -0.079781 -0.537147 0.000000
v -0.087570 -0.515346 -0.060776
v -0.106377 -0.462712 -0.085950
v -0.125179 -0.410077 -0.060776
v -0.188047 -0.456573 0.000000
v -0.177033 -0.474373 0.060776
v -0.150438 -0.517349 0.085951
v -0.123844 -0.560324 0.060776
v -0.112827 -0.578124 0.000000
v -0.123844 -0.560324 -0.060776
v -0.150438 -0.517349 -0.085951
v -0.177033 -0.474373 -0.060776
v -0.230311 -0.545576 0.000000
v -0.216820 -0.558164 0.060776
v -0.184248 -0.588552 0.085951
v -0.151678 -0.618941 0.060776
v -0.138187 -0.631527 0.000000
v -0.151678 -0.618941 -0.060776
v -0.184248 -0.588552 -0.085951
v -0.216820 -0.558164 -0.060776
v -0.256878 -0.649225 0.000000
v -0.241831 -0.655741 0.060776
v -0.205502 -0.671470 0.085951
v -0.169174 -0.687201 0.060776
v -0.154127 -0.693716 0.000000
v -0.169174 -0.687201 -0.060776
v -0.205502 -0.671470 -0.085951
v -0.241831 -0.655741 -0.060776
v -0.265940 -0.760453 0.000000
v -0.250361 -0.760453 0.060776
v -0.212751 -0.760453 0.085951
v -0.175142 -0.760453 0.060776
v -0.159563 -0.760453 0.000000
v -0.175142 -0.760453 -0.060776
v -0.212751 -0.760453 -0.085951
v -0.250361 -0.760453 -0.060776
v -0.256878 -0.871681 0.000000
v -0.241831 -0.865165 0.060776
v -0.205502 -0.849436 0.085951
v -0.169174 -0.833705 0.060776
v -0.154127 -0.827190 0.000000
v -0.169174 -0.833705 -0.060776
v -0.205502 -0.849436 -0.085951
v -0.241831 -0.865165 -0.060776
v -0.230311 -0.975330 0.000000
v -0.216820 -0.962742 0.060776
v -0.184248 -0.932354 0.085951
v -0.151678 -0.901966 0.060776
v -0.138187 -0.889379 0.000000
v -0.151678 -0.901966 -0.060776
v -0.184248 -0.932354 -0.085951
v -0.216820 -0.962742 -0.060776
v -0.188047 -1.064334 0.000000
v -0.177033 -1.046533 0.060776
v -0.150438 -1.003557 0.085951
v -0.123844 -0.960582 0.060776
v -0.112827 -0.942782 0.000000
v -0.123844 -0.960582 -0.060776
v -0.150438 -1.003557 -0.085951
v -0.177033 -1.046533 -0.060776
v -0.132969 -1.132631 0.000000
v -0.125179 -1.110829 0.060776
v -0.106377 -1.058194 0.085951
v -0.087570 -1.005561 0.060776
v -0.079781 -0.983759 0.000000
v -0.087570 -1.005561 -0.060776
v -0.106377 -1.058194 -0.085951
v -0.125179 -1.110829 -0.060776
v -0.068829 -1.175562 0.000000
v -0.064797 -1.151245 0.060776
v -0.055065 -1.092540 0.085951
v -0.045330 -1.033835 0.060776
v -0.041298 -1.009518 0.000000
v -0.045330 -1.033835 -0.060776
v -0.055065 -1.092540 -0.085951
v -0.064797 -1.151245 -0.060776
v -0.000000 -1.190206 0.000000
v -0.000000 -1.165032 0.060776
v -0.000000 -1.104255 0.085951
v -0.000000 -1.043479 0.060776
v -0.000000 -1.018305 0.000000
v -0.000000 -1.043479 -0.060776
v -0.000000 -1.104255 -0.085951
v -0.000000 -1.165032 -0.060776
v 0.068829 -1.175562 0.000000
v 0.064796 -1.151245 0.060776
v 0.055065 -1.092540 0.085951
v 0.045330 -1.033836 0.060776
v 0.041298 -1.009519 0.000000
v 0.045330 -1.033836 -0.060776
v 0.055065 -1.092540 -0.085951
v 0.064796 -1.151245 -0.060776
v 0.132969 -1.132630 0.000000
v 0.125179 -1.110829 0.060776
v 0.106377 -1.058194 0.085951
v 0.087570 -1.005561 0.060776
v 0.079780 -0.983759 0.000000
v 0.087570 -1.005561 -0.060776
v 0.106377 -1.058194 -0.085951
v 0.125179 -1.110829 -0.060776
v 0.188049 -1.064334 0.000000
v 0.177032 -1.046533 0.060776
v 0.150436 -1.003558 0.085951
v 0.123844 -0.960583 0.060776
v 0.112827 -0.942782 0.000000
v 0.123844 -0.960583 -0.060776
v 0.150436 -1.003558 -0.085951
v 0.177032 -1.046533 -0.060776
v 0.230308 -0.975330 0.000000
v 0.216820 -0.962742 0.060776
v 0.184250 -0.932354 0.085951
v 0.151676 -0.901966 0.060776
v 0.138187 -0.889379 0.000000
v 0.151676 -0.901966 -0.060776
v 0.184250 -0.932354 -0.085951
v 0.216820 -0.962742 -0.060776
v 0.256878 -0.871680 0.000000
v 0.241829 -0.865165 0.060776
v 0.205501 -0.849436 0.085951
v 0.169174 -0.833705 0.060776
v 0.154125 -0.827190 0.000000
v 0.169174 -0.833705 -0.060776
v 0.205501 -0.849436 -0.085951
v 0.241829 -0.865165 -0.060776
v -0.000000 -1.275501 -0.265940
v 0.060776 -1.275501 -0.250361
v 0.085949 -1.275501 -0.212752
v 0.060776 -1.275501 -0.175142
v -0.000000 -1.275501 -0.159564
v -0.060776 -1.275501 -0.175142
v -0.085949 -1.275501 -0.212752
v -0.060776 -1.275501 -0.250361
v -0.000000 -1.164274 -0.256878
v 0.060776 -1.170789 -0.241831
v 0.085949 -1.186519 -0.205502
v 0.060776 -1.202249 -0.169174
v -0.000000 -1.208764 -0.154127
v -0.060776 -1.202249 -0.169174
v -0.085949 -1.186519 -0.205502
v -0.060776 -1.170789 -0.241831
v -0.000000 -1.060624 -0.230310
v 0.060776 -1.073212 -0.216819
v 0.085949 -1.103600 -0.184248
v 0.060776 -1.133989 -0.151678
v -0.000000 -1.146575 -0.138186
v -0.060776 -1.133989 -0.151678
v -0.085949 -1.103600 -0.184248
v -0.060776 -1.073212 -0.216819
v -0.000000 -0.971621 -0.188048
v 0.060776 -0.989421 -0.177032
v 0.085949 -1.032397 -0.150438
v 0.060776 -1.075372 -0.123844
v -0.000000 -1.093172 -0.112829
v -0.060776 -1.075372 -0.123844
v -0.085949 -1.032397 -0.150438
v -0.060776 -0.989421 -0.177032
v -0.000000 -0.903324 -0.132970
v 0.060776 -0.925126 -0.125181
v 0.085949 -0.977760 -0.106376
v 0.060776 -1.030393 -0.087571
v -0.000000 -1.052195 -0.079782
v -0.060776 -1.030393 -0.087571
v -0.085949 -0.977760 -0.106376
v -0.060776 -0.925126 -0.125181
v -0.000000 -0.860392 -0.068830
v 0.060776 -0.884709 -0.064799
v 0.085949 -0.943414 -0.055064
v 0.060776 -1.002119 -0.045330
v -0.000000 -1.026436 -0.041298
v -0.060776 -1.002119 -0.045330
v -0.085949 -0.943414 -0.055064
v -0.060776 -0.884709 -0.064799
v -0.000000 -0.845748 -0.000000
v 0.060776 -0.870922 -0.000000
v 0.085949 -0.931699 -0.000000
v 0.060776 -0.992475 -0.000000
v -0.000000 -1.017650 -0.000000
v -0.060776 -0.992475 -0.000000
v -0.085949 -0.931699 -0.000000
v -0.060776 -0.870922 -0.000000
v -0.000000 -0.860392 0.068830
v 0.060776 -0.884709 0.064798
v 0.085949 -0.943414 0.055064
v 0.060776 -1.002119 0.045330
v -0.000000 -1.026436 0.041298
v -0.060776 -1.002119 0.045330
v -0.085949 -0.943414 0.055064
v -0.060776 -0.884709 0.064798
v -0.000000 -0.903324 0.132970
v 0.060776 -0.925126 0.125180
v 0.085949 -0.977760 0.106375
v 0.060776 -1.030393 0.087571
v -0.000000 -1.052195 0.079782
v -0.060776 -1.030393 0.087571
v -0.085949 -0.977760 0.106375
v -0.060776 -0.925126 0.125180
v -0.000000 -0.971621 0.188047
v 0.060776 -0.989421 0.177032
v 0.085949 -1.032397 0.150438
v 0.060776 -1.075372 0.123844
v -0.000000 -1.093173 0.112828
v -0.060776 -1.075372 0.123844
v -0.085949 -1.032397 0.150438
v -0.060776 -0.989421 0.177032
v -0.000000 -1.060624 0.230310
v 0.060776 -1.073212 0.216819
v 0.085949 -1.103600 0.184248
v 0.060776 -1.133989 0.151677
v -0.000000 -1.146575 0.138186
v -0.060776 -1.133989 0.151677
v -0.085949 -1.103600 0.184248
v -0.060776 -1.073212 0.216819
v -0.000000 -1.164274 0.256878
v 0.060776 -1.170789 0.241830
v 0.085949 -1.186519 0.205502
v 0.060776 -1.202249 0.169174
v -0.000000 -1.208764 0.154126
v -0.060776 -1.202249 0.169174
v -0.085949 -1.186519 0.205502
v -0.060776 -1.170789 0.241830
v -0.000000 -1.275501 0.265939
v 0.060776 -1.275501 0.250361
v 0.085949 -1.275501 0.212751
v 0.060776 -1.275501 0.175142
v -0.000000 -1.275501 0.159563
v -0.060776 -1.275501 0.175142
v -0.085949 -1.275501 0.212751
v -0.060776 -1.275501 0.250361
v -0.000000 -1.386729 0.256878
v 0.060776 -1.380214 0.241830
v 0.085949 -1.364484 0.205502
v 0.060776 -1.348754 0.169174
v -0.000000 -1.342239 0.154126
v -0.060776 -1.348754 0.169174
v -0.085949 -1.364484 0.205502
v -0.060776 -1.380214 0.241830
v -0.000000 -1.490378 0.230310
v 0.060776 -1.477790 0.216819
v 0.085949 -1.447402 0.184248
v 0.060776 -1.417014 0.151677
v -0.000000 -1.404427 0.138186
v -0.060776 -1.417014 0.151677
v -0.085949 -1.447402 0.184248
v -0.060776 -1.477790 0.216819
v -0.000000 -1.579382 0.188047
v 0.060776 -1.561582 0.177032
v 0.085949 -1.518606 0.150438
v 0.060776 -1.475631 0.123844
v -0.000000 -1.457830 0.112828
v -0.060776 -1.475631 0.123844
v -0.085949 -1.518606 0.150438
v -0.060776 -1.561582 0.177032
v -0.000000 -1.647679 0.132970
v 0.060776 -1.625877 0.125180
v 0.085949 -1.573242 0.106375
v 0.060776 -1.520609 0.087571
v -0.000000 -1.498807 0.079782
v -0.060776 -1.520609 0.087571
v -0.085949 -1.573242 0.106375
v -0.060776 -1.625877 0.125180
v -0.000000 -1.690610 0.068830
v 0.060776 -1.666293 0.064798
v 0.085949 -1.607589 0.055064
v 0.060776 -1.548884 0.045330
v -0.000000 -1.524567 0.041298
v -0.060776 -1.548884 0.045330
v -0.085949 -1.607589 0.055064
v -0.060776 -1.666293 0.064798
v -0.000000 -1.705254 -0.000000
v 0.060776 -1.680080 -0.000000
v 0.085949 -1.619303 -0.000000
v 0.060776 -1.558527 -0.000000
v -0.000000 -1.533353 -0.000000
v -0.060776 -1.558527 -0.000000
v -0.085949 -1.619303 -0.000000
v -0.060776 -1.680080 -0.000000
v -0.000000 -1.690610 -0.068830
v 0.060776 -1.666293 -0.064798
v 0.085949 -1.607589 -0.055064
v 0.060776 -1.548884 -0.045330
v -0.000000 -1.524567 -0.041298
v -0.060776 -1.548884 -0.045330
v -0.085949 -1.607589 -0.055064
v -0.060776 -1.666293 -0.064798
v -0.000000 -1.647678 -0.132970
v 0.060776 -1.625877 -0.125181
v 0.085949 -1.573242 -0.106376
v 0.060776 -1.520609 -0.087571
v -0.000000 -1.498807 -0.079782
v -0.060776 -1.520609 -0.087571
v -0.085949 -1.573242 -0.106376
v -0.060776 -1.625877 -0.125181
v -0.000000 -1.579382 -0.188048
v 0.060776 -1.561582 -0.177032
v 0.085949 -1.518606 -0.150438
v 0.060776 -1.475631 -0.123844
v -0.000000 -1.457830 -0.112829
v -0.060776 -1.475631 -0.123844
v -0.085949 -1.518606 -0.150438
v -0.060776 -1.561582 -0.177032
v -0.000000 -1.490378 -0.230311
v 0.060776 -1.477790 -0.216819
v 0.085949 -1.447402 -0.184248
v 0.060776 -1.417014 -0.151678
v -0.000000 -1.404427 -0.138186
v -0.060776 -1.417014 -0.151678
v -0.085949 -1.447402 -0.184248
v -0.060776 -1.477790 -0.216819
v -0.000000 -1.386729 -0.256878
v 0.060776 -1.380214 -0.241831
v 0.085949 -1.364484 -0.205502
v 0.060776 -1.348754 -0.169174
v -0.000000 -1.342239 -0.154127
v -0.060776 -1.348754 -0.169174
v -0.085949 -1.364484 -0.205502
v -0.060776 -1.380214 -0.241831
v 0.265938 0.280083 0.000000
v 0.250362 0.280083 0.060776
v 0.212753 0.280083 0.085951
v 0.175140 0.280083 0.060776
v 0.159565 0.280083 0.000000
v 0.175140 0.280083 -0.060776
v 0.212753 0.280083 -0.085950
v 0.250362 0.280083 -0.060776
v 0.256878 0.391312 0.000000
v 0.241829 0.384797 0.060776
v 0.205501 0.369066 0.085951
v 0.169174 0.353336 0.060776
v 0.154125 0.346821 0.000000
v 0.169174 0.353336 -0.060776
v 0.205501 0.369066 -0.085950
v 0.241829 0.384797 -0.060776
v 0.230308 0.494960 0.000000
v 0.216820 0.482373 0.060776
v 0.184250 0.451985 0.085951
v 0.151676 0.421596 0.060776
v 0.138187 0.409010 0.000000
v 0.151676 0.421596 -0.060776
v 0.184250 0.451985 -0.085950
v 0.216820 0.482373 -0.060776
v 0.188049 0.583965 0.000000
v 0.177032 0.566164 0.060776
v 0.150436 0.523188 0.085951
v 0.123844 0.480214 0.060776
v 0.112827 0.462413 0.000000
v 0.123844 0.480214 -0.060776
v 0.150436 0.523188 -0.085950
v 0.177032 0.566164 -0.060776
v 0.132969 0.652260 0.000000
v 0.125179 0.630459 0.060776
v 0.106377 0.577825 0.085951
v 0.087570 0.525191 0.060776
v 0.079780 0.503390 0.000000
v 0.087570 0.525191 -0.060776
v 0.106377 0.577825 -0.085950
v 0.125179 0.630459 -0.060776
v 0.068829 0.695193 0.000000
v 0.064796 0.670876 0.060776
v 0.055065 0.612171 0.085951
v 0.045330 0.553466 0.060776
v 0.041298 0.529149 0.000000
v 0.045330 0.553466 -0.060776
v 0.055065 0.612171 -0.085950
v 0.064796 0.670876 -0.060776
v -0.000000 0.709836 0.000000
v -0.000000 0.684662 0.060776
v -0.000000 0.623886 0.085951
v -0.000000 0.563109 0.060776
v -0.000000 0.537935 0.000000
v -0.000000 0.563109 -0.060776
v -0.000000 0.623886 -0.085950
v -0.000000 0.684662 -0.060776
v -0.068829 0.695193 0.000000
v -0.064797 0.670876 0.060776
v -0.055065 0.612171 0.085951
v -0.045330 0.553466 0.060776
v -0.041298 0.529149 0.000000
v -0.045330 0.553466 -0.060776
v -0.055065 0.612171 -0.085950
v -0.064797 0.670876 -0.060776
v -0.132969 0.652261 0.000000
v -0.125179 0.630459 0.060776
v -0.106377 0.577825 0.085951
v -0.087570 0.525191 0.060776
v -0.079781 0.503390 0.000000
v -0.087570 0.525191 -0.060776
v -0.106377 0.577825 -0.085950
v -0.125179 0.630459 -0.060776
v -0.188047 0.583964 0.000000
v -0.177033 0.566164 0.060776
v -0.150438 0.523188 0.085951
v -0.123844 0.480213 0.060776
v -0.112827 0.462413 0.000000
v -0.123844 0.480213 -0.060776
v -0.150438 0.523188 -0.085950
v -0.177033 0.566164 -0.060776
v -0.230311 0.494960 0.000000
v -0.216820 0.482373 0.060776
v -0.184248 0.451985 0.085951
v -0.151678 0.421596 0.060776
v -0.138187 0.409010 0.000000
v -0.151678 0.421596 -0.060776
v -0.184248 0.451985 -0.085950
v -0.216820 0.482373 -0.060776
v -0.256878 0.391312 0.000000
v -0.241831 0.384796 0.060776
v -0.205502 0.369066 0.085951
v -0.169174 0.353336 0.060776
v -0.154127 0.346821 0.000000
v -0.169174 0.353336 -0.060776
v -0.205502 0.369066 -0.085950
v -0.241831 0.384796 -0.060776
v -0.265940 0.280083 0.000000
v -0.250361 0.280083 0.060776
v -0.212751 0.280083 0.085951
v -0.175142 0.280083 0.060776
v -0.159563 0.280083 0.000000
v -0.175142 0.280083 -0.060776
v -0.212751 0.280083 -0.085950
v -0.250361 0.280083 -0.060776
v -0.256878 0.168855 0.000000
v -0.241831 0.175372 0.060776
v -0.205502 0.191101 0.085951
v -0.169174 0.206831 0.060776
v -0.154127 0.213346 0.000000
v -0.169174 0.206831 -0.060776
v -0.205502 0.191101 -0.085950
v -0.241831 0.175372 -0.060776
v -0.230311 0.065207 0.000000
v -0.216820 0.077795 0.060776
v -0.184248 0.108183 0.085951
v -0.151678 0.138571 0.060776
v -0.138187 0.151158 0.000000
v -0.151678 0.138571 -0.060776
v -0.184248 0.108183 -0.085950
v -0.216820 0.077795 -0.060776
v -0.188047 -0.023797 0.000000
v -0.177033 -0.005996 0.060776
v -0.150438 0.036979 0.085951
v -0.123844 0.079955 0.060776
v -0.112827 0.097755 0.000000
v -0.123844 0.079955 -0.060776
v -0.150438 0.036979 -0.085950
v -0.177033 -0.005996 -0.060776
v -0.132969 -0.092094 0.000000
v -0.125179 -0.070292 0.060776
v -0.106377 -0.017657 0.085951
v -0.087570 0.034976 0.060776
v -0.079781 0.056778 0.000000
v -0.087570 0.034976 -0.060776
v -0.106377 -0.017657 -0.085950
v -0.125179 -0.070292 -0.060776
v -0.068829 -0.135025 0.000000
v -0.064797 -0.110708 0.060776
v -0.055065 -0.052003 0.085951
v -0.045330 0.006702 0.060776
v -0.041298 0.031019 0.000000
v -0.045330 0.006702 -0.060776
v -0.055065 -0.052003 -0.085950
v -0.064797 -0.110708 -0.060776
v -0.000000 -0.149669 0.000000
v -0.000000 -0.124495 0.060776
v -0.000000 -0.063718 0.085951
v -0.000000 -0.002942 0.060776
v -0.000000 0.022232 0.000000
v -0.000000 -0.002942 -0.060776
v -0.000000 -0.063718 -0.085950
v -0.000000 -0.124495 -0.060776
v 0.068829 -0.135025 0.000000
v 0.064796 -0.110708 0.060776
v 0.055065 -0.052003 0.085951
v 0.045330 0.006701 0.060776
v 0.041298 0.031018 0.000000
v 0.045330 0.006701 -0.060776
v 0.055065 -0.052003 -0.085950
v 0.064796 -0.110708 -0.060776
v 0.132969 -0.092093 0.000000
v 0.125179 -0.070292 0.060776
v 0.106377 -0.017657 0.085951
v 0.087570 0.034976 0.060776
v 0.079780 0.056778 0.000000
v 0.087570 0.034976 -0.060776
v 0.106377 -0.017657 -0.085950
v 0.125179 -0.070292 -0.060776
v 0.188049 -0.023797 0.000000
v 0.177032 -0.005997 0.060776
v 0.150436 0.036979 0.085951
v 0.123844 0.079954 0.060776
v 0.112827 0.097755 0.000000
v 0.123844 0.079954 -0.060776
v 0.150436 0.036979 -0.085950
v 0.177032 -0.005997 -0.060776
v 0.230308 0.065207 0.000000
v 0.216820 0.077795 0.060776
v 0.184250 0.108183 0.085951
v 0.151676 0.138571 0.060776
v 0.138187 0.151158 0.000000
v 0.151676 0.138571 -0.060776
v 0.184250 0.108183 -0.085950
v 0.216820 0.077795 -0.060776
v 0.256878 0.168856 0.000000
v 0.241829 0.175372 0.060776
v 0.205501 0.191101 0.085951
v 0.169174 0.206831 0.060776
v 0.154125 0.213346 0.000000
v 0.169174 0.206831 -0.060776
v 0.205501 0.191101 -0.085950
v 0.241829 0.175372 -0.060776
v -0.000000 -0.234965 -0.265940
v 0.060776 -0.234965 -0.250361
v 0.085949 -0.234965 -0.212752
v 0.060776 -0.234965 -0.175142
v -0.000000 -0.234965 -0.159564
v -0.060776 -0.234965 -0.175142
v -0.085949 -0.234965 -0.212752
v -0.060776 -0.234965 -0.250361
v -0.000000 -0.123737 -0.256878
v 0.060776 -0.130252 -0.241830
v 0.085949 -0.145982 -0.205502
v 0.060776 -0.161712 -0.169174
v -0.000000 -0.168227 -0.154127
v -0.060776 -0.161712 -0.169174
v -0.085949 -0.145982 -0.205502
v -0.060776 -0.130252 -0.241830
v -0.000000 -0.020088 -0.230310
v 0.060776 -0.032675 -0.216819
v 0.085949 -0.063063 -0.184248
v 0.060776 -0.093452 -0.151677
v -0.000000 -0.106038 -0.138186
v -0.060776 -0.093452 -0.151677
v -0.085949 -0.063063 -0.184248
v -0.060776 -0.032675 -0.216819
v -0.000000 0.068916 -0.188048
v 0.060776 0.051116 -0.177032
v 0.085949 0.008140 -0.150438
v 0.060776 -0.034835 -0.123844
v -0.000000 -0.052635 -0.112829
v -0.060776 -0.034835 -0.123844
v -0.085949 0.008140 -0.150438
v -0.060776 0.051116 -0.177032
v -0.000000 0.137213 -0.132970
v 0.060776 0.115411 -0.125181
v 0.085949 0.062777 -0.106376
v 0.060776 0.010143 -0.087571
v -0.000000 -0.011658 -0.079782
v -0.060776 0.010143 -0.087571
v -0.085949 0.062777 -0.106376
v -0.060776 0.115411 -0.125181
v -0.000000 0.180145 -0.068830
v 0.060776 0.155828 -0.064799
v 0.085949 0.097123 -0.055064
v 0.060776 0.038418 -0.045330
v -0.000000 0.014101 -0.041298
v -0.060776 0.038418 -0.045330
v -0.085949 0.097123 -0.055064
v -0.060776 0.155828 -0.064799
v -0.000000 0.194789 -0.000000
v 0.060776 0.169614 -0.000000
v 0.085949 0.108838 -0.000000
v 0.060776 0.048061 -0.000000
v -0.000000 0.022887 -0.000000
v -0.060776 0.048061 -0.000000
v -0.085949 0.108838 -0.000000
v -0.060776 0.169614 -0.000000
v -0.000000 0.180145 0.068830
v 0.060776 0.155828 0.064798
v 0.085949 0.097123 0.055064
v 0.060776 0.038418 0.045330
v -0.000000 0.014101 0.041298
v -0.060776 0.038418 0.045330
v -0.085949 0.097123 0.055064
v -0.060776 0.155828 0.064798
v -0.000000 0.137213 0.132970
v 0.060776 0.115411 0.125180
v 0.085949 0.062777 0.106375
v 0.060776 0.010143 0.087571
v -0.000000 -0.011658 0.079782
v -0.060776 0.010143 0.087571
v -0.085949 0.062777 0.106375
v -0.060776 0.115411 0.125180
v -0.000000 0.068916 0.188047
v 0.060776 0.051116 0.177032
v 0.085949 0.008140 0.150438
v 0.060776 -0.034835 0.123844
v -0.000000 -0.052636 0.112828
v -0.060776 -0.034835 0.123844
v -0.085949 0.008140 0.150438
v -0.060776 0.051116 0.177032
v -0.000000 -0.020088 0.230310
v 0.060776 -0.032675 0.216819
v 0.085949 -0.063063 0.184248
v 0.060776 -0.093452 0.151677
v -0.000000 -0.106038 0.138186
v -0.060776 -0.093452 0.151677
v -0.085949 -0.063063 0.184248
v -0.060776 -0.032675 0.216819
v -0.000000 -0.123737 0.256878
v 0.060776 -0.130252 0.241830
v 0.085949 -0.145982 0.205502
v 0.060776 -0.161712 0.169174
v -0.000000 -0.168227 0.154126
v -0.060776 -0.161712 0.169174
v -0.085949 -0.145982 0.205502
v -0.060776 -0.130252 0.241830
v -0.000000 -0.234965 0.265939
v 0.060776 -0.234965 0.250361
v 0.085949 -0.234965 0.212751
v 0.060776 -0.234965 0.175142
v -0.000000 -0.234965 0.159563
v -0.060776 -0.234965 0.175142
v -0.085949 -0.234965 0.212751
v -0.060776 -0.234965 0.250361
v -0.000000 -0.346193 0.256878
v 0.060776 -0.339677 0.241830
v 0.085949 -0.323947 0.205502
v 0.060776 -0.308217 0.169174
v -0.000000 -0.301701 0.154126
v -0.060776 -0.308217 0.169174
v -0.085949 -0.323947 0.205502
v -0.060776 -0.339677 0.241830
v -0.000000 -0.449841 0.230310
v 0.060776 -0.437253 0.216819
v 0.085949 -0.406865 0.184248
v 0.060776 -0.376477 0.151677
v -0.000000 -0.363890 0.138186
v -0.060776 -0.376477 0.151677
v -0.085949 -0.406865 0.184248
v -0.060776 -0.437253 0.216819
v -0.000000 -0.538845 0.188047
v 0.060776 -0.521045 0.177032
v 0.085949 -0.478070 0.150438
v 0.060776 -0.435094 0.123844
v -0.000000 -0.417293 0.112828
v -0.060776 -0.435094 0.123844
v -0.085949 -0.478070 0.150438
v -0.060776 -0.521045 0.177032
v -0.000000 -0.607142 0.132970
v 0.060776 -0.585340 0.125180
v 0.085949 -0.532706 0.106375
v 0.060776 -0.480072 0.087571
v -0.000000 -0.458270 0.079782
v -0.060776 -0.480072 0.087571
v -0.085949 -0.532706 0.106375
v -0.060776 -0.585340 0.125180
v -0.000000 -0.650073 0.068830
v 0.060776 -0.625757 0.064798
v 0.085949 -0.567052 0.055064
v 0.060776 -0.508347 0.045330
v -0.000000 -0.484030 0.041298
v -0.060776 -0.508347 0.045330
v -0.085949 -0.567052 0.055064
v -0.060776 -0.625757 0.064798
v -0.000000 -0.664717 -0.000000
v 0.060776 -0.639543 -0.000000
v 0.085949 -0.578766 -0.000000
v 0.060776 -0.517990 -0.000000
v -0.000000 -0.492816 -0.000000
v -0.060776 -0.517990 -0.000000
v -0.085949 -0.578766 -0.000000
v -0.060776 -0.639543 -0.000000
v -0.000000 -0.650073 -0.068830
v 0.060776 -0.625757 -0.064798
v 0.085949 -0.567052 -0.055064
v 0.060776 -0.508347 -0.045330
v -0.000000 -0.484030 -0.041298
v -0.060776 -0.508347 -0.045330
v -0.085949 -0.567052 -0.055064
v -0.060776 -0.625757 -0.064798
v -0.000000 -0.607141 -0.132970
v 0.060776 -0.585340 -0.125181
v 0.085949 -0.532706 -0.106376
v 0.060776 -0.480072 -0.087571
v -0.000000 -0.458270 -0.079782
v -0.060776 -0.480072 -0.087571
v -0.085949 -0.532706 -0.106376
v -0.060776 -0.585340 -0.125181
v -0.000000 -0.538845 -0.188048
v 0.060776 -0.521045 -0.177032
v 0.085949 -0.478070 -0.150438
v 0.060776 -0.435094 -0.123844
v -0.000000 -0.417293 -0.112829
v -0.060776 -0.435094 -0.123844
v -0.085949 -0.478070 -0.150438
v -0.060776 -0.521045 -0.177032
v -0.000000 -0.449841 -0.230310
v 0.060776 -0.437253 -0.216819
v 0.085949 -0.406865 -0.184248
v 0.060776 -0.376477 -0.151677
v -0.000000 -0.363890 -0.138186
v -0.060776 -0.376477 -0.151677
v -0.085949 -0.406865 -0.184248
v -0.060776 -0.437253 -0.216819
v -0.000000 -0.346193 -0.256878
v 0.060776 -0.339677 -0.241830
v 0.085949 -0.323947 -0.205502
v 0.060776 -0.308217 -0.169174
v -0.000000 -0.301701 -0.154127
v -0.060776 -0.308217 -0.169174
v -0.085949 -0.323947 -0.205502
v -0.060776 -0.339677 -0.241830
v 0.265938 1.320620 0.000000
v 0.250362 1.320620 0.060776
v 0.212753 1.320620 0.085951
v 0.175140 1.320620 0.060776
v 0.159565 1.320620 0.000000
v 0.175140 1.320620 -0.060776
v 0.212753 1.320620 -0.085950
v 0.250362 1.320620 -0.060776
v 0.256878 1.431849 0.000000
v 0.241829 1.425334 0.060776
v 0.205501 1.409603 0.085951
v 0.169174 1.393873 0.060776
v 0.154125 1.387357 0.000000
v 0.169174 1.393873 -0.060776
v 0.205501 1.409603 -0.085950
v 0.241829 1.425334 -0.060776
v 0.230308 1.535496 0.000000
v 0.216820 1.522910 0.060776
v 0.184250 1.492521 0.085951
v 0.151676 1.462133 0.060776
v 0.138187 1.449547 0.000000
v 0.151676 1.462133 -0.060776
v 0.184250 1.492521 -0.085950
v 0.216820 1.522910 -0.060776
v 0.188049 1.624502 0.000000
v 0.177032 1.606701 0.060776
v 0.150436 1.563725 0.085951
v 0.123844 1.520750 0.060776
v 0.112827 1.502949 0.000000
v 0.123844 1.520750 -0.060776
v 0.150436 1.563725 -0.085950
v 0.177032 1.606701 -0.060776
v 0.132969 1.692796 0.000000
v 0.125179 1.670995 0.060776
v 0.106377 1.618362 0.085951
v 0.087570 1.565728 0.060776
v 0.079780 1.543926 0.000000
v 0.087570 1.565728 -0.060776
v 0.106377 1.618362 -0.085950
v 0.125179 1.670995 -0.060776
v 0.068829 1.735729 0.000000
v 0.064796 1.711413 0.060776
v 0.055065 1.652708 0.085951
v 0.045330 1.594002 0.060776
v 0.041298 1.569686 0.000000
v 0.045330 1.594002 -0.060776
v 0.055065 1.652708 -0.085950
v 0.064796 1.711413 -0.060776
v -0.000000 1.750373 0.000000
v -0.000000 1.725199 0.060776
v -0.000000 1.664423 0.085951
v -0.000000 1.603646 0.060776
v -0.000000 1.578472 0.000000
v -0.000000 1.603646 -0.060776
v -0.000000 1.664423 -0.085950
v -0.000000 1.725199 -0.060776
v -0.068829 1.735729 0.000000
v -0.064797 1.711413 0.060776
v -0.055065 1.652708 0.085951
v -0.045330 1.594002 0.060776
v -0.041298 1.569686 0.000000
v -0.045330 1.594002 -0.060776
v -0.055065 1.652708 -0.085950
v -0.064797 1.711413 -0.060776
v -0.132969 1.692797 0.000000
v -0.125179 1.670995 0.060776
v -0.106377 1.618362 0.085951
v -0.087570 1.565728 0.060776
v -0.079781 1.543926 0.000000
v -0.087570 1.565728 -0.060776
v -0.106377 1.618362 -0.085950
v -0.125179 1.670995 -0.060776
v -0.188047 1.624501 0.000000
v -0.177033 1.606700 0.060776
v -0.150438 1.563725 0.085951
v -0.123844 1.520750 0.060776
v -0.112827 1.502949 0.000000
v -0.123844 1.520750 -0.060776
v -0.150438 1.563725 -0.085950
v -0.177033 1.606700 -0.060776
v -0.230311 1.535496 0.000000
v -0.216820 1.522910 0.060776
v -0.184248 1.492521 0.085951
v -0.151678 1.462133 0.060776
v -0.138187 1.449547 0.000000
v -0.151678 1.462133 -0.060776
v -0.184248 1.492521 -0.085950
v -0.216820 1.522910 -0.060776
v -0.256878 1.431849 0.000000
v -0.241831 1.425333 0.060776
v -0.205502 1.409603 0.085951
v -0.169174 1.393873 0.060776
v -0.154127 1.387357 0.000000
v -0.169174 1.393873 -0.060776
v -0.205502 1.409603 -0.085950
v -0.241831 1.425333 -0.060776
v -0.265940 1.320620 0.000000
v -0.250361 1.320620 0.060776
v -0.212751 1.320620 0.085951
v -0.175142 1.320620 0.060776
v -0.159563 1.320620 0.000000
v -0.175142 1.320620 -0.060776
v -0.212751 1.320620 -0.085950
v -0.250361 1.320620 -0.060776
v -0.256878 1.209392 0.000000
v -0.241831 1.215908 0.060776
v -0.205502 1.231638 0.085951
v -0.169174 1.247368 0.060776
v -0.154127 1.253883 0.000000
v -0.169174 1.247368 -0.060776
v -0.205502 1.231638 -0.085950
v -0.241831 1.215908 -0.060776
v -0.230311 1.105744 0.000000
v -0.216820 1.118332 0.060776
v -0.184248 1.148720 0.085951
v -0.151678 1.179107 0.060776
v -0.138187 1.191695 0.000000
v -0.151678 1.179107 -0.060776
v -0.184248 1.148720 -0.085950
v -0.216820 1.118332 -0.060776
v -0.188047 1.016740 0.000000
v -0.177033 1.034541 0.060776
v -0.150438 1.077516 0.085951
v -0.123844 1.120492 0.060776
v -0.112827 1.138292 0.000000
v -0.123844 1.120492 -0.060776
v -0.150438 1.077516 -0.085950
v -0.177033 1.034541 -0.060776
v -0.132969 0.948443 0.000000
v -0.125179 0.970245 0.060776
v -0.106377 1.022879 0.085951
v -0.087570 1.075513 0.060776
v -0.079781 1.097315 0.000000
v -0.087570 1.075513 -0.060776
v -0.106377 1.022879 -0.085950
v -0.125179 0.970245 -0.060776
v -0.068829 0.905512 0.000000
v -0.064797 0.929828 0.060776
v -0.055065 0.988534 0.085951
v -0.045330 1.047239 0.060776
v -0.041298 1.071555 0.000000
v -0.045330 1.047239 -0.060776
v -0.055065 0.988534 -0.085950
v -0.064797 0.929828 -0.060776
v -0.000000 0.890868 0.000000
v -0.000000 0.916042 0.060776
v -0.000000 0.976819 0.085951
v -0.000000 1.037595 0.060776
v -0.000000 1.062769 0.000000
v -0.000000 1.037595 -0.060776
v -0.000000 0.976819 -0.085950
v -0.000000 0.916042 -0.060776
v 0.068829 0.905512 0.000000
v 0.064796 0.929828 0.060776
v 0.055065 0.988534 0.085951
v 0.045330 1.047238 0.060776
v 0.041298 1.071555 0.000000
v 0.045330 1.047238 -0.060776
v 0.055065 0.988534 -0.085950
v 0.064796 0.929828 -0.060776
v 0.132969 0.948444 0.000000
v 0.125179 0.970245 0.060776
v 0.106377 1.022879 0.085951
v 0.087570 1.075513 0.060776
v 0.079780 1.097315 0.000000
v 0.087570 1.075513 -0.060776
v 0.106377 1.022879 -0.085950
v 0.125179 0.970245 -0.060776
v 0.188049 1.016740 0.000000
v 0.177032 1.034540 0.060776
v 0.150436 1.077515 0.085951
v 0.123844 1.120491 0.060776
v 0.112827 1.138292 0.000000
v 0.123844 1.120491 -0.060776
v 0.150436 1.077515 -0.085950
v 0.177032 1.034540 -0.060776
v 0.230308 1.105744 0.000000
v 0.216820 1.118332 0.060776
v 0.184250 1.148720 0.085951
v 0.151676 1.179107 0.060776
v 0.138187 1.191695 0.000000
v 0.151676 1.179107 -0.060776
v 0.184250 1.148720 -0.085950
v 0.216820 1.118332 -0.060776
v 0.256878 1.209392 0.000000
v 0.241829 1.215908 0.060776
v 0.205501 1.231638 0.085951
v 0.169174 1.247368 0.060776
v 0.154125 1.253883 0.000000
v 0.169174 1.247368 -0.060776
v 0.205501 1.231638 -0.085950
v 0.241829 1.215908 -0.060776
v -0.000000 0.805572 -0.265940
v 0.060776 0.805572 -0.250361
v 0.085949 0.805572 -0.212752
v 0.060776 0.805572 -0.175142
v -0.000000 0.805572 -0.159564
v -0.060776 0.805572 -0.175142
v -0.085949 0.805572 -0.212752
v -0.060776 0.805572 -0.250361
v -0.000000 0.916800 -0.256878
v 0.060776 0.910285 -0.241830
v 0.085949 0.894555 -0.205502
v 0.060776 0.878825 -0.169174
v -0.000000 0.872309 -0.154127
v -0.060776 0.878825 -0.169174
v -0.085949 0.894555 -0.205502
v -0.060776 0.910285 -0.241830
v -0.000000 1.020448 -0.230310
v 0.060776 1.007862 -0.216819
v 0.085949 0.977474 -0.184248
v 0.060776 0.947085 -0.151677
v -0.000000 0.934499 -0.138186
v -0.060776 0.947085 -0.151677
v -0.085949 0.977474 -0.184248
v -0.060776 1.007862 -0.216819
v -0.000000 1.109453 -0.188048
v 0.060776 1.091652 -0.177032
v 0.085949 1.048677 -0.150438
v 0.060776 1.005702 -0.123844
v -0.000000 0.987901 -0.112829
v -0.060776 1.005702 -0.123844
v -0.085949 1.048677 -0.150438
v -0.060776 1.091652 -0.177032
v -0.000000 1.177748 -0.132970
v 0.060776 1.155947 -0.125181
v 0.085949 1.103314 -0.106376
v 0.060776 1.050680 -0.087571
v -0.000000 1.028879 -0.079782
v -0.060776 1.050680 -0.087571
v -0.085949 1.103314 -0.106376
v -0.060776 1.155947 -0.125181
v -0.000000 1.220682 -0.068830
v 0.060776 1.196365 -0.064798
v 0.085949 1.137660 -0.055064
v 0.060776 1.078954 -0.045330
v -0.000000 1.054638 -0.041298
v -0.060776 1.078954 -0.045330
v -0.085949 1.137660 -0.055064
v -0.060776 1.196365 -0.064798
v -0.000000 1.235325 -0.000000
v 0.060776 1.210150 -0.000000
v 0.085949 1.149375 -0.000000
v 0.060776 1.088598 -0.000000
v -0.000000 1.063424 -0.000000
v -0.060776 1.088598 -0.000000
v -0.085949 1.149375 -0.000000
v -0.060776 1.210150 -0.000000
v -0.000000 1.220682 0.068830
v 0.060776 1.196365 0.064798
v 0.085949 1.137660 0.055064
v 0.060776 1.078954 0.045330
v -0.000000 1.054638 0.041298
v -0.060776 1.078954 0.045330
v -0.085949 1.137660 0.055064
v -0.060776 1.196365 0.064798
v -0.000000 1.177748 0.132970
v 0.060776 1.155947 0.125180
v 0.085949 1.103314 0.106375
v 0.060776 1.050680 0.087571
v -0.000000 1.028879 0.079782
v -0.060776 1.050680 0.087571
v -0.085949 1.103314 0.106375
v -0.060776 1.155947 0.125180
v -0.000000 1.109453 0.188048
v 0.060776 1.091652 0.177032
v 0.085949 1.048677 0.150438
v 0.060776 1.005702 0.123844
v -0.000000 0.987900 0.112828
v -0.060776 1.005702 0.123844
v -0.085949 1.048677 0.150438
v -0.060776 1.091652 0.177032
v -0.000000 1.020448 0.230310
v 0.060776 1.007862 0.216819
v 0.085949 0.977474 0.184248
v 0.060776 0.947085 0.151677
v -0.000000 0.934499 0.138186
v -0.060776 0.947085 0.151677
v -0.085949 0.977474 0.184248
v -0.060776 1.007862 0.216819
v -0.000000 0.916800 0.256878
v 0.060776 0.910285 0.241830
v 0.085949 0.894555 0.205502
v 0.060776 0.878825 0.169174
v -0.000000 0.872309 0.154126
v -0.060776 0.878825 0.169174
v -0.085949 0.894555 0.205502
v -0.060776 0.910285 0.241830
v -0.000000 0.805572 0.265939
v 0.060776 0.805572 0.250361
v 0.085949 0.805572 0.212751
v 0.060776 0.805572 0.175142
v -0.000000 0.805572 0.159563
v -0.060776 0.805572 0.175142
v -0.085949 0.805572 0.212751
v -0.060776 0.805572 0.250361
v -0.000000 0.694344 0.256878
v 0.060776 0.700860 0.241830
v 0.085949 0.716590 0.205502
v 0.060776 0.732320 0.169174
v -0.000000 0.738835 0.154126
v -0.060776 0.732320 0.169174
v -0.085949 0.716590 0.205502
v -0.060776 0.700860 0.241830
v -0.000000 0.590696 0.230310
v 0.060776 0.603284 0.216819
v 0.085949 0.633672 0.184248
v 0.060776 0.664059 0.151677
v -0.000000 0.676647 0.138186
v -0.060776 0.664059 0.151677
v -0.085949 0.633672 0.184248
v -0.060776 0.603284 0.216819
v -0.000000 0.501692 0.188048
v 0.060776 0.519492 0.177032
v 0.085949 0.562467 0.150438
v 0.060776 0.605443 0.123844
v -0.000000 0.623244 0.112828
v -0.060776 0.605443 0.123844
v -0.085949 0.562467 0.150438
v -0.060776 0.519492 0.177032
v -0.000000 0.433395 0.132970
v 0.060776 0.455197 0.125180
v 0.085949 0.507831 0.106375
v 0.060776 0.560465 0.087571
v -0.000000 0.582267 0.079782
v -0.060776 0.560465 0.087571
v -0.085949 0.507831 0.106375
v -0.060776 0.455197 0.125180
v -0.000000 0.390464 0.068830
v 0.060776 0.414780 0.064798
v 0.085949 0.473485 0.055064
v 0.060776 0.532190 0.045330
v -0.000000 0.556507 0.041298
v -0.060776 0.532190 0.045330
v -0.085949 0.473485 0.055064
v -0.060776 0.414780 0.064798
v -0.000000 0.375820 -0.000000
v 0.060776 0.400994 -0.000000
v 0.085949 0.461771 -0.000000
v 0.060776 0.522547 -0.000000
v -0.000000 0.547721 -0.000000
v -0.060776 0.522547 -0.000000
v -0.085949 0.461771 -0.000000
v -0.060776 0.400994 -0.000000
v -0.000000 0.390464 -0.068830
v 0.060776 0.414780 -0.064798
v 0.085949 0.473485 -0.055064
v 0.060776 0.532190 -0.045330
v -0.000000 0.556507 -0.041298
v -0.060776 0.532190 -0.045330
v -0.085949 0.473485 -0.055064
v -0.060776 0.414780 -0.064798
v -0.000000 0.433396 -0.132970
v 0.060776 0.455197 -0.125181
v 0.085949 0.507831 -0.106376
v 0.060776 0.560465 -0.087571
v -0.000000 0.582267 -0.079782
v -0.060776 0.560465 -0.087571
v -0.085949 0.507831 -0.106376
v -0.060776 0.455197 -0.125181
v -0.000000 0.501692 -0.188048
v 0.060776 0.519492 -0.177032
v 0.085949 0.562467 -0.150438
v 0.060776 0.605443 -0.123844
v -0.000000 0.623244 -0.112829
v -0.060776 0.605443 -0.123844
v -0.085949 0.562467 -0.150438
v -0.060776 0.519492 -0.177032
v -0.000000 0.590696 -0.230310
v 0.060776 0.603284 -0.216819
v 0.085949 0.633672 -0.184248
v 0.060776 0.664059 -0.151677
v -0.000000 0.676647 -0.138186
v -0.060776 0.664059 -0.151677
v -0.085949 0.633672 -0.184248
v -0.060776 0.603284 -0.216819
v -0.000000 0.694344 -0.256878
v 0.060776 0.700860 -0.241830
v 0.085949 0.716590 -0.205502
v 0.060776 0.732320 -0.169174
v -0.000000 0.738835 -0.154127
v -0.060776 0.732320 -0.169174
v -0.085949 0.716590 -0.205502
v -0.060776 0.700860 -0.241830
v 0.265938 2.361156 0.000000
v 0.250362 2.361156 0.060776
v 0.212753 2.361156 0.085951
v 0.175140 2.361156 0.060776
v 0.159565 2.361156 0.000000
v 0.175140 2.361156 -0.060776
v 0.212753 2.361156 -0.085950
v 0.250362 2.361156 -0.060776
v 0.256878 2.472385 0.000000
v 0.241829 2.465870 0.060776
v 0.205501 2.450139 0.085951
v 0.169174 2.434409 0.060776
v 0.154125 2.427893 0.000000
v 0.169174 2.434409 -0.060776
v 0.205501 2.450139 -0.085950
v 0.241829 2.465870 -0.060776
v 0.230308 2.576032 0.000000
v 0.216820 2.563447 0.060776
v 0.184250 2.533058 0.085951
v 0.151676 2.502670 0.060776
v 0.138187 2.490083 0.000000
v 0.151676 2.502670 -0.060776
v 0.184250 2.533058 -0.085950
v 0.216820 2.563447 -0.060776
v 0.188049 2.665038 0.000000
v 0.177032 2.647237 0.060776
v 0.150436 2.604261 0.085951
v 0.123844 2.561287 0.060776
v 0.112827 2.543485 0.000000
v 0.123844 2.561287 -0.060776
v 0.150436 2.604261 -0.085950
v 0.177032 2.647237 -0.060776
v 0.132969 2.733333 0.000000
v 0.125179 2.711531 0.060776
v 0.106377 2.658897 0.085951
v 0.087570 2.606264 0.060776
v 0.079780 2.584463 0.000000
v 0.087570 2.606264 -0.060776
v 0.106377 2.658897 -0.085950
v 0.125179 2.711531 -0.060776
v 0.068829 2.776265 0.000000
v 0.064796 2.751950 0.060776
v 0.055065 2.693245 0.085951
v 0.045330 2.634539 0.060776
v 0.041298 2.610223 0.000000
v 0.045330 2.634539 -0.060776
v 0.055065 2.693245 -0.085950
v 0.064796 2.751950 -0.060776
v -0.000000 2.790910 0.000000
v -0.000000 2.765734 0.060776
v -0.000000 2.704959 0.085951
v -0.000000 2.644182 0.060776
v -0.000000 2.619008 0.000000
v -0.000000 2.644182 -0.060776
v -0.000000 2.704959 -0.085950
v -0.000000 2.765734 -0.060776
v -0.068829 2.776265 0.000000
v -0.064797 2.751950 0.060776
v -0.055065 2.693245 0.085951
v -0.045330 2.634539 0.060776
v -0.041298 2.610223 0.000000
v -0.045330 2.634539 -0.060776
v -0.055065 2.693245 -0.085950
v -0.064797 2.751950 -0.060776
v -0.132969 2.733333 0.000000
v -0.125179 2.711531 0.060776
v -0.106377 2.658897 0.085951
v -0.087570 2.606264 0.060776
v -0.079781 2.584463 0.000000
v -0.087570 2.606264 -0.060776
v -0.106377 2.658897 -0.085950
v -0.125179 2.711531 -0.060776
v -0.188047 2.665038 0.000000
v -0.177033 2.647237 0.060776
v -0.150438 2.604261 0.085951
v -0.123844 2.561287 0.060776
v -0.112827 2.543485 0.000000
v -0.123844 2.561287 -0.060776
v -0.150438 2.604261 -0.085950
v -0.177033 2.647237 -0.060776
v -0.230311 2.576032 0.000000
v -0.216820 2.563447 0.060776
v -0.184248 2.533058 0.085951
v -0.151678 2.502670 0.060776
v -0.138187 2.490083 0.000000
v -0.151678 2.502670 -0.060776
v -0.184248 2.533058 -0.085950
v -0.216820 2.563447 -0.060776
v -0.256878 2.472385 0.000000
v -0.241831 2.465870 0.060776
v -0.205502 2.450139 0.085951
v -0.169174 2.434409 0.060776
v -0.154127 2.427893 0.000000
v -0.169174 2.434409 -0.060776
v -0.205502 2.450139 -0.085950
v -0.241831 2.465870 -0.060776
v -0.265940 2.361156 0.000000
v -0.250361 2.361156 0.060776
v -0.212751 2.361156 0.085951
v -0.175142 2.361156 0.060776
v -0.159563 2.361156 0.000000
v -0.175142 2.361156 -0.060776
v -0.212751 2.361156 -0.085950
v -0.250361 2.361156 -0.060776
v -0.256878 2.249928 0.000000
v -0.241831 2.256444 0.060776
v -0.205502 2.272174 0.085951
v -0.169174 2.287905 0.060776
v -0.154127 2.294420 0.000000
v -0.169174 2.287905 -0.060776
v -0.205502 2.272174 -0.085950
v -0.241831 2.256444 -0.060776
v -0.230311 2.146280 0.000000
v -0.216820 2.158869 0.060776
v -0.184248 2.189255 0.085951
v -0.151678 2.219644 0.060776
v -0.138187 2.232231 0.000000
v -0.151678 2.219644 -0.060776
v -0.184248 2.189255 -0.085950
v -0.216820 2.158869 -0.060776
v -0.188047 2.057276 0.000000
v -0.177033 2.075076 0.060776
v -0.150438 2.118051 0.085951
v -0.123844 2.161027 0.060776
v -0.112827 2.178828 0.000000
v -0.123844 2.161027 -0.060776
v -0.150438 2.118051 -0.085950
v -0.177033 2.075076 -0.060776
v -0.132969 1.988980 0.000000
v -0.125179 2.010781 0.060776
v -0.106377 2.063415 0.085951
v -0.087570 2.116049 0.060776
v -0.079781 2.137850 0.000000
v -0.087570 2.116049 -0.060776
v -0.106377 2.063415 -0.085950
v -0.125179 2.010781 -0.060776
v -0.068829 1.946047 0.000000
v -0.064797 1.970363 0.060776
v -0.055065 2.029069 0.085951
v -0.045330 2.087774 0.060776
v -0.041298 2.112091 0.000000
v -0.045330 2.087774 -0.060776
v -0.055065 2.029069 -0.085950
v -0.064797 1.970363 -0.060776
v -0.000000 1.931404 0.000000
v -0.000000 1.956578 0.060776
v -0.000000 2.017355 0.085951
v -0.000000 2.078130 0.060776
v -0.000000 2.103305 0.000000
v -0.000000 2.078130 -0.060776
v -0.000000 2.017355 -0.085950
v -0.000000 1.956578 -0.060776
v 0.068829 1.946047 0.000000
v 0.064796 1.970363 0.060776
v 0.055065 2.029069 0.085951
v 0.045330 2.087774 0.060776
v 0.041298 2.112091 0.000000
v 0.045330 2.087774 -0.060776
v 0.055065 2.029069 -0.085950
v 0.064796 1.970363 -0.060776
v 0.132969 1.988980 0.000000
v 0.125179 2.010781 0.060776
v 0.106377 2.063415 0.085951
v 0.087570 2.116049 0.060776
v 0.079780 2.137850 0.000000
v 0.087570 2.116049 -0.060776
v 0.106377 2.063415 -0.085950
v 0.125179 2.010781 -0.060776
v 0.188049 2.057276 0.000000
v 0.177032 2.075076 0.060776
v 0.150436 2.118051 0.085951
v 0.123844 2.161027 0.060776
v 0.112827 2.178828 0.000000
v 0.123844 2.161027 -0.060776
v 0.150436 2.118051 -0.085950
v 0.177032 2.075076 -0.060776
v 0.230308 2.146280 0.000000
v 0.216820 2.158867 0.060776
v 0.184250 2.189255 0.085951
v 0.151676 2.219643 0.060776
v 0.138187 2.232231 0.000000
v 0.151676 2.219643 -0.060776
v 0.184250 2.189255 -0.085950
v 0.216820 2.158867 -0.060776
v 0.256878 2.249928 0.000000
v 0.241829 2.256444 0.060776
v 0.205501 2.272174 0.085951
v 0.169174 2.287905 0.060776
v 0.154125 2.294420 0.000000
v 0.169174 2.287905 -0.060776
v 0.205501 2.272174 -0.085950
v 0.241829 2.256444 -0.060776
v -0.000000 1.846108 -0.265940
v 0.060776 1.846108 -0.250361
v 0.085949 1.846108 -0.212752
v 0.060776 1.846108 -0.175142
v -0.000000 1.846108 -0.159564
v -0.060776 1.846108 -0.175142
v -0.085949 1.846108 -0.212752
v -0.060776 1.846108 -0.250361
v -0.000000 1.957336 -0.256878
v 0.060776 1.950821 -0.241830
v 0.085949 1.935091 -0.205502
v 0.060776 1.919361 -0.169174
v -0.000000 1.912845 -0.154127
v -0.060776 1.919361 -0.169174
v -0.085949 1.935091 -0.205502
v -0.060776 1.950821 -0.241830
v -0.000000 2.060984 -0.230310
v 0.060776 2.048398 -0.216819
v 0.085949 2.018009 -0.184248
v 0.060776 1.987621 -0.151677
v -0.000000 1.975034 -0.138186
v -0.060776 1.987621 -0.151677
v -0.085949 2.018009 -0.184248
v -0.060776 2.048398 -0.216819
v -0.000000 2.149989 -0.188048
v 0.060776 2.132189 -0.177032
v 0.085949 2.089213 -0.150438
v 0.060776 2.046238 -0.123844
v -0.000000 2.028436 -0.112829
v -0.060776 2.046238 -0.123844
v -0.085949 2.089213 -0.150438
v -0.060776 2.132189 -0.177032
v -0.000000 2.218285 -0.132970
v 0.060776 2.196483 -0.125181
v 0.085949 2.143850 -0.106376
v 0.060776 2.091216 -0.087571
v -0.000000 2.069415 -0.079782
v -0.060776 2.091216 -0.087571
v -0.085949 2.143850 -0.106376
v -0.060776 2.196483 -0.125181
v -0.000000 2.261218 -0.068830
v 0.060776 2.236901 -0.064798
v 0.085949 2.178196 -0.055064
v 0.060776 2.119490 -0.045330
v -0.000000 2.095174 -0.041298
v -0.060776 2.119490 -0.045330
v -0.085949 2.178196 -0.055064
v -0.060776 2.236901 -0.064798
v -0.000000 2.275861 -0.000000
v 0.060776 2.250686 -0.000000
v 0.085949 2.189910 -0.000000
v 0.060776 2.129134 -0.000000
v -0.000000 2.103960 -0.000000
v -0.060776 2.129134 -0.000000
v -0.085949 2.189910 -0.000000
v -0.060776 2.250686 -0.000000
v -0.000000 2.261218 0.068830
v 0.060776 2.236901 0.064798
v 0.085949 2.178196 0.055064
v 0.060776 2.119490 0.045330
v -0.000000 2.095174 0.041298
v -0.060776 2.119490 0.045330
v -0.085949 2.178196 0.055064
v -0.060776 2.236901 0.064798
v -0.000000 2.218285 0.132970
v 0.060776 2.196483 0.125180
v 0.085949 2.143850 0.106375
v 0.060776 2.091216 0.087571
v -0.000000 2.069415 0.079782
v -0.060776 2.091216 0.087571
v -0.085949 2.143850 0.106375
v -0.060776 2.196483 0.125180
v -0.000000 2.149989 0.188048
v 0.060776 2.132189 0.177032
v 0.085949 2.089213 0.150438
v 0.060776 2.046238 0.123844
v -0.000000 2.028436 0.112828
v -0.060776 2.046238 0.123844
v -0.085949 2.089213 0.150438
v -0.060776 2.132189 0.177032
v -0.000000 2.060984 0.230310
v 0.060776 2.048398 0.216819
v 0.085949 2.018009 0.184248
v 0.060776 1.987621 0.151677
v -0.000000 1.975034 0.138186
v -0.060776 1.987621 0.151677
v -0.085949 2.018009 0.184248
v -0.060776 2.048398 0.216819
v -0.000000 1.957336 0.256878
v 0.060776 1.950821 0.241830
v 0.085949 1.935091 0.205502
v 0.060776 1.919361 0.169174
v -0.000000 1.912845 0.154126
v -0.060776 1.919361 0.169174
v -0.085949 1.935091 0.205502
v -0.060776 1.950821 0.241830
v -0.000000 1.846108 0.265939
v 0.060776 1.846108 0.250361
v 0.085949 1.846108 0.212752
v 0.060776 1.846108 0.175142
v -0.000000 1.846108 0.159563
v -0.060776 1.846108 0.175142
v -0.085949 1.846108 0.212752
v -0.060776 1.846108 0.250361
v -0.000000 1.734880 0.256878
v 0.060776 1.741396 0.241830
v 0.085949 1.757126 0.205502
v 0.060776 1.772856 0.169174
v -0.000000 1.779372 0.154126
v -0.060776 1.772856 0.169174
v -0.085949 1.757126 0.205502
v -0.060776 1.741396 0.241830
v -0.000000 1.631232 0.230310
v 0.060776 1.643820 0.216819
v 0.085949 1.674207 0.184248
v 0.060776 1.704595 0.151677
v -0.000000 1.717183 0.138186
v -0.060776 1.704595 0.151677
v -0.085949 1.674207 0.184248
v -0.060776 1.643820 0.216819
v -0.000000 1.542228 0.188048
v 0.060776 1.560029 0.177032
v 0.085949 1.603003 0.150438
v 0.060776 1.645979 0.123844
v -0.000000 1.663780 0.112828
v -0.060776 1.645979 0.123844
v -0.085949 1.603003 0.150438
v -0.060776 1.560029 0.177032
v -0.000000 1.473932 0.132970
v 0.060776 1.495733 0.125180
v 0.085949 1.548367 0.106375
v 0.060776 1.601001 0.087571
v -0.000000 1.622802 0.079782
v -0.060776 1.601001 0.087571
v -0.085949 1.548367 0.106375
v -0.060776 1.495733 0.125180
v -0.000000 1.431000 0.068830
v 0.060776 1.455316 0.064798
v 0.085949 1.514022 0.055064
v 0.060776 1.572726 0.045330
v -0.000000 1.597043 0.041298
v -0.060776 1.572726 0.045330
v -0.085949 1.514022 0.055064
v -0.060776 1.455316 0.064798
v -0.000000 1.416356 -0.000000
v 0.060776 1.441530 -0.000000
v 0.085949 1.502307 -0.000000
v 0.060776 1.563082 -0.000000
v -0.000000 1.588258 -0.000000
v -0.060776 1.563082 -0.000000
v -0.085949 1.502307 -0.000000
v -0.060776 1.441530 -0.000000
v -0.000000 1.431000 -0.068830
v 0.060776 1.455316 -0.064798
v 0.085949 1.514022 -0.055064
v 0.060776 1.572726 -0.045330
v -0.000000 1.597043 -0.041298
v -0.060776 1.572726 -0.045330
v -0.085949 1.514022 -0.055064
v -0.060776 1.455316 -0.064798
v -0.000000 1.473932 -0.132970
v 0.060776 1.495733 -0.125181
v 0.085949 1.548367 -0.106376
v 0.060776 1.601001 -0.087571
v -0.000000 1.622802 -0.079782
v -0.060776 1.601001 -0.087571
v -0.085949 1.548367 -0.106376
v -0.060776 1.495733 -0.125181
v -0.000000 1.542228 -0.188048
v 0.060776 1.560029 -0.177032
v 0.085949 1.603003 -0.150438
v 0.060776 1.645979 -0.123844
v -0.000000 1.663780 -0.112829
v -0.060776 1.645979 -0.123844
v -0.085949 1.603003 -0.150438
v -0.060776 1.560029 -0.177032
v -0.000000 1.631232 -0.230310
v 0.060776 1.643820 -0.216819
v 0.085949 1.674207 -0.184248
v 0.060776 1.704595 -0.151677
v -0.000000 1.717183 -0.138186
v -0.060776 1.704595 -0.151677
v -0.085949 1.674207 -0.184248
v -0.060776 1.643820 -0.216819
v -0.000000 1.734880 -0.256878
v 0.060776 1.741397 -0.241830
v 0.085949 1.757126 -0.205502
v 0.060776 1.772856 -0.169174
v -0.000000 1.779372 -0.154127
v -0.060776 1.772856 -0.169174
v -0.085949 1.757126 -0.205502
v -0.060776 1.741397 -0.241830
v 0.265938 3.401692 0.000000
v 0.250362 3.401692 0.060776
v 0.212753 3.401692 0.085951
v 0.175140 3.401692 0.060776
v 0.159565 3.401692 0.000000
v 0.175140 3.401692 -0.060776
v 0.212753 3.401692 -0.085950
v 0.250362 3.401692 -0.060776
v 0.256878 3.512921 0.000000
v 0.241829 3.506406 0.060776
v 0.205501 3.490676 0.085951
v 0.169174 3.474946 0.060776
v 0.154125 3.468430 0.000000
v 0.169174 3.474946 -0.060776
v 0.205501 3.490676 -0.085950
v 0.241829 3.506406 -0.060776
v 0.230308 3.616570 0.000000
v 0.216820 3.603982 0.060776
v 0.184250 3.573594 0.085951
v 0.151676 3.543206 0.060776
v 0.138187 3.530619 0.000000
v 0.151676 3.543206 -0.060776
v 0.184250 3.573594 -0.085950
v 0.216820 3.603982 -0.060776
v 0.188049 3.705575 0.000000
v 0.177032 3.687773 0.060776
v 0.150436 3.644799 0.085951
v 0.123844 3.601823 0.060776
v 0.112827 3.584023 0.000000
v 0.123844 3.601823 -0.060776
v 0.150436 3.644799 -0.085950
v 0.177032 3.687773 -0.060776
v 0.132969 3.773869 0.000000
v 0.125179 3.752068 0.060776
v 0.106377 3.699433 0.085951
v 0.087570 3.646802 0.060776
v 0.079780 3.625001 0.000000
v 0.087570 3.646802 -0.060776
v 0.106377 3.699433 -0.085950
v 0.125179 3.752068 -0.060776
v 0.068829 3.816804 0.000000
v 0.064796 3.792487 0.060776
v 0.055065 3.733781 0.085951
v 0.045330 3.675076 0.060776
v 0.041298 3.650759 0.000000
v 0.045330 3.675076 -0.060776
v 0.055065 3.733781 -0.085950
v 0.064796 3.792487 -0.060776
v -0.000000 3.831445 0.000000
v -0.000000 3.806271 0.060776
v -0.000000 3.745496 0.085951
v -0.000000 3.684720 0.060776
v -0.000000 3.659545 0.000000
v -0.000000 3.684720 -0.060776
v -0.000000 3.745496 -0.085950
v -0.000000 3.806271 -0.060776
v -0.068829 3.816804 0.000000
v -0.064797 3.792487 0.060776
v -0.055065 3.733781 0.085951
v -0.045330 3.675076 0.060776
v -0.041298 3.650759 0.000000
v -0.045330 3.675076 -0.060776
v -0.055065 3.733781 -0.085950
v -0.064797 3.792487 -0.060776
v -0.132969 3.773869 0.000000
v -0.125179 3.752068 0.060776
v -0.106377 3.699433 0.085951
v -0.087570 3.646802 0.060776
v -0.079781 3.625001 0.000000
v -0.087570 3.646802 -0.060776
v -0.106377 3.699433 -0.085950
v -0.125179 3.752068 -0.060776
v -0.188047 3.705575 0.000000
v -0.177033 3.687773 0.060776
v -0.150438 3.644799 0.085951
v -0.123844 3.601823 0.060776
v -0.112827 3.584023 0.000000
v -0.123844 3.601823 -0.060776
v -0.150438 3.644799 -0.085950
v -0.177033 3.687773 -0.060776
v -0.230311 3.616570 0.000000
v -0.216820 3.603982 0.060776
v -0.184248 3.573594 0.085951
v -0.151678 3.543206 0.060776
v -0.138187 3.530619 0.000000
v -0.151678 3.543206 -0.060776
v -0.184248 3.573594 -0.085950
v -0.216820 3.603982 -0.060776
v -0.256878 3.512921 0.000000
v -0.241831 3.506406 0.060776
v -0.205502 3.490676 0.085951
v -0.169174 3.474946 0.060776
v -0.154127 3.468430 0.000000
v -0.169174 3.474946 -0.060776
v -0.205502 3.490676 -0.085950
v -0.241831 3.506406 -0.060776
v -0.265940 3.401692 0.000000
v -0.250361 3.401692 0.060776
v -0.212751 3.401692 0.085951
v -0.175142 3.401692 0.060776
v -0.159563 3.401692 0.000000
v -0.175142 3.401692 -0.060776
v -0.212751 3.401692 -0.085950
v -0.250361 3.401692 -0.060776
v -0.256878 3.290465 0.000000
v -0.241831 3.296981 0.060776
v -0.205502 3.312711 0.085951
v -0.169174 3.328440 0.060776
v -0.154127 3.334956 0.000000
v -0.169174 3.328440 -0.060776
v -0.205502 3.312711 -0.085950
v -0.241831 3.296981 -0.060776
v -0.230311 3.186818 0.000000
v -0.216820 3.199404 0.060776
v -0.184248 3.229792 0.085951
v -0.151678 3.260182 0.060776
v -0.138187 3.272767 0.000000
v -0.151678 3.260182 -0.060776
v -0.184248 3.229792 -0.085950
v -0.216820 3.199404 -0.060776
v -0.188047 3.097813 0.000000
v -0.177033 3.115613 0.060776
v -0.150438 3.158589 0.085951
v -0.123844 3.201564 0.060776
v -0.112827 3.219365 0.000000
v -0.123844 3.201564 -0.060776
v -0.150438 3.158589 -0.085950
v -0.177033 3.115613 -0.060776
v -0.132969 3.029517 0.000000
v -0.125179 3.051318 0.060776
v -0.106377 3.103951 0.085951
v -0.087570 3.156586 0.060776
v -0.079781 3.178387 0.000000
v -0.087570 3.156586 -0.060776
v -0.106377 3.103951 -0.085950
v -0.125179 3.051318 -0.060776
v -0.068829 2.986584 0.000000
v -0.064797 3.010899 0.060776
v -0.055065 3.069606 0.085951
v -0.045330 3.128312 0.060776
v -0.041298 3.152627 0.000000
v -0.045330 3.128312 -0.060776
v -0.055065 3.069606 -0.085950
v -0.064797 3.010899 -0.060776
v -0.000000 2.971940 0.000000
v -0.000000 2.997115 0.060776
v -0.000000 3.057893 0.085951
v -0.000000 3.118668 0.060776
v -0.000000 3.143842 0.000000
v -0.000000 3.118668 -0.060776
v -0.000000 3.057893 -0.085950
v -0.000000 2.997115 -0.060776
v 0.068829 2.986584 0.000000
v 0.064796 3.010899 0.060776
v 0.055065 3.069606 0.085951
v 0.045330 3.128312 0.060776
v 0.041298 3.152627 0.000000
v 0.045330 3.128312 -0.060776
v 0.055065 3.069606 -0.085950
v 0.064796 3.010899 -0.060776
v 0.132969 3.029517 0.000000
v 0.125179 3.051318 0.060776
v 0.106377 3.103951 0.085951
v 0.087570 3.156586 0.060776
v 0.079780 3.178387 0.000000
v 0.087570 3.156586 -0.060776
v 0.106377 3.103951 -0.085950
v 0.125179 3.051318 -0.060776
v 0.188049 3.097813 0.000000
v 0.177032 3.115613 0.060776
v 0.150436 3.158589 0.085951
v 0.123844 3.201564 0.060776
v 0.112827 3.219365 0.000000
v 0.123844 3.201564 -0.060776
v 0.150436 3.158589 -0.085950
v 0.177032 3.115613 -0.060776
v 0.230308 3.186818 0.000000
v 0.216820 3.199403 0.060776
v 0.184250 3.229792 0.085951
v 0.151676 3.260180 0.060776
v 0.138187 3.272767 0.000000
v 0.151676 3.260180 -0.060776
v 0.184250 3.229792 -0.085950
v 0.216820 3.199403 -0.060776
v 0.256878 3.290465 0.000000
v 0.241829 3.296981 0.060776
v 0.205501 3.312711 0.085951
v 0.169174 3.328440 0.060776
v 0.154125 3.334956 0.000000
v 0.169174 3.328440 -0.060776
v 0.205501 3.312711 -0.085950
v 0.241829 3.296981 -0.060776
v -0.000000 2.886645 -0.265940
v 0.060776 2.886645 -0.250361
v 0.085949 2.886645 -0.212752
v 0.060776 2.886645 -0.175142
v -0.000000 2.886645 -0.159564
v -0.060776 2.886645 -0.175142
v -0.085949 2.886645 -0.212752
v -0.060776 2.886645 -0.250361
v -0.000000 2.997872 -0.256878
v 0.060776 2.991357 -0.241830
v 0.085949 2.975629 -0.205502
v 0.060776 2.959897 -0.169174
v -0.000000 2.953381 -0.154127
v -0.060776 2.959897 -0.169174
v -0.085949 2.975629 -0.205502
v -0.060776 2.991357 -0.241830
v -0.000000 3.101521 -0.230310
v 0.060776 3.088935 -0.216819
v 0.085949 3.058545 -0.184248
v 0.060776 3.028157 -0.151677
v -0.000000 3.015570 -0.138186
v -0.060776 3.028157 -0.151677
v -0.085949 3.058545 -0.184248
v -0.060776 3.088935 -0.216819
v -0.000000 3.190526 -0.188048
v 0.060776 3.172726 -0.177032
v 0.085949 3.129750 -0.150438
v 0.060776 3.086774 -0.123844
v -0.000000 3.068974 -0.112829
v -0.060776 3.086774 -0.123844
v -0.085949 3.129750 -0.150438
v -0.060776 3.172726 -0.177032
v -0.000000 3.258822 -0.132970
v 0.060776 3.237019 -0.125181
v 0.085949 3.184388 -0.106376
v 0.060776 3.131753 -0.087571
v -0.000000 3.109952 -0.079782
v -0.060776 3.131753 -0.087571
v -0.085949 3.184388 -0.106376
v -0.060776 3.237019 -0.125181
v -0.000000 3.301755 -0.068830
v 0.060776 3.277438 -0.064798
v 0.085949 3.218732 -0.055064
v 0.060776 3.160027 -0.045330
v -0.000000 3.135710 -0.041298
v -0.060776 3.160027 -0.045330
v -0.085949 3.218732 -0.055064
v -0.060776 3.277438 -0.064798
v -0.000000 3.316397 -0.000000
v 0.060776 3.291222 -0.000000
v 0.085949 3.230447 -0.000000
v 0.060776 3.169671 -0.000000
v -0.000000 3.144498 -0.000000
v -0.060776 3.169671 -0.000000
v -0.085949 3.230447 -0.000000
v -0.060776 3.291222 -0.000000
v -0.000000 3.301755 0.068830
v 0.060776 3.277438 0.064798
v 0.085949 3.218732 0.055064
v 0.060776 3.160027 0.045330
v -0.000000 3.135710 0.041298
v -0.060776 3.160027 0.045330
v -0.085949 3.218732 0.055064
v -0.060776 3.277438 0.064798
v -0.000000 3.258822 0.132970
v 0.060776 3.237019 0.125180
v 0.085949 3.184388 0.106375
v 0.060776 3.131753 0.087571
v -0.000000 3.109952 0.079782
v -0.060776 3.131753 0.087571
v -0.085949 3.184388 0.106375
v -0.060776 3.237019 0.125180
v -0.000000 3.190526 0.188048
v 0.060776 3.172726 0.177032
v 0.085949 3.129750 0.150438
v 0.060776 3.086774 0.123844
v -0.000000 3.068974 0.112828
v -0.060776 3.086774 0.123844
v -0.085949 3.129750 0.150438
v -0.060776 3.172726 0.177032
v -0.000000 3.101521 0.230310
v 0.060776 3.088935 0.216819
v 0.085949 3.058545 0.184248
v 0.060776 3.028157 0.151677
v -0.000000 3.015570 0.138186
v -0.060776 3.028157 0.151677
v -0.085949 3.058545 0.184248
v -0.060776 3.088935 0.216819
v -0.000000 2.997872 0.256878
v 0.060776 2.991357 0.241830
v 0.085949 2.975629 0.205502
v 0.060776 2.959897 0.169174
v -0.000000 2.953381 0.154126
v -0.060776 2.959897 0.169174
v -0.085949 2.975629 0.205502
v -0.060776 2.991357 0.241830
v -0.000000 2.886645 0.265939
v 0.060776 2.886645 0.250361
v 0.085949 2.886645 0.212752
v 0.060776 2.886645 0.175142
v -0.000000 2.886645 0.159564
v -0.060776 2.886645 0.175142
v -0.085949 2.886645 0.212752
v -0.060776 2.886645 0.250361
v -0.000000 2.775418 0.256878
v 0.060776 2.781934 0.241830
v 0.085949 2.797663 0.205502
v 0.060776 2.813393 0.169174
v -0.000000 2.819909 0.154126
v -0.060776 2.813393 0.169174
v -0.085949 2.797663 0.205502
v -0.060776 2.781934 0.241830
v -0.000000 2.671769 0.230310
v 0.060776 2.684356 0.216819
v 0.085949 2.714743 0.184248
v 0.060776 2.745132 0.151677
v -0.000000 2.757719 0.138186
v -0.060776 2.745132 0.151677
v -0.085949 2.714743 0.184248
v -0.060776 2.684356 0.216819
v -0.000000 2.582764 0.188048
v 0.060776 2.600566 0.177032
v 0.085949 2.643541 0.150438
v 0.060776 2.686517 0.123844
v -0.000000 2.704317 0.112828
v -0.060776 2.686517 0.123844
v -0.085949 2.643541 0.150438
v -0.060776 2.600566 0.177032
v -0.000000 2.514468 0.132970
v 0.060776 2.536271 0.125180
v 0.085949 2.588904 0.106375
v 0.060776 2.641538 0.087571
v -0.000000 2.663339 0.079782
v -0.060776 2.641538 0.087571
v -0.085949 2.588904 0.106375
v -0.060776 2.536271 0.125180
v -0.000000 2.471536 0.068830
v 0.060776 2.495853 0.064798
v 0.085949 2.554559 0.055064
v 0.060776 2.613264 0.045330
v -0.000000 2.637581 0.041298
v -0.060776 2.613264 0.045330
v -0.085949 2.554559 0.055064
v -0.060776 2.495853 0.064798
v -0.000000 2.456892 -0.000000
v 0.060776 2.482068 -0.000000
v 0.085949 2.542843 -0.000000
v 0.060776 2.603619 -0.000000
v -0.000000 2.628793 -0.000000
v -0.060776 2.603619 -0.000000
v -0.085949 2.542843 -0.000000
v -0.060776 2.482068 -0.000000
v -0.000000 2.471536 -0.068830
v 0.060776 2.495853 -0.064798
v 0.085949 2.554559 -0.055064
v 0.060776 2.613264 -0.045330
v -0.000000 2.637581 -0.041298
v -0.060776 2.613264 -0.045330
v -0.085949 2.554559 -0.055064
v -0.060776 2.495853 -0.064798
v -0.000000 2.514468 -0.132970
v 0.060776 2.536271 -0.125181
v 0.085949 2.588904 -0.106376
v 0.060776 2.641538 -0.087571
v -0.000000 2.663339 -0.079782
v -0.060776 2.641538 -0.087571
v -0.085949 2.588904 -0.106376
v -0.060776 2.536271 -0.125181
v -0.000000 2.582764 -0.188048
v 0.060776 2.600565 -0.177032
v 0.085949 2.643540 -0.150438
v 0.060776 2.686517 -0.123844
v -0.000000 2.704317 -0.112829
v -0.060776 2.686517 -0.123844
v -0.085949 2.643540 -0.150438
v -0.060776 2.600565 -0.177032
v -0.000000 2.671769 -0.230310
v 0.060776 2.684356 -0.216819
v 0.085949 2.714743 -0.184248
v 0.060776 2.745132 -0.151677
v -0.000000 2.757719 -0.138186
v -0.060776 2.745132 -0.151677
v -0.085949 2.714743 -0.184248
v -0.060776 2.684356 -0.216819
v -0.000000 2.775418 -0.256878
v 0.060776 2.781934 -0.241830
v 0.085949 2.797663 -0.205502
v 0.060776 2.813393 -0.169174
v -0.000000 2.819909 -0.154127
v -0.060776 2.813393 -0.169174
v -0.085949 2.797663 -0.205502
v -0.060776 2.781934 -0.241830
v 0.265938 4.442231 0.000000
v 0.250362 4.442231 0.060776
v 0.212753 4.442231 0.085951
v 0.175140 4.442231 0.060776
v 0.159565 4.442231 0.000000
v 0.175140 4.442231 -0.060776
v 0.212753 4.442231 -0.085950
v 0.250362 4.442231 -0.060776
v 0.256878 4.553460 0.000000
v 0.241829 4.546945 0.060776
v 0.205501 4.531213 0.085951
v 0.169174 4.515481 0.060776
v 0.154125 4.508965 0.000000
v 0.169174 4.515481 -0.060776
v 0.205501 4.531213 -0.085950
v 0.241829 4.546945 -0.060776
v 0.230308 4.657105 0.000000
v 0.216820 4.644521 0.060776
v 0.184250 4.614129 0.085951
v 0.151676 4.583745 0.060776
v 0.138187 4.571157 0.000000
v 0.151676 4.583745 -0.060776
v 0.184250 4.614129 -0.085950
v 0.216820 4.644521 -0.060776
v 0.188049 4.746110 0.000000
v 0.177032 4.728311 0.060776
v 0.150436 4.685334 0.085951
v 0.123844 4.642358 0.060776
v 0.112827 4.624558 0.000000
v 0.123844 4.642358 -0.060776
v 0.150436 4.685334 -0.085950
v 0.177032 4.728311 -0.060776
v 0.132969 4.814404 0.000000
v 0.125179 4.792603 0.060776
v 0.106377 4.739972 0.085951
v 0.087570 4.687337 0.060776
v 0.079780 4.665536 0.000000
v 0.087570 4.687337 -0.060776
v 0.106377 4.739972 -0.085950
v 0.125179 4.792603 -0.060776
v 0.068829 4.857339 0.000000
v 0.064796 4.833024 0.060776
v 0.055065 4.774316 0.085951
v 0.045330 4.715611 0.060776
v 0.041298 4.691297 0.000000
v 0.045330 4.715611 -0.060776
v 0.055065 4.774316 -0.085950
v 0.064796 4.833024 -0.060776
v -0.000000 4.871984 0.000000
v -0.000000 4.846807 0.060776
v -0.000000 4.786031 0.085951
v -0.000000 4.725255 0.060776
v -0.000000 4.700082 0.000000
v -0.000000 4.725255 -0.060776
v -0.000000 4.786031 -0.085950
v -0.000000 4.846807 -0.060776
v -0.068829 4.857339 0.000000
v -0.064797 4.833024 0.060776
v -0.055065 4.774316 0.085951
v -0.045330 4.715611 0.060776
v -0.041298 4.691297 0.000000
v -0.045330 4.715611 -0.060776
v -0.055065 4.774316 -0.085950
v -0.064797 4.833024 -0.060776
v -0.132969 4.814404 0.000000
v -0.125179 4.792603 0.060776
v -0.106377 4.739972 0.085951
v -0.087570 4.687337 0.060776
v -0.079781 4.665536 0.000000
v -0.087570 4.687337 -0.060776
v -0.106377 4.739972 -0.085950
v -0.125179 4.792603 -0.060776
v -0.188047 4.746110 0.000000
v -0.177033 4.728311 0.060776
v -0.150438 4.685334 0.085951
v -0.123844 4.642358 0.060776
v -0.112827 4.624558 0.000000
v -0.123844 4.642358 -0.060776
v -0.150438 4.685334 -0.085950
v -0.177033 4.728311 -0.060776
v -0.230311 4.657105 0.000000
v -0.216820 4.644521 0.060776
v -0.184248 4.614129 0.085951
v -0.151678 4.583745 0.060776
v -0.138187 4.571157 0.000000
v -0.151678 4.583745 -0.060776
v -0.184248 4.614129 -0.085950
v -0.216820 4.644521 -0.060776
v -0.256878 4.553460 0.000000
v -0.241831 4.546945 0.060776
v -0.205502 4.531213 0.085951
v -0.169174 4.515481 0.060776
v -0.154127 4.508965 0.000000
v -0.169174 4.515481 -0.060776
v -0.205502 4.531213 -0.085950
v -0.241831 4.546945 -0.060776
v -0.265940 4.442231 0.000000
v -0.250361 4.442231 0.060776
v -0.212751 4.442231 0.085951
v -0.175142 4.442231 0.060776
v -0.159563 4.442231 0.000000
v -0.175142 4.442231 -0.060776
v -0.212751 4.442231 -0.085950
v -0.250361 4.442231 -0.060776
v -0.256878 4.331002 0.000000
v -0.241831 4.337518 0.060776
v -0.205502 4.353246 0.085951
v -0.169174 4.368978 0.060776
v -0.154127 4.375493 0.000000
v -0.169174 4.368978 -0.060776
v -0.205502 4.353246 -0.085950
v -0.241831 4.337518 -0.060776
v -0.230311 4.227353 0.000000
v -0.216820 4.239942 0.060776
v -0.184248 4.270329 0.085951
v -0.151678 4.300717 0.060776
v -0.138187 4.313306 0.000000
v -0.151678 4.300717 -0.060776
v -0.184248 4.270329 -0.085950
v -0.216820 4.239942 -0.060776
v -0.188047 4.138349 0.000000
v -0.177033 4.156148 0.060776
v -0.150438 4.199124 0.085951
v -0.123844 4.242101 0.060776
v -0.112827 4.259900 0.000000
v -0.123844 4.242101 -0.060776
v -0.150438 4.199124 -0.085950
v -0.177033 4.156148 -0.060776
v -0.132969 4.070054 0.000000
v -0.125179 4.091855 0.060776
v -0.106377 4.144490 0.085951
v -0.087570 4.197122 0.060776
v -0.079781 4.218923 0.000000
v -0.087570 4.197122 -0.060776
v -0.106377 4.144490 -0.085950
v -0.125179 4.091855 -0.060776
v -0.068829 4.027120 0.000000
v -0.064797 4.051438 0.060776
v -0.055065 4.110143 0.085951
v -0.045330 4.168847 0.060776
v -0.041298 4.193166 0.000000
v -0.045330 4.168847 -0.060776
v -0.055065 4.110143 -0.085950
v -0.064797 4.051438 -0.060776
v -0.000000 4.012479 0.000000
v -0.000000 4.037652 0.060776
v -0.000000 4.098428 0.085951
v -0.000000 4.159204 0.060776
v -0.000000 4.184377 0.000000
v -0.000000 4.159204 -0.060776
v -0.000000 4.098428 -0.085950
v -0.000000 4.037652 -0.060776
v 0.068829 4.027120 0.000000
v 0.064796 4.051438 0.060776
v 0.055065 4.110143 0.085951
v 0.045330 4.168847 0.060776
v 0.041298 4.193166 0.000000
v 0.045330 4.168847 -0.060776
v 0.055065 4.110143 -0.085950
v 0.064796 4.051438 -0.060776
v 0.132969 4.070054 0.000000
v 0.125179 4.091855 0.060776
v 0.106377 4.144490 0.085951
v 0.087570 4.197122 0.060776
v 0.079780 4.218923 0.000000
v 0.087570 4.197122 -0.060776
v 0.106377 4.144490 -0.085950
v 0.125179 4.091855 -0.060776
v 0.188049 4.138349 0.000000
v 0.177032 4.156148 0.060776
v 0.150436 4.199124 0.085951
v 0.123844 4.242101 0.060776
v 0.112827 4.259900 0.000000
v 0.123844 4.242101 -0.060776
v 0.150436 4.199124 -0.085950
v 0.177032 4.156148 -0.060776
v 0.230308 4.227353 0.000000
v 0.216820 4.239942 0.060776
v 0.184250 4.270329 0.085951
v 0.151676 4.300717 0.060776
v 0.138187 4.313306 0.000000
v 0.151676 4.300717 -0.060776
v 0.184250 4.270329 -0.085950
v 0.216820 4.239942 -0.060776
v 0.256878 4.331002 0.000000
v 0.241829 4.337518 0.060776
v 0.205501 4.353246 0.085951
v 0.169174 4.368978 0.060776
v 0.154125 4.375493 0.000000
v 0.169174 4.368978 -0.060776
v 0.205501 4.353246 -0.085950
v 0.241829 4.337518 -0.060776
v -0.000000 3.927182 -0.265940
v 0.060776 3.927182 -0.250361
v 0.085949 3.927182 -0.212752
v 0.060776 3.927182 -0.175142
v -0.000000 3.927182 -0.159564
v -0.060776 3.927182 -0.175142
v -0.085949 3.927182 -0.212752
v -0.060776 3.927182 -0.250361
v -0.000000 4.038411 -0.256878
v 0.060776 4.031896 -0.241830
v 0.085949 4.016164 -0.205502
v 0.060776 4.000432 -0.169174
v -0.000000 3.993916 -0.154126
v -0.060776 4.000432 -0.169174
v -0.085949 4.016164 -0.205502
v -0.060776 4.031896 -0.241830
v -0.000000 4.142056 -0.230310
v 0.060776 4.129472 -0.216819
v 0.085949 4.099084 -0.184248
v 0.060776 4.068696 -0.151677
v -0.000000 4.056108 -0.138186
v -0.060776 4.068696 -0.151677
v -0.085949 4.099084 -0.184248
v -0.060776 4.129472 -0.216819
v -0.000000 4.231061 -0.188048
v 0.060776 4.213262 -0.177032
v 0.085949 4.170285 -0.150438
v 0.060776 4.127313 -0.123844
v -0.000000 4.109509 -0.112829
v -0.060776 4.127313 -0.123844
v -0.085949 4.170285 -0.150438
v -0.060776 4.213262 -0.177032
v -0.000000 4.299359 -0.132970
v 0.060776 4.277558 -0.125181
v 0.085949 4.224923 -0.106376
v 0.060776 4.172288 -0.087571
v -0.000000 4.150487 -0.079782
v -0.060776 4.172288 -0.087571
v -0.085949 4.224923 -0.106376
v -0.060776 4.277558 -0.125181
v -0.000000 4.342290 -0.068830
v 0.060776 4.317975 -0.064798
v 0.085949 4.259271 -0.055064
v 0.060776 4.200562 -0.045330
v -0.000000 4.176248 -0.041298
v -0.060776 4.200562 -0.045330
v -0.085949 4.259271 -0.055064
v -0.060776 4.317975 -0.064798
v -0.000000 4.356935 -0.000000
v 0.060776 4.331761 -0.000000
v 0.085949 4.270982 -0.000000
v 0.060776 4.210206 -0.000000
v -0.000000 4.185033 -0.000000
v -0.060776 4.210206 -0.000000
v -0.085949 4.270982 -0.000000
v -0.060776 4.331761 -0.000000
v -0.000000 4.342290 0.068830
v 0.060776 4.317975 0.064798
v 0.085949 4.259271 0.055064
v 0.060776 4.200562 0.045330
v -0.000000 4.176248 0.041298
v -0.060776 4.200562 0.045330
v -0.085949 4.259271 0.055064
v -0.060776 4.317975 0.064798
v -0.000000 4.299359 0.132970
v 0.060776 4.277558 0.125180
v 0.085949 4.224923 0.106376
v 0.060776 4.172288 0.087571
v -0.000000 4.150487 0.079782
v -0.060776 4.172288 0.087571
v -0.085949 4.224923 0.106376
v -0.060776 4.277558 0.125180
v -0.000000 4.231061 0.188048
v 0.060776 4.213262 0.177032
v 0.085949 4.170285 0.150438
v 0.060776 4.127313 0.123844
v -0.000000 4.109509 0.112828
v -0.060776 4.127313 0.123844
v -0.085949 4.170285 0.150438
v -0.060776 4.213262 0.177032
v -0.000000 4.142056 0.230310
v 0.060776 4.129472 0.216819
v 0.085949 4.099084 0.184248
v 0.060776 4.068696 0.151677
v -0.000000 4.056108 0.138186
v -0.060776 4.068696 0.151677
v -0.085949 4.099084 0.184248
v -0.060776 4.129472 0.216819
v -0.000000 4.038411 0.256878
v 0.060776 4.031896 0.241830
v 0.085949 4.016164 0.205502
v 0.060776 4.000432 0.169174
v -0.000000 3.993916 0.154126
v -0.060776 4.000432 0.169174
v -0.085949 4.016164 0.205502
v -0.060776 4.031896 0.241830
v -0.000000 3.927182 0.265939
v 0.060776 3.927182 0.250361
v 0.085949 3.927182 0.212752
v 0.060776 3.927182 0.175142
v -0.000000 3.927182 0.159564
v -0.060776 3.927182 0.175142
v -0.085949 3.927182 0.212752
v -0.060776 3.927182 0.250361
v -0.000000 3.815953 0.256878
v 0.060776 3.822469 0.241830
v 0.085949 3.838200 0.205502
v 0.060776 3.853928 0.169174
v -0.000000 3.860444 0.154126
v -0.060776 3.853928 0.169174
v -0.085949 3.838200 0.205502
v -0.060776 3.822469 0.241830
v -0.000000 3.712304 0.230310
v 0.060776 3.724892 0.216819
v 0.085949 3.755280 0.184248
v 0.060776 3.785668 0.151677
v -0.000000 3.798257 0.138186
v -0.060776 3.785668 0.151677
v -0.085949 3.755280 0.184248
v -0.060776 3.724892 0.216819
v -0.000000 3.623301 0.188048
v 0.060776 3.641103 0.177032
v 0.085949 3.684079 0.150438
v 0.060776 3.727053 0.123844
v -0.000000 3.744855 0.112828
v -0.060776 3.727053 0.123844
v -0.085949 3.684079 0.150438
v -0.060776 3.641103 0.177032
v -0.000000 3.555005 0.132970
v 0.060776 3.576808 0.125180
v 0.085949 3.629441 0.106376
v 0.060776 3.682076 0.087571
v -0.000000 3.703877 0.079782
v -0.060776 3.682076 0.087571
v -0.085949 3.629441 0.106376
v -0.060776 3.576808 0.125180
v -0.000000 3.512074 0.068830
v 0.060776 3.536389 0.064798
v 0.085949 3.595095 0.055064
v 0.060776 3.653802 0.045330
v -0.000000 3.678117 0.041298
v -0.060776 3.653802 0.045330
v -0.085949 3.595095 0.055064
v -0.060776 3.536389 0.064798
v -0.000000 3.497430 -0.000000
v 0.060776 3.522605 -0.000000
v 0.085949 3.583379 -0.000000
v 0.060776 3.644154 -0.000000
v -0.000000 3.669331 -0.000000
v -0.060776 3.644154 -0.000000
v -0.085949 3.583379 -0.000000
v -0.060776 3.522605 -0.000000
v -0.000000 3.512074 -0.068830
v 0.060776 3.536389 -0.064798
v 0.085949 3.595095 -0.055064
v 0.060776 3.653802 -0.045330
v -0.000000 3.678117 -0.041298
v -0.060776 3.653802 -0.045330
v -0.085949 3.595095 -0.055064
v -0.060776 3.536389 -0.064798
v -0.000000 3.555005 -0.132970
v 0.060776 3.576808 -0.125181
v 0.085949 3.629441 -0.106376
v 0.060776 3.682076 -0.087571
v -0.000000 3.703877 -0.079782
v -0.060776 3.682076 -0.087571
v -0.085949 3.629441 -0.106376
v -0.060776 3.576808 -0.125181
v -0.000000 3.623301 -0.188047
v 0.060776 3.641103 -0.177032
v 0.085949 3.684075 -0.150438
v 0.060776 3.727053 -0.123844
v -0.000000 3.744855 -0.112829
v -0.060776 3.727053 -0.123844
v -0.085949 3.684075 -0.150438
v -0.060776 3.641103 -0.177032
v -0.000000 3.712304 -0.230310
v 0.060776 3.724892 -0.216819
v 0.085949 3.755280 -0.184248
v 0.060776 3.785668 -0.151677
v -0.000000 3.798257 -0.138186
v -0.060776 3.785668 -0.151677
v -0.085949 3.755280 -0.184248
v -0.060776 3.724892 -0.216819
v -0.000000 3.815953 -0.256878
v 0.060776 3.822469 -0.241830
v 0.085949 3.838200 -0.205502
v 0.060776 3.853928 -0.169174
v -0.000000 3.860444 -0.154126
v -0.060776 3.853928 -0.169174
v -0.085949 3.838200 -0.205502
v -0.060776 3.822469 -0.241830
v 0.265938 5.482766 0.000000
v 0.250362 5.482766 0.060776
v 0.212753 5.482766 0.085951
v 0.175140 5.482766 0.060776
v 0.159565 5.482766 0.000000
v 0.175140 5.482766 -0.060776
v 0.212753 5.482766 -0.085950
v 0.250362 5.482766 -0.060776
v 0.256878 5.593995 0.000000
v 0.241829 5.587480 0.060776
v 0.205501 5.571748 0.085951
v 0.169174 5.556020 0.060776
v 0.154125 5.549504 0.000000
v 0.169174 5.556020 -0.060776
v 0.205501 5.571748 -0.085950
v 0.241829 5.587480 -0.060776
v 0.230308 5.697644 0.000000
v 0.216820 5.685056 0.060776
v 0.184250 5.654668 0.085951
v 0.151676 5.624280 0.060776
v 0.138187 5.611691 0.000000
v 0.151676 5.624280 -0.060776
v 0.184250 5.654668 -0.085950
v 0.216820 5.685056 -0.060776
v 0.188049 5.786649 0.000000
v 0.177032 5.768846 0.060776
v 0.150436 5.725873 0.085951
v 0.123844 5.682897 0.060776
v 0.112827 5.665097 0.000000
v 0.123844 5.682897 -0.060776
v 0.150436 5.725873 -0.085950
v 0.177032 5.768846 -0.060776
v 0.132969 5.854943 0.000000
v 0.125179 5.833142 0.060776
v 0.106377 5.780507 0.085951
v 0.087570 5.727876 0.060776
v 0.079780 5.706075 0.000000
v 0.087570 5.727876 -0.060776
v 0.106377 5.780507 -0.085950
v 0.125179 5.833142 -0.060776
v 0.068829 5.897878 0.000000
v 0.064796 5.873559 0.060776
v 0.055065 5.814855 0.085951
v 0.045330 5.756150 0.060776
v 0.041298 5.731832 0.000000
v 0.045330 5.756150 -0.060776
v 0.055065 5.814855 -0.085950
v 0.064796 5.873559 -0.060776
v -0.000000 5.912519 0.000000
v -0.000000 5.887345 0.060776
v -0.000000 5.826570 0.085951
v -0.000000 5.765794 0.060776
v -0.000000 5.740617 0.000000
v -0.000000 5.765794 -0.060776
v -0.000000 5.826570 -0.085950
v -0.000000 5.887345 -0.060776
v -0.068829 5.897878 0.000000
v -0.064797 5.873559 0.060776
v -0.055065 5.814855 0.085951
v -0.045330 5.756150 0.060776
v -0.041298 5.731832 0.000000
v -0.045330 5.756150 -0.060776
v -0.055065 5.814855 -0.085950
v -0.064797 5.873559 -0.060776
v -0.132969 5.854943 0.000000
v -0.125179 5.833142 0.060776
v -0.106377 5.780507 0.085951
v -0.087570 5.727876 0.060776
v -0.079781 5.706075 0.000000
v -0.087570 5.727876 -0.060776
v -0.106377 5.780507 -0.085950
v -0.125179 5.833142 -0.060776
v -0.188047 5.786649 0.000000
v -0.177033 5.768846 0.060776
v -0.150438 5.725873 0.085951
v -0.123844 5.682897 0.060776
v -0.112827 5.665097 0.000000
v -0.123844 5.682897 -0.060776
v -0.150438 5.725873 -0.085950
v -0.177033 5.768846 -0.060776
v -0.230311 5.697644 0.000000
v -0.216820 5.685056 0.060776
v -0.184248 5.654668 0.085951
v -0.151678 5.624280 0.060776
v -0.138187 5.611691 0.000000
v -0.151678 5.624280 -0.060776
v -0.184248 5.654668 -0.085950
v -0.216820 5.685056 -0.060776
v -0.256878 5.593995 0.000000
v -0.241831 5.587480 0.060776
v -0.205502 5.571748 0.085951
v -0.169174 5.556020 0.060776
v -0.154127 5.549504 0.000000
v -0.169174 5.556020 -0.060776
v -0.205502 5.571748 -0.085950
v -0.241831 5.587480 -0.060776
v -0.265940 5.482766 0.000000
v -0.250361 5.482766 0.060776
v -0.212751 5.482766 0.085951
v -0.175142 5.482766 0.060776
v -0.159563 5.482766 0.000000
v -0.175142 5.482766 -0.060776
v -0.212751 5.482766 -0.085950
v -0.250361 5.482766 -0.060776
v -0.256878 5.371537 0.000000
v -0.241831 5.378053 0.060776
v -0.205502 5.393785 0.085951
v -0.169174 5.409513 0.060776
v -0.154127 5.416028 0.000000
v -0.169174 5.409513 -0.060776
v -0.205502 5.393785 -0.085950
v -0.241831 5.378053 -0.060776
v -0.230311 5.267892 0.000000
v -0.216820 5.280477 0.060776
v -0.184248 5.310864 0.085951
v -0.151678 5.341256 0.060776
v -0.138187 5.353841 0.000000
v -0.151678 5.341256 -0.060776
v -0.184248 5.310864 -0.085950
v -0.216820 5.280477 -0.060776
v -0.188047 5.178884 0.000000
v -0.177033 5.196687 0.060776
v -0.150438 5.239663 0.085951
v -0.123844 5.282636 0.060776
v -0.112827 5.300439 0.000000
v -0.123844 5.282636 -0.060776
v -0.150438 5.239663 -0.085950
v -0.177033 5.196687 -0.060776
v -0.132969 5.110589 0.000000
v -0.125179 5.132390 0.060776
v -0.106377 5.185025 0.085951
v -0.087570 5.237660 0.060776
v -0.079781 5.259461 0.000000
v -0.087570 5.237660 -0.060776
v -0.106377 5.185025 -0.085950
v -0.125179 5.132390 -0.060776
v -0.068829 5.067658 0.000000
v -0.064797 5.091973 0.060776
v -0.055065 5.150678 0.085951
v -0.045330 5.209386 0.060776
v -0.041298 5.233701 0.000000
v -0.045330 5.209386 -0.060776
v -0.055065 5.150678 -0.085950
v -0.064797 5.091973 -0.060776
v -0.000000 5.053014 0.000000
v -0.000000 5.078187 0.060776
v -0.000000 5.138963 0.085951
v -0.000000 5.199742 0.060776
v -0.000000 5.224916 0.000000
v -0.000000 5.199742 -0.060776
v -0.000000 5.138963 -0.085950
v -0.000000 5.078187 -0.060776
v 0.068829 5.067658 0.000000
v 0.064796 5.091973 0.060776
v 0.055065 5.150678 0.085951
v 0.045330 5.209386 0.060776
v 0.041298 5.233701 0.000000
v 0.045330 5.209386 -0.060776
v 0.055065 5.150678 -0.085950
v 0.064796 5.091973 -0.060776
v 0.132969 5.110589 0.000000
v 0.125179 5.132390 0.060776
v 0.106377 5.185025 0.085951
v 0.087570 5.237660 0.060776
v 0.079780 5.259461 0.000000
v 0.087570 5.237660 -0.060776
v 0.106377 5.185025 -0.085950
v 0.125179 5.132390 -0.060776
v 0.188049 5.178884 0.000000
v 0.177032 5.196687 0.060776
v 0.150436 5.239663 0.085951
v 0.123844 5.282636 0.060776
v 0.112827 5.300439 0.000000
v 0.123844 5.282636 -0.060776
v 0.150436 5.239663 -0.085950
v 0.177032 5.196687 -0.060776
v 0.230308 5.267892 0.000000
v 0.216820 5.280477 0.060776
v 0.184250 5.310864 0.085951
v 0.151676 5.341252 0.060776
v 0.138187 5.353841 0.000000
v 0.151676 5.341252 -0.060776
v 0.184250 5.310864 -0.085950
v 0.216820 5.280477 -0.060776
v 0.256878 5.371537 0.000000
v 0.241829 5.378053 0.060776
v 0.205501 5.393785 0.085951
v 0.169174 5.409513 0.060776
v 0.154125 5.416028 0.000000
v 0.169174 5.409513 -0.060776
v 0.205501 5.393785 -0.085950
v 0.241829 5.378053 -0.060776
v -0.000000 4.967717 -0.265940
v 0.060776 4.967717 -0.250361
v 0.085949 4.967717 -0.212752
v 0.060776 4.967717 -0.175142
v -0.000000 4.967717 -0.159564
v -0.060776 4.967717 -0.175142
v -0.085949 4.967717 -0.212752
v -0.060776 4.967717 -0.250361
v -0.000000 5.078946 -0.256878
v 0.060776 5.072431 -0.241830
v 0.085949 5.056703 -0.205502
v 0.060776 5.040971 -0.169174
v -0.000000 5.034455 -0.154126
v -0.060776 5.040971 -0.169174
v -0.085949 5.056703 -0.205502
v -0.060776 5.072431 -0.241830
v -0.000000 5.182595 -0.230310
v 0.060776 5.170007 -0.216819
v 0.085949 5.139619 -0.184248
v 0.060776 5.109231 -0.151677
v -0.000000 5.096642 -0.138186
v -0.060776 5.109231 -0.151677
v -0.085949 5.139619 -0.184248
v -0.060776 5.170007 -0.216819
v -0.000000 5.271600 -0.188048
v 0.060776 5.253797 -0.177032
v 0.085949 5.210824 -0.150438
v 0.060776 5.167848 -0.123844
v -0.000000 5.150048 -0.112829
v -0.060776 5.167848 -0.123844
v -0.085949 5.210824 -0.150438
v -0.060776 5.253797 -0.177032
v -0.000000 5.339894 -0.132970
v 0.060776 5.318093 -0.125181
v 0.085949 5.265462 -0.106375
v 0.060776 5.212827 -0.087571
v -0.000000 5.191026 -0.079782
v -0.060776 5.212827 -0.087571
v -0.085949 5.265462 -0.106375
v -0.060776 5.318093 -0.125181
v -0.000000 5.382829 -0.068830
v 0.060776 5.358510 -0.064798
v 0.085949 5.299806 -0.055064
v 0.060776 5.241101 -0.045330
v -0.000000 5.216783 -0.041298
v -0.060776 5.241101 -0.045330
v -0.085949 5.299806 -0.055064
v -0.060776 5.358510 -0.064798
v -0.000000 5.397470 0.000000
v 0.060776 5.372296 0.000000
v 0.085949 5.311521 0.000000
v 0.060776 5.250745 0.000000
v -0.000000 5.225568 0.000000
v -0.060776 5.250745 0.000000
v -0.085949 5.311521 0.000000
v -0.060776 5.372296 0.000000
v -0.000000 5.382829 0.068830
v 0.060776 5.358510 0.064798
v 0.085949 5.299806 0.055064
v 0.060776 5.241101 0.045330
v -0.000000 5.216783 0.041298
v -0.060776 5.241101 0.045330
v -0.085949 5.299806 0.055064
v -0.060776 5.358510 0.064798
v -0.000000 5.339894 0.132970
v 0.060776 5.318093 0.125180
v 0.085949 5.265462 0.106376
v 0.060776 5.212827 0.087571
v -0.000000 5.191026 0.079782
v -0.060776 5.212827 0.087571
v -0.085949 5.265462 0.106376
v -0.060776 5.318093 0.125180
v -0.000000 5.271600 0.188048
v 0.060776 5.253797 0.177032
v 0.085949 5.210824 0.150438
v 0.060776 5.167848 0.123844
v -0.000000 5.150048 0.112828
v -0.060776 5.167848 0.123844
v -0.085949 5.210824 0.150438
v -0.060776 5.253797 0.177032
v -0.000000 5.182595 0.230310
v 0.060776 5.170007 0.216819
v 0.085949 5.139619 0.184248
v 0.060776 5.109231 0.151677
v -0.000000 5.096642 0.138186
v -0.060776 5.109231 0.151677
v -0.085949 5.139619 0.184248
v -0.060776 5.170007 0.216819
v -0.000000 5.078946 0.256878
v 0.060776 5.072431 0.241830
v 0.085949 5.056703 0.205502
v 0.060776 5.040971 0.169174
v -0.000000 5.034455 0.154127
v -0.060776 5.040971 0.169174
v -0.085949 5.056703 0.205502
v -0.060776 5.072431 0.241830
v -0.000000 4.967717 0.265939
v 0.060776 4.967717 0.250361
v 0.085949 4.967717 0.212752
v 0.060776 4.967717 0.175142
v -0.000000 4.967717 0.159564
v -0.060776 4.967717 0.175142
v -0.085949 4.967717 0.212752
v -0.060776 4.967717 0.250361
v -0.000000 4.856492 0.256878
v 0.060776 4.863008 0.241830
v 0.085949 4.878736 0.205502
v 0.060776 4.894467 0.169174
v -0.000000 4.900983 0.154127
v -0.060776 4.894467 0.169174
v -0.085949 4.878736 0.205502
v -0.060776 4.863008 0.241830
v -0.000000 4.752843 0.230310
v 0.060776 4.765431 0.216819
v 0.085949 4.795815 0.184248
v 0.060776 4.826207 0.151677
v -0.000000 4.838792 0.138186
v -0.060776 4.826207 0.151677
v -0.085949 4.795815 0.184248
v -0.060776 4.765431 0.216819
v -0.000000 4.663838 0.188048
v 0.060776 4.681638 0.177032
v 0.085949 4.724614 0.150438
v 0.060776 4.767591 0.123844
v -0.000000 4.785390 0.112828
v -0.060776 4.767591 0.123844
v -0.085949 4.724614 0.150438
v -0.060776 4.681638 0.177032
v -0.000000 4.595540 0.132970
v 0.060776 4.617345 0.125180
v 0.085949 4.669976 0.106376
v 0.060776 4.722611 0.087571
v -0.000000 4.744412 0.079782
v -0.060776 4.722611 0.087571
v -0.085949 4.669976 0.106376
v -0.060776 4.617345 0.125180
v -0.000000 4.552609 0.068830
v 0.060776 4.576928 0.064798
v 0.085949 4.635633 0.055064
v 0.060776 4.694337 0.045330
v -0.000000 4.718652 0.041298
v -0.060776 4.694337 0.045330
v -0.085949 4.635633 0.055064
v -0.060776 4.576928 0.064798
v -0.000000 4.537965 0.000000
v 0.060776 4.563142 0.000000
v 0.085949 4.623918 0.000000
v 0.060776 4.684693 0.000000
v -0.000000 4.709867 0.000000
v -0.060776 4.684693 0.000000
v -0.085949 4.623918 0.000000
v -0.060776 4.563142 0.000000
v -0.000000 4.552609 -0.068830
v 0.060776 4.576928 -0.064798
v 0.085949 4.635633 -0.055064
v 0.060776 4.694337 -0.045330
v -0.000000 4.718652 -0.041298
v -0.060776 4.694337 -0.045330
v -0.085949 4.635633 -0.055064
v -0.060776 4.576928 -0.064798
v -0.000000 4.595540 -0.132970
v 0.060776 4.617345 -0.125181
v 0.085949 4.669976 -0.106375
v 0.060776 4.722611 -0.087571
v -0.000000 4.744412 -0.079782
v -0.060776 4.722611 -0.087571
v -0.085949 4.669976 -0.106375
v -0.060776 4.617345 -0.125181
v -0.000000 4.663838 -0.188047
v 0.060776 4.681638 -0.177032
v 0.085949 4.724614 -0.150438
v 0.060776 4.767591 -0.123844
v -0.000000 4.785390 -0.112829
v -0.060776 4.767591 -0.123844
v -0.085949 4.724614 -0.150438
v -0.060776 4.681638 -0.177032
v -0.000000 4.752843 -0.230310
v 0.060776 4.765431 -0.216819
v 0.085949 4.795815 -0.184248
v 0.060776 4.826207 -0.151677
v -0.000000 4.838792 -0.138186
v -0.060776 4.826207 -0.151677
v -0.085949 4.795815 -0.184248
v -0.060776 4.765431 -0.216819
v -0.000000 4.856492 -0.256878
v 0.060776 4.863008 -0.241830
v 0.085949 4.878736 -0.205502
v 0.060776 4.894467 -0.169174
v -0.000000 4.900983 -0.154126
v -0.060776 4.894467 -0.169174
v -0.085949 4.878736 -0.205502
v -0.060776 4.863008 -0.241830
v 0.265938 6.523305 0.000000
v 0.250362 6.523305 0.060776
v 0.212753 6.523305 0.085951
v 0.175140 6.523305 0.060776
v 0.159565 6.523305 0.000000
v 0.175140 6.523305 -0.060776
v 0.212753 6.523305 -0.085950
v 0.250362 6.523305 -0.060776
v 0.256878 6.634530 0.000000
v 0.241829 6.628015 0.060776
v 0.205501 6.612287 0.085951
v 0.169174 6.596555 0.060776
v 0.154125 6.590039 0.000000
v 0.169174 6.596555 -0.060776
v 0.205501 6.612287 -0.085950
v 0.241829 6.628015 -0.060776
v 0.230308 6.738179 0.000000
v 0.216820 6.725595 0.060776
v 0.184250 6.695203 0.085951
v 0.151676 6.664819 0.060776
v 0.138187 6.652230 0.000000
v 0.151676 6.664819 -0.060776
v 0.184250 6.695203 -0.085950
v 0.216820 6.725595 -0.060776
v 0.188049 6.827184 0.000000
v 0.177032 6.809384 0.060776
v 0.150436 6.766408 0.085951
v 0.123844 6.723432 0.060776
v 0.112827 6.705632 0.000000
v 0.123844 6.723432 -0.060776
v 0.150436 6.766408 -0.085950
v 0.177032 6.809384 -0.060776
v 0.132969 6.895478 0.000000
v 0.125179 6.873677 0.060776
v 0.106377 6.821046 0.085951
v 0.087570 6.768411 0.060776
v 0.079780 6.746610 0.000000
v 0.087570 6.768411 -0.060776
v 0.106377 6.821046 -0.085950
v 0.125179 6.873677 -0.060776
v 0.068829 6.938413 0.000000
v 0.064796 6.914098 0.060776
v 0.055065 6.855390 0.085951
v 0.045330 6.796685 0.060776
v 0.041298 6.772370 0.000000
v 0.045330 6.796685 -0.060776
v 0.055065 6.855390 -0.085950
v 0.064796 6.914098 -0.060776
v -0.000000 6.953057 0.000000
v -0.000000 6.927880 0.060776
v -0.000000 6.867105 0.085951
v -0.000000 6.806329 0.060776
v -0.000000 6.781156 0.000000
v -0.000000 6.806329 -0.060776
v -0.000000 6.867105 -0.085950
v -0.000000 6.927880 -0.060776
v -0.068829 6.938413 0.000000
v -0.064797 6.914098 0.060776
v -0.055065 6.855390 0.085951
v -0.045330 6.796685 0.060776
v -0.041298 6.772370 0.000000
v -0.045330 6.796685 -0.060776
v -0.055065 6.855390 -0.085950
v -0.064797 6.914098 -0.060776
v -0.132969 6.895478 0.000000
v -0.125179 6.873677 0.060776
v -0.106377 6.821046 0.085951
v -0.087570 6.768411 0.060776
v -0.079781 6.746610 0.000000
v -0.087570 6.768411 -0.060776
v -0.106377 6.821046 -0.085950
v -0.125179 6.873677 -0.060776
v -0.188047 6.827184 0.000000
v -0.177033 6.809384 0.060776
v -0.150438 6.766408 0.085951
v -0.123844 6.723432 0.060776
v -0.112827 6.705632 0.000000
v -0.123844 6.723432 -0.060776
v -0.150438 6.766408 -0.085950
v -0.177033 6.809384 -0.060776
v -0.230311 6.738179 0.000000
v -0.216820 6.725595 0.060776
v -0.184248 6.695203 0.085951
v -0.151678 6.664819 0.060776
v -0.138187 6.652230 0.000000
v -0.151678 6.664819 -0.060776
v -0.184248 6.695203 -0.085950
v -0.216820 6.725595 -0.060776
v -0.256878 6.634530 0.000000
v -0.241831 6.628015 0.060776
v -0.205502 6.612287 0.085951
v -0.169174 6.596555 0.060776
v -0.154127 6.590039 0.000000
v -0.169174 6.596555 -0.060776
v -0.205502 6.612287 -0.085950
v -0.241831 6.628015 -0.060776
v -0.265940 6.523305 0.000000
v -0.250361 6.523305 0.060776
v -0.212751 6.523305 0.085951
v -0.175142 6.523305 0.060776
v -0.159563 6.523305 0.000000
v -0.175142 6.523305 -0.060776
v -0.212751 6.523305 -0.085950
v -0.250361 6.523305 -0.060776
v -0.256878 6.412076 0.000000
v -0.241831 6.418591 0.060776
v -0.205502 6.434319 0.085951
v -0.169174 6.450051 0.060776
v -0.154127 6.456567 0.000000
v -0.169174 6.450051 -0.060776
v -0.205502 6.434319 -0.085950
v -0.241831 6.418591 -0.060776
v -0.230311 6.308427 0.000000
v -0.216820 6.321015 0.060776
v -0.184248 6.351403 0.085951
v -0.151678 6.381791 0.060776
v -0.138187 6.394376 0.000000
v -0.151678 6.381791 -0.060776
v -0.184248 6.351403 -0.085950
v -0.216820 6.321015 -0.060776
v -0.188047 6.219422 0.000000
v -0.177033 6.237222 0.060776
v -0.150438 6.280198 0.085951
v -0.123844 6.323174 0.060776
v -0.112827 6.340974 0.000000
v -0.123844 6.323174 -0.060776
v -0.150438 6.280198 -0.085950
v -0.177033 6.237222 -0.060776
v -0.132969 6.151128 0.000000
v -0.125179 6.172929 0.060776
v -0.106377 6.225564 0.085951
v -0.087570 6.278195 0.060776
v -0.079781 6.299996 0.000000
v -0.087570 6.278195 -0.060776
v -0.106377 6.225564 -0.085950
v -0.125179 6.172929 -0.060776
v -0.068829 6.108193 0.000000
v -0.064797 6.132512 0.060776
v -0.055065 6.191216 0.085951
v -0.045330 6.249921 0.060776
v -0.041298 6.274240 0.000000
v -0.045330 6.249921 -0.060776
v -0.055065 6.191216 -0.085950
v -0.064797 6.132512 -0.060776
v -0.000000 6.093553 0.000000
v -0.000000 6.118726 0.060776
v -0.000000 6.179502 0.085951
v -0.000000 6.240277 0.060776
v -0.000000 6.265450 0.000000
v -0.000000 6.240277 -0.060776
v -0.000000 6.179502 -0.085950
v -0.000000 6.118726 -0.060776
v 0.068829 6.108193 0.000000
v 0.064796 6.132512 0.060776
v 0.055065 6.191216 0.085951
v 0.045330 6.249921 0.060776
v 0.041298 6.274240 0.000000
v 0.045330 6.249921 -0.060776
v 0.055065 6.191216 -0.085950
v 0.064796 6.132512 -0.060776
v 0.132969 6.151128 0.000000
v 0.125179 6.172929 0.060776
v 0.106377 6.225564 0.085951
v 0.087570 6.278195 0.060776
v 0.079780 6.299996 0.000000
v 0.087570 6.278195 -0.060776
v 0.106377 6.225564 -0.085950
v 0.125179 6.172929 -0.060776
v 0.188049 6.219422 0.000000
v 0.177032 6.237222 0.060776
v 0.150436 6.280198 0.085951
v 0.123844 6.323174 0.060776
v 0.112827 6.340974 0.000000
v 0.123844 6.323174 -0.060776
v 0.150436 6.280198 -0.085950
v 0.177032 6.237222 -0.060776
v 0.230308 6.308427 0.000000
v 0.216820 6.321015 0.060776
v 0.184250 6.351403 0.085951
v 0.151676 6.381791 0.060776
v 0.138187 6.394376 0.000000
v 0.151676 6.381791 -0.060776
v 0.184250 6.351403 -0.085950
v 0.216820 6.321015 -0.060776
v 0.256878 6.412076 0.000000
v 0.241829 6.418591 0.060776
v 0.205501 6.434319 0.085951
v 0.169174 6.450051 0.060776
v 0.154125 6.456567 0.000000
v 0.169174 6.450051 -0.060776
v 0.205501 6.434319 -0.085950
v 0.241829 6.418591 -0.060776
v -0.000000 6.008256 -0.265940
v 0.060776 6.008256 -0.250361
v 0.085949 6.008256 -0.212751
v 0.060776 6.008256 -0.175142
v -0.000000 6.008256 -0.159563
v -0.060776 6.008256 -0.175142
v -0.085949 6.008256 -0.212751
v -0.060776 6.008256 -0.250361
v -0.000000 6.119485 -0.256878
v 0.060776 6.112969 -0.241830
v 0.085949 6.097238 -0.205502
v 0.060776 6.081506 -0.169174
v -0.000000 6.074990 -0.154126
v -0.060776 6.081506 -0.169174
v -0.085949 6.097238 -0.205502
v -0.060776 6.112969 -0.241830
v -0.000000 6.223130 -0.230310
v 0.060776 6.210546 -0.216819
v 0.085949 6.180158 -0.184248
v 0.060776 6.149770 -0.151677
v -0.000000 6.137181 -0.138186
v -0.060776 6.149770 -0.151677
v -0.085949 6.180158 -0.184248
v -0.060776 6.210546 -0.216819
v -0.000000 6.312135 -0.188047
v 0.060776 6.294335 -0.177032
v 0.085949 6.251359 -0.150438
v 0.060776 6.208386 -0.123844
v -0.000000 6.190583 -0.112829
v -0.060776 6.208386 -0.123844
v -0.085949 6.251359 -0.150438
v -0.060776 6.294335 -0.177032
v -0.000000 6.380433 -0.132970
v 0.060776 6.358628 -0.125181
v 0.085949 6.305997 -0.106375
v 0.060776 6.253362 -0.087571
v -0.000000 6.231561 -0.079782
v -0.060776 6.253362 -0.087571
v -0.085949 6.305997 -0.106375
v -0.060776 6.358628 -0.125181
v -0.000000 6.423364 -0.068830
v 0.060776 6.399049 -0.064798
v 0.085949 6.340344 -0.055064
v 0.060776 6.281636 -0.045330
v -0.000000 6.257321 -0.041298
v -0.060776 6.281636 -0.045330
v -0.085949 6.340344 -0.055064
v -0.060776 6.399049 -0.064798
v -0.000000 6.438008 0.000000
v 0.060776 6.412831 0.000000
v 0.085949 6.352056 0.000000
v 0.060776 6.291280 0.000000
v -0.000000 6.266107 0.000000
v -0.060776 6.291280 0.000000
v -0.085949 6.352056 0.000000
v -0.060776 6.412831 0.000000
v -0.000000 6.423364 0.068830
v 0.060776 6.399049 0.064798
v 0.085949 6.340344 0.055064
v 0.060776 6.281636 0.045330
v -0.000000 6.257321 0.041298
v -0.060776 6.281636 0.045330
v -0.085949 6.340344 0.055064
v -0.060776 6.399049 0.064798
v -0.000000 6.380433 0.132970
v 0.060776 6.358628 0.125180
v 0.085949 6.305997 0.106376
v 0.060776 6.253362 0.087571
v -0.000000 6.231561 0.079782
v -0.060776 6.253362 0.087571
v -0.085949 6.305997 0.106376
v -0.060776 6.358628 0.125180
v -0.000000 6.312135 0.188048
v 0.060776 6.294335 0.177032
v 0.085949 6.251359 0.150438
v 0.060776 6.208386 0.123844
v -0.000000 6.190583 0.112828
v -0.060776 6.208386 0.123844
v -0.085949 6.251359 0.150438
v -0.060776 6.294335 0.177032
v -0.000000 6.223130 0.230310
v 0.060776 6.210546 0.216819
v 0.085949 6.180158 0.184248
v 0.060776 6.149770 0.151677
v -0.000000 6.137181 0.138186
v -0.060776 6.149770 0.151677
v -0.085949 6.180158 0.184248
v -0.060776 6.210546 0.216819
v -0.000000 6.119485 0.256878
v 0.060776 6.112969 0.241830
v 0.085949 6.097238 0.205502
v 0.060776 6.081506 0.169174
v -0.000000 6.074990 0.154127
v -0.060776 6.081506 0.169174
v -0.085949 6.097238 0.205502
v -0.060776 6.112969 0.241830
v -0.000000 6.008256 0.265939
v 0.060776 6.008256 0.250361
v 0.085949 6.008256 0.212752
v 0.060776 6.008256 0.175142
v -0.000000 6.008256 0.159564
v -0.060776 6.008256 0.175142
v -0.085949 6.008256 0.212752
v -0.060776 6.008256 0.250361
v -0.000000 5.897027 0.256878
v 0.060776 5.903543 0.241830
v 0.085949 5.919274 0.205502
v 0.060776 5.935002 0.169174
v -0.000000 5.941518 0.154127
v -0.060776 5.935002 0.169174
v -0.085949 5.919274 0.205502
v -0.060776 5.903543 0.241830
v -0.000000 5.793378 0.230310
v 0.060776 5.805966 0.216819
v 0.085949 5.836354 0.184248
v 0.060776 5.866742 0.151677
v -0.000000 5.879331 0.138186
v -0.060776 5.866742 0.151677
v -0.085949 5.836354 0.184248
v -0.060776 5.805966 0.216819
v -0.000000 5.704373 0.188048
v 0.060776 5.722177 0.177032
v 0.085949 5.765153 0.150438
v 0.060776 5.808125 0.123844
v -0.000000 5.825929 0.112828
v -0.060776 5.808125 0.123844
v -0.085949 5.765153 0.150438
v -0.060776 5.722177 0.177032
v -0.000000 5.636079 0.132970
v 0.060776 5.657880 0.125180
v 0.085949 5.710515 0.106376
v 0.060776 5.763150 0.087571
v -0.000000 5.784951 0.079782
v -0.060776 5.763150 0.087571
v -0.085949 5.710515 0.106376
v -0.060776 5.657880 0.125180
v -0.000000 5.593148 0.068830
v 0.060776 5.617463 0.064799
v 0.085949 5.676167 0.055064
v 0.060776 5.734876 0.045330
v -0.000000 5.759191 0.041298
v -0.060776 5.734876 0.045330
v -0.085949 5.676167 0.055064
v -0.060776 5.617463 0.064799
v -0.000000 5.578504 0.000000
v 0.060776 5.603677 0.000000
v 0.085949 5.664453 0.000000
v 0.060776 5.725228 0.000000
v -0.000000 5.750401 0.000000
v -0.060776 5.725228 0.000000
v -0.085949 5.664453 0.000000
v -0.060776 5.603677 0.000000
v -0.000000 5.593148 -0.068830
v 0.060776 5.617463 -0.064798
v 0.085949 5.676167 -0.055064
v 0.060776 5.734876 -0.045330
v -0.000000 5.759191 -0.041298
v -0.060776 5.734876 -0.045330
v -0.085949 5.676167 -0.055064
v -0.060776 5.617463 -0.064798
v -0.000000 5.636079 -0.132970
v 0.060776 5.657880 -0.125181
v 0.085949 5.710515 -0.106375
v 0.060776 5.763150 -0.087571
v -0.000000 5.784951 -0.079782
v -0.060776 5.763150 -0.087571
v -0.085949 5.710515 -0.106375
v -0.060776 5.657880 -0.125181
v -0.000000 5.704373 -0.188047
v 0.060776 5.722173 -0.177032
v 0.085949 5.765149 -0.150438
v 0.060776 5.808125 -0.123844
v -0.000000 5.825929 -0.112829
v -0.060776 5.808125 -0.123844
v -0.085949 5.765149 -0.150438
v -0.060776 5.722173 -0.177032
v -0.000000 5.793378 -0.230310
v 0.060776 5.805966 -0.216819
v 0.085949 5.836354 -0.184248
v 0.060776 5.866742 -0.151677
v -0.000000 5.879331 -0.138186
v -0.060776 5.866742 -0.151677
v -0.085949 5.836354 -0.184248
v -0.060776 5.805966 -0.216819
v -0.000000 5.897027 -0.256878
v 0.060776 5.903543 -0.241830
v 0.085949 5.919274 -0.205502
v 0.060776 5.935002 -0.169174
v -0.000000 5.941518 -0.154126
v -0.060776 5.935002 -0.169174
v -0.085949 5.919274 -0.205502
v -0.060776 5.903543 -0.241830
v 0.265938 7.563840 0.000001
v 0.250362 7.563840 0.060776
v 0.212753 7.563840 0.085951
v 0.175140 7.563840 0.060776
v 0.159565 7.563840 0.000001
v 0.175140 7.563840 -0.060776
v 0.212753 7.563840 -0.085950
v 0.250362 7.563840 -0.060776
v 0.256878 7.675069 0.000001
v 0.241829 7.668553 0.060776
v 0.205501 7.652822 0.085951
v 0.169174 7.637094 0.060776
v 0.154125 7.630578 0.000001
v 0.169174 7.637094 -0.060776
v 0.205501 7.652822 -0.085950
v 0.241829 7.668553 -0.060776
v 0.230308 7.778714 0.000001
v 0.216820 7.766129 0.060776
v 0.184250 7.735742 0.085951
v 0.151676 7.705354 0.060776
v 0.138187 7.692765 0.000001
v 0.151676 7.705354 -0.060776
v 0.184250 7.735742 -0.085950
v 0.216820 7.766129 -0.060776
v 0.188049 7.867723 0.000001
v 0.177032 7.849919 0.060776
v 0.150436 7.806943 0.085951
v 0.123844 7.763970 0.060776
v 0.112827 7.746167 0.000001
v 0.123844 7.763970 -0.060776
v 0.150436 7.806943 -0.085950
v 0.177032 7.849919 -0.060776
v 0.132969 7.936017 0.000001
v 0.125179 7.914216 0.060776
v 0.106377 7.861581 0.085951
v 0.087570 7.808946 0.060776
v 0.079780 7.787145 0.000001
v 0.087570 7.808946 -0.060776
v 0.106377 7.861581 -0.085950
v 0.125179 7.914216 -0.060776
v 0.068829 7.978948 0.000001
v 0.064796 7.954633 0.060776
v 0.055065 7.895928 0.085951
v 0.045330 7.837220 0.060776
v 0.041298 7.812905 0.000001
v 0.045330 7.837220 -0.060776
v 0.055065 7.895928 -0.085950
v 0.064796 7.954633 -0.060776
v -0.000000 7.993592 0.000001
v -0.000000 7.968419 0.060776
v -0.000000 7.907643 0.085951
v -0.000000 7.846864 0.060776
v -0.000000 7.821691 0.000001
v -0.000000 7.846864 -0.060776
v -0.000000 7.907643 -0.085950
v -0.000000 7.968419 -0.060776
v -0.068829 7.978948 0.000001
v -0.064797 7.954633 0.060776
v -0.055065 7.895928 0.085951
v -0.045330 7.837220 0.060776
v -0.041298 7.812905 0.000001
v -0.045330 7.837220 -0.060776
v -0.055065 7.895928 -0.085950
v -0.064797 7.954633 -0.060776
v -0.132969 7.936017 0.000001
v -0.125179 7.914216 0.060776
v -0.106377 7.861581 0.085951
v -0.087570 7.808946 0.060776
v -0.079781 7.787145 0.000001
v -0.087570 7.808946 -0.060776
v -0.106377 7.861581 -0.085950
v -0.125179 7.914216 -0.060776
v -0.188047 7.867723 0.000001
v -0.177033 7.849919 0.060776
v -0.150438 7.806943 0.085951
v -0.123844 7.763970 0.060776
v -0.112827 7.746167 0.000001
v -0.123844 7.763970 -0.060776
v -0.150438 7.806943 -0.085950
v -0.177033 7.849919 -0.060776
v -0.230311 7.778714 0.000001
v -0.216820 7.766129 0.060776
v -0.184248 7.735742 0.085951
v -0.151678 7.705354 0.060776
v -0.138187 7.692765 0.000001
v -0.151678 7.705354 -0.060776
v -0.184248 7.735742 -0.085950
v -0.216820 7.766129 -0.060776
v -0.256878 7.675069 0.000001
v -0.241831 7.668553 0.060776
v -0.205502 7.652822 0.085951
v -0.169174 7.637094 0.060776
v -0.154127 7.630578 0.000001
v -0.169174 7.637094 -0.060776
v -0.205502 7.652822 -0.085950
v -0.241831 7.668553 -0.060776
v -0.265940 7.563840 0.000001
v -0.250361 7.563840 0.060776
v -0.212751 7.563840 0.085951
v -0.175142 7.563840 0.060776
v -0.159563 7.563840 0.000001
v -0.175142 7.563840 -0.060776
v -0.212751 7.563840 -0.085950
v -0.250361 7.563840 -0.060776
v -0.256878 7.452611 0.000001
v -0.241831 7.459126 0.060776
v -0.205502 7.474858 0.085951
v -0.169174 7.490586 0.060776
v -0.154127 7.497102 0.000001
v -0.169174 7.490586 -0.060776
v -0.205502 7.474858 -0.085950
v -0.241831 7.459126 -0.060776
v -0.230311 7.348962 0.000001
v -0.216820 7.361550 0.060776
v -0.184248 7.391938 0.085951
v -0.151678 7.422326 0.060776
v -0.138187 7.434915 0.000001
v -0.151678 7.422326 -0.060776
v -0.184248 7.391938 -0.085950
v -0.216820 7.361550 -0.060776
v -0.188047 7.259957 0.000000
v -0.177033 7.277761 0.060776
v -0.150438 7.320733 0.085951
v -0.123844 7.363709 0.060776
v -0.112827 7.381513 0.000001
v -0.123844 7.363709 -0.060776
v -0.150438 7.320733 -0.085950
v -0.177033 7.277761 -0.060776
v -0.132969 7.191663 0.000000
v -0.125179 7.213464 0.060776
v -0.106377 7.266099 0.085951
v -0.087570 7.318730 0.060776
v -0.079781 7.340531 0.000001
v -0.087570 7.318730 -0.060776
v -0.106377 7.266099 -0.085950
v -0.125179 7.213464 -0.060776
v -0.068829 7.148728 0.000000
v -0.064797 7.173047 0.060776
v -0.055065 7.231751 0.085951
v -0.045330 7.290456 0.060776
v -0.041298 7.314775 0.000001
v -0.045330 7.290456 -0.060776
v -0.055065 7.231751 -0.085950
v -0.064797 7.173047 -0.060776
v -0.000000 7.134088 0.000000
v -0.000000 7.159261 0.060776
v -0.000000 7.220037 0.085951
v -0.000000 7.280812 0.060776
v -0.000000 7.305989 0.000001
v -0.000000 7.280812 -0.060776
v -0.000000 7.220037 -0.085950
v -0.000000 7.159261 -0.060776
v 0.068829 7.148728 0.000000
v 0.064796 7.173047 0.060776
v 0.055065 7.231751 0.085951
v 0.045330 7.290456 0.060776
v 0.041298 7.314775 0.000001
v 0.045330 7.290456 -0.060776
v 0.055065 7.231751 -0.085950
v 0.064796 7.173047 -0.060776
v 0.132969 7.191663 0.000000
v 0.125179 7.213464 0.060776
v 0.106377 7.266099 0.085951
v 0.087570 7.318730 0.060776
v 0.079780 7.340531 0.000001
v 0.087570 7.318730 -0.060776
v 0.106377 7.266099 -0.085950
v 0.125179 7.213464 -0.060776
v 0.188049 7.259957 0.000000
v 0.177032 7.277761 0.060776
v 0.150436 7.320733 0.085951
v 0.123844 7.363709 0.060776
v 0.112827 7.381513 0.000001
v 0.123844 7.363709 -0.060776
v 0.150436 7.320733 -0.085950
v 0.177032 7.277761 -0.060776
v 0.230308 7.348962 0.000001
v 0.216820 7.361550 0.060776
v 0.184250 7.391938 0.085951
v 0.151676 7.422326 0.060776
v 0.138187 7.434915 0.000001
v 0.151676 7.422326 -0.060776
v 0.184250 7.391938 -0.085950
v 0.216820 7.361550 -0.060776
v 0.256878 7.452611 0.000001
v 0.241829 7.459126 0.060776
v 0.205501 7.474858 0.085951
v 0.169174 7.490586 0.060776
v 0.154125 7.497102 0.000001
v 0.169174 7.490586 -0.060776
v 0.205501 7.474858 -0.085950
v 0.241829 7.459126 -0.060776
v -0.000000 7.048791 -0.265939
v 0.060776 7.048791 -0.250361
v 0.085949 7.048791 -0.212751
v 0.060776 7.048791 -0.175142
v -0.000000 7.048791 -0.159563
v -0.060776 7.048791 -0.175142
v -0.085949 7.048791 -0.212751
v -0.060776 7.048791 -0.250361
v -0.000000 7.160020 -0.256878
v 0.060776 7.153504 -0.241830
v 0.085949 7.137773 -0.205502
v 0.060776 7.122045 -0.169174
v -0.000000 7.115529 -0.154126
v -0.060776 7.122045 -0.169174
v -0.085949 7.137773 -0.205502
v -0.060776 7.153504 -0.241830
v -0.000000 7.263669 -0.230310
v 0.060776 7.251081 -0.216819
v 0.085949 7.220693 -0.184248
v 0.060776 7.190305 -0.151677
v -0.000000 7.177716 -0.138186
v -0.060776 7.190305 -0.151677
v -0.085949 7.220693 -0.184248
v -0.060776 7.251081 -0.216819
v -0.000000 7.352674 -0.188047
v 0.060776 7.334870 -0.177032
v 0.085949 7.291898 -0.150438
v 0.060776 7.248921 -0.123844
v -0.000000 7.231118 -0.112829
v -0.060776 7.248921 -0.123844
v -0.085949 7.291898 -0.150438
v -0.060776 7.334870 -0.177032
v -0.000000 7.420968 -0.132970
v 0.060776 7.399167 -0.125181
v 0.085949 7.346532 -0.106375
v 0.060776 7.293900 -0.087571
v -0.000000 7.272099 -0.079782
v -0.060776 7.293900 -0.087571
v -0.085949 7.346532 -0.106375
v -0.060776 7.399167 -0.125181
v -0.000000 7.463902 -0.068830
v 0.060776 7.439584 -0.064798
v 0.085949 7.380879 -0.055064
v 0.060776 7.322175 -0.045330
v -0.000000 7.297856 -0.041298
v -0.060776 7.322175 -0.045330
v -0.085949 7.380879 -0.055064
v -0.060776 7.439584 -0.064798
v -0.000000 7.478543 0.000000
v 0.060776 7.453370 0.000000
v 0.085949 7.392594 0.000000
v 0.060776 7.331819 0.000000
v -0.000000 7.306642 0.000000
v -0.060776 7.331819 0.000000
v -0.085949 7.392594 0.000000
v -0.060776 7.453370 0.000000
v -0.000000 7.463902 0.068830
v 0.060776 7.439584 0.064798
v 0.085949 7.380879 0.055064
v 0.060776 7.322175 0.045330
v -0.000000 7.297856 0.041298
v -0.060776 7.322175 0.045330
v -0.085949 7.380879 0.055064
v -0.060776 7.439584 0.064798
v -0.000000 7.420968 0.132970
v 0.060776 7.399167 0.125180
v 0.085949 7.346532 0.106376
v 0.060776 7.293900 0.087571
v -0.000000 7.272099 0.079782
v -0.060776 7.293900 0.087571
v -0.085949 7.346532 0.106376
v -0.060776 7.399167 0.125180
v -0.000000 7.352674 0.188048
v 0.060776 7.334870 0.177032
v 0.085949 7.291898 0.150438
v 0.060776 7.248921 0.123844
v -0.000000 7.231118 0.112828
v -0.060776 7.248921 0.123844
v -0.085949 7.291898 0.150438
v -0.060776 7.334870 0.177032
v -0.000000 7.263669 0.230310
v 0.060776 7.251081 0.216819
v 0.085949 7.220693 0.184248
v 0.060776 7.190305 0.151677
v -0.000000 7.177716 0.138186
v -0.060776 7.190305 0.151677
v -0.085949 7.220693 0.184248
v -0.060776 7.251081 0.216819
v -0.000000 7.160020 0.256878
v 0.060776 7.153504 0.241830
v 0.085949 7.137773 0.205502
v 0.060776 7.122045 0.169174
v -0.000000 7.115529 0.154127
v -0.060776 7.122045 0.169174
v -0.085949 7.137773 0.205502
v -0.060776 7.153504 0.241830
v -0.000000 7.048791 0.265939
v 0.060776 7.048791 0.250361
v 0.085949 7.048791 0.212752
v 0.060776 7.048791 0.175142
v -0.000000 7.048791 0.159564
v -0.060776 7.048791 0.175142
v -0.085949 7.048791 0.212752
v -0.060776 7.048791 0.250361
v -0.000000 6.937566 0.256878
v 0.060776 6.944081 0.241830
v 0.085949 6.959809 0.205502
v 0.060776 6.975537 0.169174
v -0.000000 6.982057 0.154127
v -0.060776 6.975537 0.169174
v -0.085949 6.959809 0.205502
v -0.060776 6.944081 0.241830
v -0.000000 6.833917 0.230310
v 0.060776 6.846501 0.216819
v 0.085949 6.876889 0.184248
v 0.060776 6.907281 0.151677
v -0.000000 6.919866 0.138186
v -0.060776 6.907281 0.151677
v -0.085949 6.876889 0.184248
v -0.060776 6.846501 0.216819
v -0.000000 6.744912 0.188048
v 0.060776 6.762712 0.177032
v 0.085949 6.805688 0.150438
v 0.060776 6.848664 0.123844
v -0.000000 6.866464 0.112828
v -0.060776 6.848664 0.123844
v -0.085949 6.805688 0.150438
v -0.060776 6.762712 0.177032
v -0.000000 6.676614 0.132970
v 0.060776 6.698419 0.125180
v 0.085949 6.751050 0.106376
v 0.060776 6.803685 0.087571
v -0.000000 6.825486 0.079782
v -0.060776 6.803685 0.087571
v -0.085949 6.751050 0.106376
v -0.060776 6.698419 0.125180
v -0.000000 6.633683 0.068830
v 0.060776 6.657998 0.064799
v 0.085949 6.716706 0.055064
v 0.060776 6.775411 0.045330
v -0.000000 6.799726 0.041298
v -0.060776 6.775411 0.045330
v -0.085949 6.716706 0.055064
v -0.060776 6.657998 0.064799
v -0.000000 6.619039 0.000000
v 0.060776 6.644216 0.000000
v 0.085949 6.704991 0.000000
v 0.060776 6.765767 0.000000
v -0.000000 6.790940 0.000000
v -0.060776 6.765767 0.000000
v -0.085949 6.704991 0.000000
v -0.060776 6.644216 0.000000
v -0.000000 6.633683 -0.068830
v 0.060776 6.657998 -0.064798
v 0.085949 6.716706 -0.055064
v 0.060776 6.775411 -0.045330
v -0.000000 6.799726 -0.041298
v -0.060776 6.775411 -0.045330
v -0.085949 6.716706 -0.055064
v -0.060776 6.657998 -0.064798
v -0.000000 6.676614 -0.132970
v 0.060776 6.698419 -0.125181
v 0.085949 6.751050 -0.106375
v 0.060776 6.803685 -0.087571
v -0.000000 6.825486 -0.079782
v -0.060776 6.803685 -0.087571
v -0.085949 6.751050 -0.106375
v -0.060776 6.698419 -0.125181
v -0.000000 6.744912 -0.188047
v 0.060776 6.762712 -0.177032
v 0.085949 6.805688 -0.150438
v 0.060776 6.848664 -0.123844
v -0.000000 6.866464 -0.112829
v -0.060776 6.848664 -0.123844
v -0.085949 6.805688 -0.150438
v -0.060776 6.762712 -0.177032
v -0.000000 6.833917 -0.230310
v 0.060776 6.846501 -0.216819
v 0.085949 6.876889 -0.184248
v 0.060776 6.907281 -0.151677
v -0.000000 6.919866 -0.138186
v -0.060776 6.907281 -0.151677
v -0.085949 6.876889 -0.184248
v -0.060776 6.846501 -0.216819
v -0.000000 6.937566 -0.256878
v 0.060776 6.944081 -0.241830
v 0.085949 6.959809 -0.205502
v 0.060776 6.975541 -0.169174
v -0.000000 6.982057 -0.154126
v -0.060776 6.975541 -0.169174
v -0.085949 6.959809 -0.205502
v -0.060776 6.944081 -0.241830
v 0.265938 8.604375 0.000001
v 0.250362 8.604375 0.060777
v 0.212753 8.604375 0.085951
v 0.175140 8.604375 0.060777
v 0.159565 8.604375 0.000001
v 0.175140 8.604375 -0.060776
v 0.212753 8.604375 -0.085950
v 0.250362 8.604375 -0.060776
v 0.256878 8.715604 0.000001
v 0.241829 8.709088 0.060777
v 0.205501 8.693360 0.085951
v 0.169174 8.677629 0.060777
v 0.154125 8.671113 0.000001
v 0.169174 8.677629 -0.060776
v 0.205501 8.693360 -0.085950
v 0.241829 8.709088 -0.060776
v 0.230308 8.819253 0.000001
v 0.216820 8.806664 0.060777
v 0.184250 8.776277 0.085951
v 0.151676 8.745889 0.060777
v 0.138187 8.733304 0.000001
v 0.151676 8.745889 -0.060776
v 0.184250 8.776277 -0.085950
v 0.216820 8.806664 -0.060776
v 0.188049 8.908257 0.000001
v 0.177032 8.890458 0.060777
v 0.150436 8.847482 0.085951
v 0.123844 8.804505 0.060777
v 0.112827 8.786706 0.000001
v 0.123844 8.804505 -0.060776
v 0.150436 8.847482 -0.085950
v 0.177032 8.890458 -0.060776
v 0.132969 8.976552 0.000001
v 0.125179 8.954751 0.060777
v 0.106377 8.902116 0.085951
v 0.087570 8.849484 0.060777
v 0.079780 8.827683 0.000001
v 0.087570 8.849484 -0.060776
v 0.106377 8.902116 -0.085950
v 0.125179 8.954751 -0.060776
v 0.068829 9.019486 0.000001
v 0.064796 8.995168 0.060777
v 0.055065 8.936463 0.085951
v 0.045330 8.877759 0.060777
v 0.041298 8.853444 0.000001
v 0.045330 8.877759 -0.060776
v 0.055065 8.936463 -0.085950
v 0.064796 8.995168 -0.060776
v -0.000000 9.034127 0.000001
v -0.000000 9.008954 0.060777
v -0.000000 8.948178 0.085951
v -0.000000 8.887403 0.060777
v -0.000000 8.862229 0.000001
v -0.000000 8.887403 -0.060776
v -0.000000 8.948178 -0.085950
v -0.000000 9.008954 -0.060776
v -0.068829 9.019486 0.000001
v -0.064797 8.995168 0.060777
v -0.055065 8.936463 0.085951
v -0.045330 8.877759 0.060777
v -0.041298 8.853444 0.000001
v -0.045330 8.877759 -0.060776
v -0.055065 8.936463 -0.085950
v -0.064797 8.995168 -0.060776
v -0.132969 8.976552 0.000001
v -0.125179 8.954751 0.060777
v -0.106377 8.902116 0.085951
v -0.087570 8.849484 0.060777
v -0.079781 8.827683 0.000001
v -0.087570 8.849484 -0.060776
v -0.106377 8.902116 -0.085950
v -0.125179 8.954751 -0.060776
v -0.188047 8.908257 0.000001
v -0.177033 8.890458 0.060777
v -0.150438 8.847482 0.085951
v -0.123844 8.804505 0.060777
v -0.112827 8.786706 0.000001
v -0.123844 8.804505 -0.060776
v -0.150438 8.847482 -0.085950
v -0.177033 8.890458 -0.060776
v -0.230311 8.819253 0.000001
v -0.216820 8.806664 0.060777
v -0.184248 8.776277 0.085951
v -0.151678 8.745889 0.060777
v -0.138187 8.733304 0.000001
v -0.151678 8.745889 -0.060776
v -0.184248 8.776277 -0.085950
v -0.216820 8.806664 -0.060776
v -0.256878 8.715604 0.000001
v -0.241831 8.709088 0.060777
v -0.205502 8.693360 0.085951
v -0.169174 8.677629 0.060777
v -0.154127 8.671113 0.000001
v -0.169174 8.677629 -0.060776
v -0.205502 8.693360 -0.085950
v -0.241831 8.709088 -0.060776
v -0.265940 8.604375 0.000001
v -0.250361 8.604375 0.060777
v -0.212751 8.604375 0.085951
v -0.175142 8.604375 0.060777
v -0.159563 8.604375 0.000001
v -0.175142 8.604375 -0.060776
v -0.212751 8.604375 -0.085950
v -0.250361 8.604375 -0.060776
v -0.256878 8.493150 0.000001
v -0.241831 8.499665 0.060777
v -0.205502 8.515393 0.085951
v -0.169174 8.531125 0.060777
v -0.154127 8.537641 0.000001
v -0.169174 8.531125 -0.060776
v -0.205502 8.515393 -0.085950
v -0.241831 8.499665 -0.060776
v -0.230311 8.389501 0.000001
v -0.216820 8.402089 0.060777
v -0.184248 8.432477 0.085951
v -0.151678 8.462865 0.060777
v -0.138187 8.475450 0.000001
v -0.151678 8.462865 -0.060776
v -0.184248 8.432477 -0.085950
v -0.216820 8.402089 -0.060776
v -0.188047 8.300496 0.000001
v -0.177033 8.318295 0.060776
v -0.150438 8.361272 0.085951
v -0.123844 8.404248 0.060777
v -0.112827 8.422048 0.000001
v -0.123844 8.404248 -0.060776
v -0.150438 8.361272 -0.085950
v -0.177033 8.318295 -0.060776
v -0.132969 8.232202 0.000001
v -0.125179 8.254003 0.060776
v -0.106377 8.306634 0.085951
v -0.087570 8.359269 0.060777
v -0.079781 8.381070 0.000001
v -0.087570 8.359269 -0.060776
v -0.106377 8.306634 -0.085950
v -0.125179 8.254003 -0.060776
v -0.068829 8.189267 0.000001
v -0.064797 8.213582 0.060776
v -0.055065 8.272290 0.085951
v -0.045330 8.330995 0.060776
v -0.041298 8.355309 0.000001
v -0.045330 8.330995 -0.060776
v -0.055065 8.272290 -0.085950
v -0.064797 8.213582 -0.060776
v -0.000000 8.174623 0.000001
v -0.000000 8.199800 0.060776
v -0.000000 8.260575 0.085951
v -0.000000 8.321351 0.060776
v -0.000000 8.346524 0.000001
v -0.000000 8.321351 -0.060776
v -0.000000 8.260575 -0.085950
v -0.000000 8.199800 -0.060776
v 0.068829 8.189267 0.000001
v 0.064796 8.213582 0.060776
v 0.055065 8.272290 0.085951
v 0.045330 8.330995 0.060776
v 0.041298 8.355309 0.000001
v 0.045330 8.330995 -0.060776
v 0.055065 8.272290 -0.085950
v 0.064796 8.213582 -0.060776
v 0.132969 8.232202 0.000001
v 0.125179 8.254003 0.060776
v 0.106377 8.306634 0.085951
v 0.087570 8.359269 0.060777
v 0.079780 8.381070 0.000001
v 0.087570 8.359269 -0.060776
v 0.106377 8.306634 -0.085950
v 0.125179 8.254003 -0.060776
v 0.188049 8.300496 0.000001
v 0.177032 8.318295 0.060776
v 0.150436 8.361272 0.085951
v 0.123844 8.404248 0.060777
v 0.112827 8.422048 0.000001
v 0.123844 8.404248 -0.060776
v 0.150436 8.361272 -0.085950
v 0.177032 8.318295 -0.060776
v 0.230308 8.389501 0.000001
v 0.216820 8.402085 0.060777
v 0.184250 8.432477 0.085951
v 0.151676 8.462861 0.060777
v 0.138187 8.475450 0.000001
v 0.151676 8.462861 -0.060776
v 0.184250 8.432477 -0.085950
v 0.216820 8.402085 -0.060776
v 0.256878 8.493150 0.000001
v 0.241829 8.499665 0.060777
v 0.205501 8.515393 0.085951
v 0.169174 8.531125 0.060777
v 0.154125 8.537641 0.000001
v 0.169174 8.531125 -0.060776
v 0.205501 8.515393 -0.085950
v 0.241829 8.499665 -0.060776
v -0.000000 8.089330 -0.265939
v 0.060776 8.089330 -0.250361
v 0.085949 8.089330 -0.212751
v 0.060776 8.089330 -0.175142
v -0.000000 8.089330 -0.159563
v -0.060776 8.089330 -0.175142
v -0.085949 8.089330 -0.212751
v -0.060776 8.089330 -0.250361
v -0.000000 8.200555 -0.256878
v 0.060776 8.194039 -0.241830
v 0.085949 8.178311 -0.205502
v 0.060776 8.162580 -0.169174
v -0.000000 8.156064 -0.154126
v -0.060776 8.162580 -0.169174
v -0.085949 8.178311 -0.205502
v -0.060776 8.194039 -0.241830
v -0.000000 8.304204 -0.230310
v 0.060776 8.291619 -0.216819
v 0.085949 8.261228 -0.184248
v 0.060776 8.230840 -0.151677
v -0.000000 8.218255 -0.138186
v -0.060776 8.230840 -0.151677
v -0.085949 8.261228 -0.184248
v -0.060776 8.291619 -0.216819
v -0.000000 8.393209 -0.188047
v 0.060776 8.375409 -0.177032
v 0.085949 8.332433 -0.150438
v 0.060776 8.289456 -0.123844
v -0.000000 8.271657 -0.112829
v -0.060776 8.289456 -0.123844
v -0.085949 8.332433 -0.150438
v -0.060776 8.375409 -0.177032
v -0.000000 8.461507 -0.132970
v 0.060776 8.439702 -0.125181
v 0.085949 8.387071 -0.106375
v 0.060776 8.334435 -0.087571
v -0.000000 8.312634 -0.079782
v -0.060776 8.334435 -0.087571
v -0.085949 8.387071 -0.106375
v -0.060776 8.439702 -0.125181
v -0.000000 8.504437 -0.068830
v 0.060776 8.480123 -0.064798
v 0.085949 8.421414 -0.055064
v 0.060776 8.362710 -0.045330
v -0.000000 8.338395 -0.041298
v -0.060776 8.362710 -0.045330
v -0.085949 8.421414 -0.055064
v -0.060776 8.480123 -0.064798
v -0.000000 8.519082 0.000000
v 0.060776 8.493905 0.000000
v 0.085949 8.433129 0.000000
v 0.060776 8.372354 0.000000
v -0.000000 8.347180 0.000000
v -0.060776 8.372354 0.000000
v -0.085949 8.433129 0.000000
v -0.060776 8.493905 0.000000
v -0.000000 8.504437 0.068830
v 0.060776 8.480123 0.064798
v 0.085949 8.421414 0.055064
v 0.060776 8.362710 0.045330
v -0.000000 8.338395 0.041298
v -0.060776 8.362710 0.045330
v -0.085949 8.421414 0.055064
v -0.060776 8.480123 0.064798
v -0.000000 8.461507 0.132970
v 0.060776 8.439702 0.125180
v 0.085949 8.387071 0.106376
v 0.060776 8.334435 0.087571
v -0.000000 8.312634 0.079782
v -0.060776 8.334435 0.087571
v -0.085949 8.387071 0.106376
v -0.060776 8.439702 0.125180
v -0.000000 8.393209 0.188048
v 0.060776 8.375409 0.177032
v 0.085949 8.332433 0.150438
v 0.060776 8.289456 0.123844
v -0.000000 8.271657 0.112828
v -0.060776 8.289456 0.123844
v -0.085949 8.332433 0.150438
v -0.060776 8.375409 0.177032
v -0.000000 8.304204 0.230310
v 0.060776 8.291619 0.216819
v 0.085949 8.261228 0.184248
v 0.060776 8.230840 0.151677
v -0.000000 8.218255 0.138186
v -0.060776 8.230840 0.151677
v -0.085949 8.261228 0.184248
v -0.060776 8.291619 0.216819
v -0.000000 8.200555 0.256878
v 0.060776 8.194039 0.241830
v 0.085949 8.178311 0.205502
v 0.060776 8.162580 0.169174
v -0.000000 8.156064 0.154127
v -0.060776 8.162580 0.169174
v -0.085949 8.178311 0.205502
v -0.060776 8.194039 0.241830
v -0.000000 8.089330 0.265939
v 0.060776 8.089330 0.250361
v 0.085949 8.089330 0.212752
v 0.060776 8.089330 0.175142
v -0.000000 8.089330 0.159564
v -0.060776 8.089330 0.175142
v -0.085949 8.089330 0.212752
v -0.060776 8.089330 0.250361
v -0.000000 7.978101 0.256878
v 0.060776 7.984616 0.241830
v 0.085949 8.000348 0.205502
v 0.060776 8.016076 0.169174
v -0.000000 8.022592 0.154127
v -0.060776 8.016076 0.169174
v -0.085949 8.000348 0.205502
v -0.060776 7.984616 0.241830
v -0.000000 7.874452 0.230311
v 0.060776 7.887040 0.216819
v 0.085949 7.917428 0.184248
v 0.060776 7.947816 0.151677
v -0.000000 7.960401 0.138186
v -0.060776 7.947816 0.151677
v -0.085949 7.917428 0.184248
v -0.060776 7.887040 0.216819
v -0.000000 7.785447 0.188048
v 0.060776 7.803250 0.177032
v 0.085949 7.846223 0.150438
v 0.060776 7.889199 0.123844
v -0.000000 7.906999 0.112828
v -0.060776 7.889199 0.123844
v -0.085949 7.846223 0.150438
v -0.060776 7.803250 0.177032
v -0.000000 7.717153 0.132970
v 0.060776 7.738954 0.125180
v 0.085949 7.791589 0.106376
v 0.060776 7.844220 0.087571
v -0.000000 7.866021 0.079782
v -0.060776 7.844220 0.087571
v -0.085949 7.791589 0.106376
v -0.060776 7.738954 0.125180
v -0.000000 7.674218 0.068830
v 0.060776 7.698537 0.064799
v 0.085949 7.757241 0.055064
v 0.060776 7.815946 0.045330
v -0.000000 7.840264 0.041298
v -0.060776 7.815946 0.045330
v -0.085949 7.757241 0.055064
v -0.060776 7.698537 0.064799
v -0.000000 7.659574 0.000000
v 0.060776 7.684751 0.000000
v 0.085949 7.745526 0.000000
v 0.060776 7.806302 0.000000
v -0.000000 7.831475 0.000000
v -0.060776 7.806302 0.000000
v -0.085949 7.745526 0.000000
v -0.060776 7.684751 0.000000
v -0.000000 7.674218 -0.068830
v 0.060776 7.698537 -0.064798
v 0.085949 7.757241 -0.055064
v 0.060776 7.815946 -0.045330
v -0.000000 7.840264 -0.041298
v -0.060776 7.815946 -0.045330
v -0.085949 7.757241 -0.055064
v -0.060776 7.698537 -0.064798
v -0.000000 7.717153 -0.132970
v 0.060776 7.738954 -0.125181
v 0.085949 7.791589 -0.106375
v 0.060776 7.844220 -0.087571
v -0.000000 7.866021 -0.079782
v -0.060776 7.844220 -0.087571
v -0.085949 7.791589 -0.106375
v -0.060776 7.738954 -0.125181
v -0.000000 7.785447 -0.188047
v 0.060776 7.803246 -0.177032
v 0.085949 7.846223 -0.150438
v 0.060776 7.889199 -0.123844
v -0.000000 7.906999 -0.112829
v -0.060776 7.889199 -0.123844
v -0.085949 7.846223 -0.150438
v -0.060776 7.803246 -0.177032
v -0.000000 7.874452 -0.230310
v 0.060776 7.887040 -0.216819
v 0.085949 7.917428 -0.184248
v 0.060776 7.947816 -0.151677
v -0.000000 7.960401 -0.138186
v -0.060776 7.947816 -0.151677
v -0.085949 7.917428 -0.184248
v -0.060776 7.887040 -0.216819
v -0.000000 7.978101 -0.256878
v 0.060776 7.984616 -0.241830
v 0.085949 8.000348 -0.205502
v 0.060776 8.016076 -0.169174
v -0.000000 8.022592 -0.154126
v -0.060776 8.016076 -0.169174
v -0.085949 8.000348 -0.205502
v -0.060776 7.984616 -0.241830
v 0.265938 9.644914 0.000001
v 0.250362 9.644914 0.060777
v 0.212753 9.644914 0.085951
v 0.175140 9.644914 0.060777
v 0.159565 9.644914 0.000001
v 0.175140 9.644914 -0.060776
v 0.212753 9.644914 -0.085950
v 0.250362 9.644914 -0.060776
v 0.256878 9.756143 0.000001
v 0.241829 9.749627 0.060777
v 0.205501 9.733895 0.085951
v 0.169174 9.718167 0.060777
v 0.154125 9.711652 0.000001
v 0.169174 9.718167 -0.060776
v 0.205501 9.733895 -0.085950
v 0.241829 9.749627 -0.060776
v 0.230308 9.859788 0.000001
v 0.216820 9.847203 0.060777
v 0.184250 9.816815 0.085951
v 0.151676 9.786427 0.060777
v 0.138187 9.773839 0.000001
v 0.151676 9.786427 -0.060776
v 0.184250 9.816815 -0.085950
v 0.216820 9.847203 -0.060776
v 0.188049 9.948796 0.000001
v 0.177032 9.930993 0.060777
v 0.150436 9.888017 0.085951
v 0.123844 9.845044 0.060777
v 0.112827 9.827241 0.000001
v 0.123844 9.845044 -0.060776
v 0.150436 9.888017 -0.085950
v 0.177032 9.930993 -0.060776
v 0.132969 10.017091 0.000001
v 0.125179 9.995290 0.060777
v 0.106377 9.942655 0.085951
v 0.087570 9.890019 0.060777
v 0.079780 9.868218 0.000001
v 0.087570 9.890019 -0.060776
v 0.106377 9.942655 -0.085950
v 0.125179 9.995290 -0.060776
v 0.068829 10.060021 0.000001
v 0.064796 10.035707 0.060777
v 0.055065 9.977002 0.085951
v 0.045330 9.918294 0.060777
v 0.041298 9.893979 0.000001
v 0.045330 9.918294 -0.060776
v 0.055065 9.977002 -0.085950
v 0.064796 10.035707 -0.060776
v -0.000000 10.074666 0.000001
v -0.000000 10.049493 0.060777
v -0.000000 9.988717 0.085951
v -0.000000 9.927938 0.060777
v -0.000000 9.902764 0.000001
v -0.000000 9.927938 -0.060776
v -0.000000 9.988717 -0.085950
v -0.000000 10.049493 -0.060776
v -0.068829 10.060021 0.000001
v -0.064797 10.035707 0.060777
v -0.055065 9.977002 0.085951
v -0.045330 9.918294 0.060777
v -0.041298 9.893979 0.000001
v -0.045330 9.918294 -0.060776
v -0.055065 9.977002 -0.085950
v -0.064797 10.035707 -0.060776
v -0.132969 10.017091 0.000001
v -0.125179 9.995290 0.060777
v -0.106377 9.942655 0.085951
v -0.087570 9.890019 0.060777
v -0.079781 9.868218 0.000001
v -0.087570 9.890019 -0.060776
v -0.106377 9.942655 -0.085950
v -0.125179 9.995290 -0.060776
v -0.188047 9.948796 0.000001
v -0.177033 9.930993 0.060777
v -0.150438 9.888017 0.085951
v -0.123844 9.845044 0.060777
v -0.112827 9.827241 0.000001
v -0.123844 9.845044 -0.060776
v -0.150438 9.888017 -0.085950
v -0.177033 9.930993 -0.060776
v -0.230311 9.859788 0.000001
v -0.216820 9.847203 0.060777
v -0.184248 9.816815 0.085951
v -0.151678 9.786427 0.060777
v -0.138187 9.773839 0.000001
v -0.151678 9.786427 -0.060776
v -0.184248 9.816815 -0.085950
v -0.216820 9.847203 -0.060776
v -0.256878 9.756143 0.000001
v -0.241831 9.749627 0.060777
v -0.205502 9.733895 0.085951
v -0.169174 9.718167 0.060777
v -0.154127 9.711652 0.000001
v -0.169174 9.718167 -0.060776
v -0.205502 9.733895 -0.085950
v -0.241831 9.749627 -0.060776
v -0.265940 9.644914 0.000001
v -0.250361 9.644914 0.060777
v -0.212751 9.644914 0.085951
v -0.175142 9.644914 0.060777
v -0.159563 9.644914 0.000001
v -0.175142 9.644914 -0.060776
v -0.212751 9.644914 -0.085950
v -0.250361 9.644914 -0.060776
v -0.256878 9.533685 0.000001
v -0.241831 9.540200 0.060777
v -0.205502 9.555932 0.085951
v -0.169174 9.571660 0.060777
v -0.154127 9.578176 0.000001
v -0.169174 9.571660 -0.060776
v -0.205502 9.555932 -0.085950
v -0.241831 9.540200 -0.060776
v -0.230311 9.430036 0.000001
v -0.216820 9.442624 0.060777
v -0.184248 9.473012 0.085951
v -0.151678 9.503400 0.060777
v -0.138187 9.515988 0.000001
v -0.151678 9.503400 -0.060776
v -0.184248 9.473012 -0.085950
v -0.216820 9.442624 -0.060776
v -0.188047 9.341031 0.000001
v -0.177033 9.358834 0.060777
v -0.150438 9.401807 0.085951
v -0.123844 9.444783 0.060777
v -0.112827 9.462586 0.000001
v -0.123844 9.444783 -0.060776
v -0.150438 9.401807 -0.085950
v -0.177033 9.358834 -0.060776
v -0.132969 9.272737 0.000001
v -0.125179 9.294538 0.060777
v -0.106377 9.347173 0.085951
v -0.087570 9.399804 0.060777
v -0.079781 9.421605 0.000001
v -0.087570 9.399804 -0.060776
v -0.106377 9.347173 -0.085950
v -0.125179 9.294538 -0.060776
v -0.068829 9.229802 0.000001
v -0.064797 9.254121 0.060777
v -0.055065 9.312825 0.085951
v -0.045330 9.371530 0.060777
v -0.041298 9.395848 0.000001
v -0.045330 9.371530 -0.060776
v -0.055065 9.312825 -0.085950
v -0.064797 9.254121 -0.060776
v -0.000000 9.215161 0.000001
v -0.000000 9.240335 0.060777
v -0.000000 9.301110 0.085951
v -0.000000 9.361886 0.060777
v -0.000000 9.387063 0.000001
v -0.000000 9.361886 -0.060776
v -0.000000 9.301110 -0.085950
v -0.000000 9.240335 -0.060776
v 0.068829 9.229802 0.000001
v 0.064796 9.254121 0.060777
v 0.055065 9.312825 0.085951
v 0.045330 9.371530 0.060777
v 0.041298 9.395848 0.000001
v 0.045330 9.371530 -0.060776
v 0.055065 9.312825 -0.085950
v 0.064796 9.254121 -0.060776
v 0.132969 9.272737 0.000001
v 0.125179 9.294538 0.060777
v 0.106377 9.347173 0.085951
v 0.087570 9.399804 0.060777
v 0.079780 9.421605 0.000001
v 0.087570 9.399804 -0.060776
v 0.106377 9.347173 -0.085950
v 0.125179 9.294538 -0.060776
v 0.188049 9.341031 0.000001
v 0.177032 9.358834 0.060777
v 0.150436 9.401807 0.085951
v 0.123844 9.444783 0.060777
v 0.112827 9.462586 0.000001
v 0.123844 9.444783 -0.060776
v 0.150436 9.401807 -0.085950
v 0.177032 9.358834 -0.060776
v 0.230308 9.430036 0.000001
v 0.216820 9.442624 0.060777
v 0.184250 9.473012 0.085951
v 0.151676 9.503400 0.060777
v 0.138187 9.515988 0.000001
v 0.151676 9.503400 -0.060776
v 0.184250 9.473012 -0.085950
v 0.216820 9.442624 -0.060776
v 0.256878 9.533685 0.000001
v 0.241829 9.540200 0.060777
v 0.205501 9.555932 0.085951
v 0.169174 9.571660 0.060777
v 0.154125 9.578176 0.000001
v 0.169174 9.571660 -0.060776
v 0.205501 9.555932 -0.085950
v 0.241829 9.540200 -0.060776
v -0.000000 9.129865 -0.265939
v 0.060776 9.129865 -0.250361
v 0.085949 9.129865 -0.212751
v 0.060776 9.129865 -0.175142
v -0.000000 9.129865 -0.159563
v -0.060776 9.129865 -0.175142
v -0.085949 9.129865 -0.212751
v -0.060776 9.129865 -0.250361
v -0.000000 9.241094 -0.256878
v 0.060776 9.234578 -0.241830
v 0.085949 9.218846 -0.205502
v 0.060776 9.203118 -0.169174
v -0.000000 9.196603 -0.154126
v -0.060776 9.203118 -0.169174
v -0.085949 9.218846 -0.205502
v -0.060776 9.234578 -0.241830
v -0.000000 9.344743 -0.230310
v 0.060776 9.332154 -0.216819
v 0.085949 9.301766 -0.184248
v 0.060776 9.271379 -0.151677
v -0.000000 9.258790 -0.138186
v -0.060776 9.271379 -0.151677
v -0.085949 9.301766 -0.184248
v -0.060776 9.332154 -0.216819
v -0.000000 9.433747 -0.188047
v 0.060776 9.415944 -0.177032
v 0.085949 9.372972 -0.150438
v 0.060776 9.329995 -0.123844
v -0.000000 9.312192 -0.112829
v -0.060776 9.329995 -0.123844
v -0.085949 9.372972 -0.150438
v -0.060776 9.415944 -0.177032
v -0.000000 9.502042 -0.132970
v 0.060776 9.480241 -0.125180
v 0.085949 9.427606 -0.106375
v 0.060776 9.374970 -0.087571
v -0.000000 9.353169 -0.079782
v -0.060776 9.374970 -0.087571
v -0.085949 9.427606 -0.106375
v -0.060776 9.480241 -0.125180
v -0.000000 9.544972 -0.068830
v 0.060776 9.520658 -0.064798
v 0.085949 9.461953 -0.055064
v 0.060776 9.403249 -0.045330
v -0.000000 9.378930 -0.041298
v -0.060776 9.403249 -0.045330
v -0.085949 9.461953 -0.055064
v -0.060776 9.520658 -0.064798
v -0.000000 9.559617 0.000000
v 0.060776 9.534444 0.000000
v 0.085949 9.473668 0.000000
v 0.060776 9.412892 0.000000
v -0.000000 9.387715 0.000000
v -0.060776 9.412892 0.000000
v -0.085949 9.473668 0.000000
v -0.060776 9.534444 0.000000
v -0.000000 9.544972 0.068830
v 0.060776 9.520658 0.064799
v 0.085949 9.461953 0.055064
v 0.060776 9.403249 0.045330
v -0.000000 9.378930 0.041298
v -0.060776 9.403249 0.045330
v -0.085949 9.461953 0.055064
v -0.060776 9.520658 0.064799
v -0.000000 9.502042 0.132970
v 0.060776 9.480241 0.125180
v 0.085949 9.427606 0.106376
v 0.060776 9.374970 0.087571
v -0.000000 9.353169 0.079782
v -0.060776 9.374970 0.087571
v -0.085949 9.427606 0.106376
v -0.060776 9.480241 0.125180
v -0.000000 9.433747 0.188048
v 0.060776 9.415944 0.177032
v 0.085949 9.372972 0.150438
v 0.060776 9.329995 0.123844
v -0.000000 9.312192 0.112829
v -0.060776 9.329995 0.123844
v -0.085949 9.372972 0.150438
v -0.060776 9.415944 0.177032
v -0.000000 9.344743 0.230311
v 0.060776 9.332154 0.216819
v 0.085949 9.301766 0.184248
v 0.060776 9.271379 0.151677
v -0.000000 9.258790 0.138186
v -0.060776 9.271379 0.151677
v -0.085949 9.301766 0.184248
v -0.060776 9.332154 0.216819
v -0.000000 9.241094 0.256878
v 0.060776 9.234578 0.241831
v 0.085949 9.218846 0.205502
v 0.060776 9.203118 0.169174
v -0.000000 9.196603 0.154127
v -0.060776 9.203118 0.169174
v -0.085949 9.218846 0.205502
v -0.060776 9.234578 0.241831
v -0.000000 9.129865 0.265939
v 0.060776 9.129865 0.250361
v 0.085949 9.129865 0.212752
v 0.060776 9.129865 0.175142
v -0.000000 9.129865 0.159564
v -0.060776 9.129865 0.175142
v -0.085949 9.129865 0.212752
v -0.060776 9.129865 0.250361
v -0.000000 9.018636 0.256878
v 0.060776 9.025151 0.241831
v 0.085949 9.040883 0.205502
v 0.060776 9.056611 0.169174
v -0.000000 9.063130 0.154127
v -0.060776 9.056611 0.169174
v -0.085949 9.040883 0.205502
v -0.060776 9.025151 0.241831
v -0.000000 8.914987 0.230311
v 0.060776 8.927575 0.216819
v 0.085949 8.957963 0.184248
v 0.060776 8.988351 0.151678
v -0.000000 9.000939 0.138186
v -0.060776 8.988351 0.151678
v -0.085949 8.957963 0.184248
v -0.060776 8.927575 0.216819
v -0.000000 8.825986 0.188048
v 0.060776 8.843785 0.177032
v 0.085949 8.886762 0.150438
v 0.060776 8.929738 0.123844
v -0.000000 8.947537 0.112829
v -0.060776 8.929738 0.123844
v -0.085949 8.886762 0.150438
v -0.060776 8.843785 0.177032
v -0.000000 8.757688 0.132970
v 0.060776 8.779492 0.125180
v 0.085949 8.832124 0.106376
v 0.060776 8.884759 0.087571
v -0.000000 8.906560 0.079782
v -0.060776 8.884759 0.087571
v -0.085949 8.832124 0.106376
v -0.060776 8.779492 0.125180
v -0.000000 8.714757 0.068830
v 0.060776 8.739072 0.064799
v 0.085949 8.797780 0.055064
v 0.060776 8.856484 0.045330
v -0.000000 8.880799 0.041298
v -0.060776 8.856484 0.045330
v -0.085949 8.797780 0.055064
v -0.060776 8.739072 0.064799
v -0.000000 8.700112 0.000000
v 0.060776 8.725289 0.000000
v 0.085949 8.786061 0.000000
v 0.060776 8.846837 0.000000
v -0.000000 8.872014 0.000000
v -0.060776 8.846837 0.000000
v -0.085949 8.786061 0.000000
v -0.060776 8.725289 0.000000
v -0.000000 8.714757 -0.068830
v 0.060776 8.739072 -0.064798
v 0.085949 8.797780 -0.055064
v 0.060776 8.856484 -0.045330
v -0.000000 8.880799 -0.041298
v -0.060776 8.856484 -0.045330
v -0.085949 8.797780 -0.055064
v -0.060776 8.739072 -0.064798
v -0.000000 8.757688 -0.132970
v 0.060776 8.779492 -0.125181
v 0.085949 8.832124 -0.106375
v 0.060776 8.884759 -0.087571
v -0.000000 8.906560 -0.079782
v -0.060776 8.884759 -0.087571
v -0.085949 8.832124 -0.106375
v -0.060776 8.779492 -0.125181
v -0.000000 8.825986 -0.188047
v 0.060776 8.843785 -0.177032
v 0.085949 8.886758 -0.150438
v 0.060776 8.929738 -0.123844
v -0.000000 8.947537 -0.112828
v -0.060776 8.929738 -0.123844
v -0.085949 8.886758 -0.150438
v -0.060776 8.843785 -0.177032
v -0.000000 8.914987 -0.230310
v 0.060776 8.927575 -0.216819
v 0.085949 8.957963 -0.184248
v 0.060776 8.988351 -0.151677
v -0.000000 9.000939 -0.138186
v -0.060776 8.988351 -0.151677
v -0.085949 8.957963 -0.184248
v -0.060776 8.927575 -0.216819
v -0.000000 9.018636 -0.256878
v 0.060776 9.025151 -0.241830
v 0.085949 9.040883 -0.205502
v 0.060776 9.056615 -0.169174
v -0.000000 9.063130 -0.154126
v -0.060776 9.056615 -0.169174
v -0.085949 9.040883 -0.205502
v -0.060776 9.025151 -0.241830
v 0.265938 10.685449 0.000001
v 0.250362 10.685449 0.060777
v 0.212753 10.685449 0.085951
v 0.175140 10.685449 0.060777
v 0.159565 10.685449 0.000001
v 0.175140 10.685449 -0.060776
v 0.212753 10.685449 -0.085950
v 0.250362 10.685449 -0.060776
v 0.256878 10.796678 0.000001
v 0.241829 10.790162 0.060777
v 0.205501 10.774434 0.085951
v 0.169174 10.758702 0.060777
v 0.154125 10.752187 0.000001
v 0.169174 10.758702 -0.060776
v 0.205501 10.774434 -0.085950
v 0.241829 10.790162 -0.060776
v 0.230308 10.900327 0.000001
v 0.216820 10.887738 0.060777
v 0.184250 10.857350 0.085951
v 0.151676 10.826962 0.060777
v 0.138187 10.814374 0.000001
v 0.151676 10.826962 -0.060776
v 0.184250 10.857350 -0.085950
v 0.216820 10.887738 -0.060776
v 0.188049 10.989331 0.000001
v 0.177032 10.971532 0.060777
v 0.150436 10.928555 0.085951
v 0.123844 10.885579 0.060777
v 0.112827 10.867780 0.000001
v 0.123844 10.885579 -0.060776
v 0.150436 10.928555 -0.085950
v 0.177032 10.971532 -0.060776
v 0.132969 11.057626 0.000001
v 0.125179 11.035825 0.060777
v 0.106377 10.983190 0.085951
v 0.087570 10.930558 0.060777
v 0.079780 10.908757 0.000001
v 0.087570 10.930558 -0.060776
v 0.106377 10.983190 -0.085950
v 0.125179 11.035825 -0.060776
v 0.068829 11.100560 0.000001
v 0.064796 11.076241 0.060777
v 0.055065 11.017537 0.085951
v 0.045330 10.958833 0.060777
v 0.041298 10.934514 0.000001
v 0.045330 10.958833 -0.060776
v 0.055065 11.017537 -0.085950
v 0.064796 11.076241 -0.060776
v -0.000000 11.115201 0.000001
v -0.000000 11.090028 0.060777
v -0.000000 11.029252 0.085951
v -0.000000 10.968476 0.060777
v -0.000000 10.943303 0.000001
v -0.000000 10.968476 -0.060776
v -0.000000 11.029252 -0.085950
v -0.000000 11.090028 -0.060776
v -0.068829 11.100560 0.000001
v -0.064797 11.076241 0.060777
v -0.055065 11.017537 0.085951
v -0.045330 10.958833 0.060777
v -0.041298 10.934514 0.000001
v -0.045330 10.958833 -0.060776
v -0.055065 11.017537 -0.085950
v -0.064797 11.076241 -0.060776
v -0.132969 11.057626 0.000001
v -0.125179 11.035825 0.060777
v -0.106377 10.983190 0.085951
v -0.087570 10.930558 0.060777
v -0.079781 10.908757 0.000001
v -0.087570 10.930558 -0.060776
v -0.106377 10.983190 -0.085950
v -0.125179 11.035825 -0.060776
v -0.188047 10.989331 0.000001
v -0.177033 10.971532 0.060777
v -0.150438 10.928555 0.085951
v -0.123844 10.885579 0.060777
v -0.112827 10.867780 0.000001
v -0.123844 10.885579 -0.060776
v -0.150438 10.928555 -0.085950
v -0.177033 10.971532 -0.060776
v -0.230311 10.900327 0.000001
v -0.216820 10.887738 0.060777
v -0.184248 10.857350 0.085951
v -0.151678 10.826962 0.060777
v -0.138187 10.814374 0.000001
v -0.151678 10.826962 -0.060776
v -0.184248 10.857350 -0.085950
v -0.216820 10.887738 -0.060776
v -0.256878 10.796678 0.000001
v -0.241831 10.790162 0.060777
v -0.205502 10.774434 0.085951
v -0.169174 10.758702 0.060777
v -0.154127 10.752187 0.000001
v -0.169174 10.758702 -0.060776
v -0.205502 10.774434 -0.085950
v -0.241831 10.790162 -0.060776
v -0.265940 10.685449 0.000001
v -0.250361 10.685449 0.060777
v -0.212751 10.685449 0.085951
v -0.175142 10.685449 0.060777
v -0.159563 10.685449 0.000001
v -0.175142 10.685449 -0.060776
v -0.212751 10.685449 -0.085950
v -0.250361 10.685449 -0.060776
v -0.256878 10.574224 0.000001
v -0.241831 10.580739 0.060777
v -0.205502 10.596467 0.085951
v -0.169174 10.612199 0.060777
v -0.154127 10.618714 0.000001
v -0.169174 10.612199 -0.060776
v -0.205502 10.596467 -0.085950
v -0.241831 10.580739 -0.060776
v -0.230311 10.470574 0.000001
v -0.216820 10.483163 0.060777
v -0.184248 10.513551 0.085951
v -0.151678 10.543939 0.060777
v -0.138187 10.556523 0.000001
v -0.151678 10.543939 -0.060776
v -0.184248 10.513551 -0.085950
v -0.216820 10.483163 -0.060776
v -0.188047 10.381570 0.000001
v -0.177033 10.399369 0.060777
v -0.150438 10.442346 0.085951
v -0.123844 10.485322 0.060777
v -0.112827 10.503121 0.000001
v -0.123844 10.485322 -0.060776
v -0.150438 10.442346 -0.085950
v -0.177033 10.399369 -0.060776
v -0.132969 10.313275 0.000001
v -0.125179 10.335076 0.060777
v -0.106377 10.387708 0.085951
v -0.087570 10.440343 0.060777
v -0.079781 10.462144 0.000001
v -0.087570 10.440343 -0.060776
v -0.106377 10.387708 -0.085950
v -0.125179 10.335076 -0.060776
v -0.068829 10.270341 0.000001
v -0.064797 10.294656 0.060777
v -0.055065 10.353364 0.085951
v -0.045330 10.412068 0.060777
v -0.041298 10.436383 0.000001
v -0.045330 10.412068 -0.060776
v -0.055065 10.353364 -0.085950
v -0.064797 10.294656 -0.060776
v -0.000000 10.255696 0.000001
v -0.000000 10.280873 0.060777
v -0.000000 10.341649 0.085951
v -0.000000 10.402425 0.060777
v -0.000000 10.427598 0.000001
v -0.000000 10.402425 -0.060776
v -0.000000 10.341649 -0.085950
v -0.000000 10.280873 -0.060776
v 0.068829 10.270341 0.000001
v 0.064796 10.294656 0.060777
v 0.055065 10.353364 0.085951
v 0.045330 10.412068 0.060777
v 0.041298 10.436383 0.000001
v 0.045330 10.412068 -0.060776
v 0.055065 10.353364 -0.085950
v 0.064796 10.294656 -0.060776
v 0.132969 10.313275 0.000001
v 0.125179 10.335076 0.060777
v 0.106377 10.387708 0.085951
v 0.087570 10.440343 0.060777
v 0.079780 10.462144 0.000001
v 0.087570 10.440343 -0.060776
v 0.106377 10.387708 -0.085950
v 0.125179 10.335076 -0.060776
v 0.188049 10.381570 0.000001
v 0.177032 10.399369 0.060777
v 0.150436 10.442346 0.085951
v 0.123844 10.485322 0.060777
v 0.112827 10.503121 0.000001
v 0.123844 10.485322 -0.060776
v 0.150436 10.442346 -0.085950
v 0.177032 10.399369 -0.060776
v 0.230308 10.470574 0.000001
v 0.216820 10.483159 0.060777
v 0.184250 10.513551 0.085951
v 0.151676 10.543935 0.060777
v 0.138187 10.556523 0.000001
v 0.151676 10.543935 -0.060776
v 0.184250 10.513551 -0.085950
v 0.216820 10.483159 -0.060776
v 0.256878 10.574224 0.000001
v 0.241829 10.580739 0.060777
v 0.205501 10.596467 0.085951
v 0.169174 10.612199 0.060777
v 0.154125 10.618714 0.000001
v 0.169174 10.612199 -0.060776
v 0.205501 10.596467 -0.085950
v 0.241829 10.580739 -0.060776
v -0.000000 10.170400 -0.265939
v 0.060776 10.170400 -0.250361
v 0.085949 10.170400 -0.212751
v 0.060776 10.170400 -0.175142
v -0.000000 10.170400 -0.159563
v -0.060776 10.170400 -0.175142
v -0.085949 10.170400 -0.212751
v -0.060776 10.170400 -0.250361
v -0.000000 10.281629 -0.256877
v 0.060776 10.275113 -0.241830
v 0.085949 10.259385 -0.205502
v 0.060776 10.243653 -0.169174
v -0.000000 10.237138 -0.154126
v -0.060776 10.243653 -0.169174
v -0.085949 10.259385 -0.205502
v -0.060776 10.275113 -0.241830
v -0.000000 10.385278 -0.230310
v 0.060776 10.372693 -0.216819
v 0.085949 10.342301 -0.184248
v 0.060776 10.311913 -0.151677
v -0.000000 10.299329 -0.138186
v -0.060776 10.311913 -0.151677
v -0.085949 10.342301 -0.184248
v -0.060776 10.372693 -0.216819
v -0.000000 10.474282 -0.188047
v 0.060776 10.456483 -0.177032
v 0.085949 10.413507 -0.150438
v 0.060776 10.370530 -0.123844
v -0.000000 10.352731 -0.112828
v -0.060776 10.370530 -0.123844
v -0.085949 10.413507 -0.150438
v -0.060776 10.456483 -0.177032
v -0.000000 10.542581 -0.132970
v 0.060776 10.520776 -0.125180
v 0.085949 10.468144 -0.106375
v 0.060776 10.415509 -0.087571
v -0.000000 10.393708 -0.079781
v -0.060776 10.415509 -0.087571
v -0.085949 10.468144 -0.106375
v -0.060776 10.520776 -0.125180
v -0.000000 10.585511 -0.068830
v 0.060776 10.561196 -0.064798
v 0.085949 10.502488 -0.055064
v 0.060776 10.443784 -0.045330
v -0.000000 10.419469 -0.041298
v -0.060776 10.443784 -0.045330
v -0.085949 10.502488 -0.055064
v -0.060776 10.561196 -0.064798
v -0.000000 10.600156 0.000000
v 0.060776 10.574979 0.000000
v 0.085949 10.514203 0.000000
v 0.060776 10.453427 0.000000
v -0.000000 10.428254 0.000000
v -0.060776 10.453427 0.000000
v -0.085949 10.514203 0.000000
v -0.060776 10.574979 0.000000
v -0.000000 10.585511 0.068830
v 0.060776 10.561196 0.064799
v 0.085949 10.502488 0.055064
v 0.060776 10.443784 0.045330
v -0.000000 10.419469 0.041298
v -0.060776 10.443784 0.045330
v -0.085949 10.502488 0.055064
v -0.060776 10.561196 0.064799
v -0.000000 10.542581 0.132970
v 0.060776 10.520776 0.125181
v 0.085949 10.468144 0.106376
v 0.060776 10.415509 0.087571
v -0.000000 10.393708 0.079782
v -0.060776 10.415509 0.087571
v -0.085949 10.468144 0.106376
v -0.060776 10.520776 0.125181
v -0.000000 10.474282 0.188048
v 0.060776 10.456483 0.177032
v 0.085949 10.413507 0.150439
v 0.060776 10.370530 0.123844
v -0.000000 10.352731 0.112829
v -0.060776 10.370530 0.123844
v -0.085949 10.413507 0.150439
v -0.060776 10.456483 0.177032
v -0.000000 10.385278 0.230311
v 0.060776 10.372693 0.216819
v 0.085949 10.342301 0.184248
v 0.060776 10.311913 0.151678
v -0.000000 10.299329 0.138186
v -0.060776 10.311913 0.151678
v -0.085949 10.342301 0.184248
v -0.060776 10.372693 0.216819
v -0.000000 10.281629 0.256878
v 0.060776 10.275113 0.241831
v 0.085949 10.259385 0.205502
v 0.060776 10.243653 0.169174
v -0.000000 10.237138 0.154127
v -0.060776 10.243653 0.169174
v -0.085949 10.259385 0.205502
v -0.060776 10.275113 0.241831
v -0.000000 10.170400 0.265939
v 0.060776 10.170400 0.250361
v 0.085949 10.170400 0.212752
v 0.060776 10.170400 0.175142
v -0.000000 10.170400 0.159564
v -0.060776 10.170400 0.175142
v -0.085949 10.170400 0.212752
v -0.060776 10.170400 0.250361
v -0.000000 10.059175 0.256878
v 0.060776 10.065690 0.241831
v 0.085949 10.081422 0.205502
v 0.060776 10.097150 0.169174
v -0.000000 10.103665 0.154127
v -0.060776 10.097150 0.169174
v -0.085949 10.081422 0.205502
v -0.060776 10.065690 0.241831
v -0.000000 9.955525 0.230311
v 0.060776 9.968114 0.216819
v 0.085949 9.998502 0.184249
v 0.060776 10.028890 0.151678
v -0.000000 10.041474 0.138186
v -0.060776 10.028890 0.151678
v -0.085949 9.998502 0.184249
v -0.060776 9.968114 0.216819
v -0.000000 9.866521 0.188048
v 0.060776 9.884324 0.177032
v 0.085949 9.927297 0.150439
v 0.060776 9.970273 0.123844
v -0.000000 9.988072 0.112829
v -0.060776 9.970273 0.123844
v -0.085949 9.927297 0.150439
v -0.060776 9.884324 0.177032
v -0.000000 9.798226 0.132970
v 0.060776 9.820027 0.125180
v 0.085949 9.872659 0.106376
v 0.060776 9.925294 0.087571
v -0.000000 9.947095 0.079782
v -0.060776 9.925294 0.087571
v -0.085949 9.872659 0.106376
v -0.060776 9.820027 0.125180
v -0.000000 9.755292 0.068831
v 0.060776 9.779611 0.064799
v 0.085949 9.838315 0.055064
v 0.060776 9.897019 0.045330
v -0.000000 9.921338 0.041299
v -0.060776 9.897019 0.045330
v -0.085949 9.838315 0.055064
v -0.060776 9.779611 0.064799
v -0.000000 9.740647 0.000000
v 0.060776 9.765824 0.000000
v 0.085949 9.826600 0.000000
v 0.060776 9.887376 0.000000
v -0.000000 9.912549 0.000000
v -0.060776 9.887376 0.000000
v -0.085949 9.826600 0.000000
v -0.060776 9.765824 0.000000
v -0.000000 9.755292 -0.068830
v 0.060776 9.779611 -0.064798
v 0.085949 9.838315 -0.055064
v 0.060776 9.897019 -0.045330
v -0.000000 9.921338 -0.041298
v -0.060776 9.897019 -0.045330
v -0.085949 9.838315 -0.055064
v -0.060776 9.779611 -0.064798
v -0.000000 9.798226 -0.132970
v 0.060776 9.820027 -0.125180
v 0.085949 9.872659 -0.106375
v 0.060776 9.925294 -0.087571
v -0.000000 9.947095 -0.079781
v -0.060776 9.925294 -0.087571
v -0.085949 9.872659 -0.106375
v -0.060776 9.820027 -0.125180
v -0.000000 9.866521 -0.188047
v 0.060776 9.884320 -0.177032
v 0.085949 9.927297 -0.150438
v 0.060776 9.970273 -0.123844
v -0.000000 9.988072 -0.112828
v -0.060776 9.970273 -0.123844
v -0.085949 9.927297 -0.150438
v -0.060776 9.884320 -0.177032
v -0.000000 9.955525 -0.230310
v 0.060776 9.968114 -0.216819
v 0.085949 9.998502 -0.184248
v 0.060776 10.028890 -0.151677
v -0.000000 10.041474 -0.138186
v -0.060776 10.028890 -0.151677
v -0.085949 9.998502 -0.184248
v -0.060776 9.968114 -0.216819
v -0.000000 10.059175 -0.256878
v 0.060776 10.065690 -0.241830
v 0.085949 10.081422 -0.205502
v 0.060776 10.097150 -0.169174
v -0.000000 10.103665 -0.154126
v -0.060776 10.097150 -0.169174
v -0.085949 10.081422 -0.205502
v -0.060776 10.065690 -0.241830
v 0.290709 -10.087307 0.000001
v 0.267379 -10.087307 0.086443
v 0.211057 -10.087307 0.122248
v 0.154734 -10.087307 0.086443
v 0.131404 -10.087307 0.000001
v 0.154734 -10.087307 -0.086441
v 0.211057 -10.087307 -0.122246
v 0.267379 -10.087307 -0.086441
v 0.280803 -9.971833 0.000001
v 0.258269 -9.981100 0.086443
v 0.203865 -10.003472 0.122248
v 0.149462 -10.025846 0.086443
v 0.126927 -10.035112 0.000001
v 0.149462 -10.025846 -0.086441
v 0.203865 -10.003472 -0.122246
v 0.258269 -9.981100 -0.086441
v 0.251762 -9.864228 0.000001
v 0.231558 -9.882131 0.086443
v 0.182781 -9.925352 0.122248
v 0.134005 -9.968573 0.086443
v 0.113801 -9.986475 0.000001
v 0.134005 -9.968573 -0.086441
v 0.182781 -9.925352 -0.122246
v 0.231558 -9.882131 -0.086441
v 0.205564 -9.771826 0.000001
v 0.189068 -9.797144 0.086443
v 0.149242 -9.858268 0.122248
v 0.109416 -9.919392 0.086443
v 0.092919 -9.944710 0.000001
v 0.109416 -9.919392 -0.086441
v 0.149242 -9.858268 -0.122246
v 0.189068 -9.797144 -0.086441
v 0.145358 -9.700923 0.000001
v 0.133693 -9.731932 0.086443
v 0.105532 -9.806792 0.122248
v 0.077371 -9.881653 0.086443
v 0.065706 -9.912662 0.000001
v 0.077371 -9.881653 -0.086441
v 0.105532 -9.806792 -0.122246
v 0.133693 -9.731932 -0.086441
v 0.075247 -9.656352 0.000001
v 0.069208 -9.690937 0.086443
v 0.054631 -9.774433 0.122248
v 0.040054 -9.857930 0.086443
v 0.034016 -9.892515 0.000001
v 0.040054 -9.857930 -0.086441
v 0.054631 -9.774433 -0.122246
v 0.069208 -9.690937 -0.086441
v 0.000008 -9.641150 0.000001
v 0.000008 -9.676954 0.086443
v 0.000008 -9.763396 0.122248
v 0.000008 -9.849838 0.086443
v 0.000008 -9.885644 0.000001
v 0.000008 -9.849838 -0.086441
v 0.000008 -9.763396 -0.122246
v 0.000008 -9.676954 -0.086441
v -0.075231 -9.656352 0.000001
v -0.069193 -9.690937 0.086443
v -0.054616 -9.774433 0.122248
v -0.040039 -9.857930 0.086443
v -0.034000 -9.892515 0.000001
v -0.040039 -9.857930 -0.086441
v -0.054616 -9.774433 -0.122246
v -0.069193 -9.690937 -0.086441
v -0.145343 -9.700923 0.000001
v -0.133678 -9.731932 0.086443
v -0.105517 -9.806792 0.122248
v -0.077356 -9.881653 0.086443
v -0.065691 -9.912662 0.000001
v -0.077356 -9.881653 -0.086441
v -0.105517 -9.806792 -0.122246
v -0.133678 -9.731932 -0.086441
v -0.205549 -9.771826 0.000001
v -0.189053 -9.797144 0.086443
v -0.149227 -9.858268 0.122248
v -0.109401 -9.919392 0.086443
v -0.092904 -9.944710 0.000001
v -0.109401 -9.919392 -0.086441
v -0.149227 -9.858268 -0.122246
v -0.189053 -9.797144 -0.086441
v -0.251747 -9.864228 0.000001
v -0.231543 -9.882131 0.086443
v -0.182766 -9.925352 0.122248
v -0.133989 -9.968573 0.086443
v -0.113785 -9.986475 0.000001
v -0.133989 -9.968573 -0.086441
v -0.182766 -9.925352 -0.122246
v -0.231543 -9.882131 -0.086441
v -0.280788 -9.971833 0.000001
v -0.258254 -9.981100 0.086443
v -0.203850 -10.003473 0.122248
v -0.149447 -10.025846 0.086443
v -0.126912 -10.035112 0.000001
v -0.149447 -10.025846 -0.086441
v -0.203850 -10.003473 -0.122246
v -0.258254 -9.981100 -0.086441
v -0.290693 -10.087307 0.000001
v -0.267364 -10.087307 0.086443
v -0.211041 -10.087307 0.122248
v -0.154719 -10.087307 0.086443
v -0.131389 -10.087307 0.000001
v -0.154719 -10.087307 -0.086441
v -0.211041 -10.087307 -0.122246
v -0.267364 -10.087307 -0.086441
v -0.267364 -10.330719 -0.086441
v -0.211041 -10.330719 -0.122246
v -0.154719 -10.330719 -0.086441
v -0.131389 -10.330719 0.000001
v -0.154719 -10.330719 0.086443
v -0.211041 -10.330719 0.122248
v -0.267364 -10.330719 0.086443
v -0.290693 -10.330719 0.000001
v 0.267379 -10.330719 -0.086441
v 0.211057 -10.330719 -0.122246
v 0.154734 -10.330719 -0.086441
v 0.131404 -10.330719 0.000001
v 0.154734 -10.330719 0.086443
v 0.211057 -10.330719 0.122248
v 0.267379 -10.330719 0.086443
v 0.290709 -10.330719 0.000001
vn -0.0000 -0.0029 -1.0000
vn -0.0000 0.2701 -0.9628
vn 0.3827 -0.0029 -0.9239
vn 0.3685 0.2701 -0.8895
vn 0.7071 -0.0029 -0.7071
vn 0.6808 0.2701 -0.6808
vn 0.8895 0.2701 -0.3685
vn 0.9628 0.2701 -0.0000
vn 0.9239 -0.0029 0.3827
vn 0.8895 0.2701 0.3685
vn 0.6808 0.2701 0.6808
vn 0.3827 -0.0029 0.9239
vn 0.3685 0.2701 0.8895
vn -0.0000 0.2701 0.9628
vn -0.3685 0.2701 0.8895
vn -0.6808 0.2701 0.6808
vn -0.9239 -0.0029 0.3827
vn -0.8895 0.2701 0.3685
vn -1.0000 -0.0029 -0.0000
vn -0.9628 0.2701 -0.0000
vn -0.9239 -0.0029 -0.3827
vn -0.8895 0.2701 -0.3685
vn -0.7071 -0.0029 -0.7071
vn -0.6808 0.2701 -0.6808
vn -0.3827 -0.0029 -0.9239
vn -0.3685 0.2701 -0.8895
vn -0.0000 0.2543 -0.9671
vn 0.3701 0.2543 -0.8935
vn 0.6839 0.2543 -0.6839
vn 0.8935 0.2543 -0.3701
vn 0.9671 0.2543 -0.0000
vn 0.8935 0.2543 0.3701
vn 0.6839 0.2543 0.6839
vn 0.3701 0.2543 0.8935
vn -0.0000 0.2543 0.9671
vn -0.3701 0.2543 0.8935
vn -0.6839 0.2543 0.6839
vn -0.8935 0.2543 0.3701
vn -0.9671 0.2543 -0.0000
vn -0.8935 0.2543 -0.3701
vn -0.6839 0.2543 -0.6839
vn -0.3701 0.2543 -0.8935
vn -0.0000 -0.2549 -0.9670
vn -0.0000 -0.4931 -0.8700
vn -0.0000 -0.8590 -0.5120
vn -0.0000 -0.9618 -0.2739
vn -0.0000 -1.0000 -0.0000
vn 0.3700 -0.2549 -0.8934
vn 0.3329 -0.4931 -0.8038
vn 0.2736 -0.6991 -0.6606
vn 0.1959 -0.8590 -0.4730
vn 0.1048 -0.9618 -0.2531
vn 0.6838 -0.2549 -0.6838
vn 0.6152 -0.4931 -0.6152
vn 0.5056 -0.6991 -0.5056
vn 0.3621 -0.8590 -0.3621
vn 0.1937 -0.9618 -0.1937
vn 0.9239 -0.0029 -0.3827
vn 0.8934 -0.2549 -0.3700
vn 0.8038 -0.4931 -0.3329
vn 0.6606 -0.6991 -0.2736
vn 0.4730 -0.8590 -0.1959
vn 0.2531 -0.9618 -0.1048
vn 1.0000 -0.0029 -0.0000
vn 0.9670 -0.2549 -0.0000
vn 0.8700 -0.4931 -0.0000
vn 0.7151 -0.6991 -0.0000
vn 0.5120 -0.8590 -0.0000
vn 0.2739 -0.9618 -0.0000
vn 0.8934 -0.2549 0.3700
vn 0.8038 -0.4931 0.3329
vn 0.6606 -0.6991 0.2736
vn 0.4730 -0.8590 0.1959
vn 0.2531 -0.9618 0.1048
vn 0.7071 -0.0029 0.7071
vn 0.6838 -0.2549 0.6838
vn 0.6152 -0.4931 0.6152
vn 0.5056 -0.6991 0.5056
vn 0.3621 -0.8590 0.3621
vn 0.1937 -0.9618 0.1937
vn 0.3700 -0.2549 0.8934
vn 0.3329 -0.4931 0.8038
vn 0.2736 -0.6991 0.6606
vn 0.1959 -0.8590 0.4730
vn 0.1048 -0.9618 0.2531
vn -0.0000 -0.0029 1.0000
vn -0.0000 -0.2549 0.9670
vn -0.0000 -0.4931 0.8700
vn -0.0000 -0.6991 0.7151
vn -0.0000 -0.8590 0.5120
vn -0.0000 -0.9618 0.2739
vn -0.3827 -0.0029 0.9239
vn -0.3700 -0.2549 0.8934
vn -0.3329 -0.4931 0.8037
vn -0.2736 -0.6991 0.6606
vn -0.1959 -0.8590 0.4730
vn -0.1048 -0.9618 0.2531
vn -0.7071 -0.0029 0.7071
vn -0.6838 -0.2549 0.6838
vn -0.6152 -0.4931 0.6152
vn -0.5056 -0.6991 0.5056
vn -0.3621 -0.8590 0.3621
vn -0.1937 -0.9618 0.1937
vn -0.8934 -0.2549 0.3700
vn -0.8038 -0.4931 0.3329
vn -0.6606 -0.6991 0.2736
vn -0.4730 -0.8590 0.1959
vn -0.2530 -0.9618 0.1048
vn -0.9670 -0.2549 -0.0000
vn -0.8700 -0.4931 -0.0000
vn -0.7151 -0.6991 -0.0000
vn -0.5120 -0.8590 -0.0000
vn -0.2739 -0.9618 -0.0000
vn -0.8934 -0.2549 -0.3700
vn -0.8037 -0.4931 -0.3329
vn -0.6606 -0.6991 -0.2736
vn -0.4730 -0.8590 -0.1959
vn -0.2531 -0.9618 -0.1048
vn -0.6838 -0.2549 -0.6838
vn -0.6152 -0.4931 -0.6152
vn -0.5056 -0.6991 -0.5056
vn -0.3621 -0.8590 -0.3621
vn -0.1937 -0.9618 -0.1937
vn -0.3700 -0.2549 -0.8934
vn -0.3329 -0.4931 -0.8038
vn -0.2736 -0.6991 -0.6606
vn -0.1959 -0.8590 -0.4730
vn -0.1048 -0.9618 -0.2531
vn -0.0000 -0.6991 -0.7151
vn -0.0000 0.4549 -0.8905
vn 0.3408 0.4549 -0.8227
vn 0.6297 0.4549 -0.6297
vn 0.8227 0.4549 -0.3408
vn 0.8905 0.4549 -0.0000
vn 0.8227 0.4549 0.3408
vn 0.6297 0.4549 0.6297
vn 0.3408 0.4549 0.8227
vn -0.0000 0.4549 0.8905
vn -0.3408 0.4549 0.8227
vn -0.6297 0.4549 0.6297
vn -0.8227 0.4549 0.3408
vn -0.8905 0.4549 -0.0000
vn -0.8227 0.4549 -0.3408
vn -0.6297 0.4549 -0.6297
vn -0.3408 0.4549 -0.8227
vn -0.0000 0.4095 -0.9123
vn 0.3491 0.4095 -0.8429
vn 0.6451 0.4095 -0.6451
vn 0.8429 0.4095 -0.3491
vn 0.9123 0.4095 -0.0000
vn 0.8429 0.4095 0.3491
vn 0.6451 0.4095 0.6451
vn 0.3491 0.4095 0.8429
vn -0.0000 0.4095 0.9123
vn -0.3491 0.4095 0.8429
vn -0.6451 0.4095 0.6451
vn -0.8429 0.4095 0.3491
vn -0.9123 0.4095 -0.0000
vn -0.8429 0.4095 -0.3491
vn -0.6451 0.4095 -0.6451
vn -0.3491 0.4095 -0.8429
vn -0.0000 -0.6657 -0.7462
vn -0.0000 0.9405 -0.3398
vn 0.2856 -0.6657 -0.6894
vn 0.1300 0.9405 -0.3139
vn 0.5276 -0.6657 -0.5276
vn 0.2403 0.9405 -0.2403
vn 0.6894 -0.6657 -0.2856
vn 0.3139 0.9405 -0.1300
vn 0.7462 -0.6657 -0.0000
vn 0.3398 0.9405 -0.0000
vn 0.6894 -0.6657 0.2856
vn 0.3139 0.9405 0.1300
vn 0.5276 -0.6657 0.5276
vn 0.2403 0.9405 0.2403
vn 0.2856 -0.6657 0.6894
vn 0.1300 0.9405 0.3139
vn -0.0000 -0.6657 0.7462
vn -0.0000 0.9405 0.3398
vn -0.2856 -0.6657 0.6894
vn -0.1300 0.9405 0.3139
vn -0.5276 -0.6657 0.5276
vn -0.2403 0.9405 0.2403
vn -0.6894 -0.6657 0.2856
vn -0.3139 0.9405 0.1300
vn -0.7462 -0.6657 -0.0000
vn -0.3398 0.9405 -0.0000
vn -0.6894 -0.6657 -0.2856
vn -0.3139 0.9405 -0.1300
vn -0.5276 -0.6657 -0.5276
vn -0.2403 0.9405 -0.2403
vn -0.2856 -0.6657 -0.6894
vn -0.1300 0.9405 -0.3139
vn -0.0000 0.2277 -0.9737
vn 0.3726 0.2277 -0.8996
vn 0.6885 0.2277 -0.6885
vn 0.8996 0.2277 -0.3726
vn 0.9737 0.2277 -0.0000
vn 0.8996 0.2277 0.3726
vn 0.6885 0.2277 0.6885
vn 0.3726 0.2277 0.8996
vn -0.0000 0.2277 0.9737
vn -0.3726 0.2277 0.8996
vn -0.6885 0.2277 0.6885
vn -0.8996 0.2277 0.3726
vn -0.9737 0.2277 -0.0000
vn -0.8996 0.2277 -0.3726
vn -0.6885 0.2277 -0.6885
vn -0.3726 0.2277 -0.8996
vn 0.2946 0.6382 -0.7113
vn -0.0000 0.6382 -0.7699
vn 0.5444 0.6382 -0.5444
vn 0.7113 0.6382 -0.2946
vn 0.7699 0.6382 -0.0000
vn 0.7113 0.6382 0.2946
vn 0.5444 0.6382 0.5444
vn 0.2946 0.6382 0.7113
vn -0.0000 0.6382 0.7699
vn -0.2946 0.6382 0.7113
vn -0.5444 0.6382 0.5444
vn -0.7113 0.6382 0.2946
vn -0.7699 0.6382 -0.0000
vn -0.7113 0.6382 -0.2946
vn -0.5444 0.6382 -0.5444
vn -0.2946 0.6382 -0.7113
vn 0.3827 -0.0000 -0.9239
vn 0.7071 -0.0000 -0.7071
vn 0.9239 -0.0000 -0.3827
vn 1.0000 -0.0000 -0.0000
vn 0.9239 -0.0000 0.3827
vn 0.7071 -0.0000 0.7071
vn 0.3827 -0.0000 0.9239
vn -0.0000 -0.0000 1.0000
vn -0.3827 -0.0000 0.9239
vn -0.7071 -0.0000 0.7071
vn -0.9239 -0.0000 0.3827
vn -1.0000 -0.0000 -0.0000
vn -0.9239 -0.0000 -0.3827
vn -0.7071 -0.0000 -0.7071
vn -0.3827 -0.0000 -0.9239
vn -0.0000 -0.0000 -1.0000
vn 0.8222 -0.0000 0.5692
vn 0.0288 -0.0000 0.9996
vn -0.8099 -0.0000 0.5866
vn -0.8099 -0.0000 -0.5866
vn 0.0288 -0.0000 -0.9996
vn 0.8222 -0.0000 -0.5692
vn 0.9857 0.1686 -0.0000
vn 0.8065 0.1363 0.5752
vn 0.0316 -0.0021 0.9995
vn -0.7946 -0.1313 0.5928
vn -0.9868 -0.1619 -0.0000
vn -0.7946 -0.1313 -0.5928
vn 0.0316 -0.0021 -0.9995
vn 0.8065 0.1363 -0.5752
vn 0.9380 0.3466 -0.0000
vn 0.7569 0.2755 0.5926
vn 0.0385 -0.0002 0.9993
vn -0.7452 -0.2660 0.6114
vn -0.9428 -0.3334 -0.0000
vn -0.7452 -0.2660 -0.6114
vn 0.0385 -0.0002 -0.9993
vn 0.7569 0.2755 -0.5926
vn 0.8411 0.5408 -0.0000
vn 0.6648 0.4188 0.6186
vn 0.0452 0.0082 0.9989
vn -0.6513 -0.4044 0.6421
vn -0.8526 -0.5226 -0.0000
vn -0.6513 -0.4044 -0.6421
vn 0.0452 0.0082 -0.9989
vn 0.6648 0.4188 -0.6186
vn 0.6656 0.7463 -0.0000
vn 0.5145 0.5614 0.6481
vn 0.0453 0.0237 0.9987
vn -0.4971 -0.5374 0.6812
vn -0.6852 -0.7283 -0.0000
vn -0.4971 -0.5374 -0.6812
vn 0.0453 0.0237 -0.9987
vn 0.5145 0.5614 -0.6481
vn 0.3800 0.9250 -0.0000
vn 0.2895 0.6809 0.6727
vn 0.0306 0.0420 0.9986
vn -0.2735 -0.6403 0.7178
vn -0.3996 -0.9167 -0.0000
vn -0.2735 -0.6403 -0.7178
vn 0.0306 0.0420 -0.9986
vn 0.2895 0.6809 -0.6727
vn -0.0000 1.0000 -0.0000
vn -0.0000 0.7308 0.6826
vn -0.0000 0.0509 0.9987
vn -0.0000 -0.6798 0.7334
vn -0.0000 -0.6798 -0.7334
vn -0.0000 0.0509 -0.9987
vn -0.0000 0.7308 -0.6826
vn -0.3800 0.9250 -0.0000
vn -0.2895 0.6809 0.6727
vn -0.0306 0.0420 0.9986
vn 0.2735 -0.6403 0.7178
vn 0.3996 -0.9167 -0.0000
vn 0.2735 -0.6403 -0.7178
vn -0.0306 0.0420 -0.9986
vn -0.2895 0.6809 -0.6727
vn -0.6656 0.7463 -0.0000
vn -0.5145 0.5614 0.6481
vn -0.0453 0.0237 0.9987
vn 0.4971 -0.5374 0.6812
vn 0.6852 -0.7283 -0.0000
vn 0.4971 -0.5374 -0.6812
vn -0.0453 0.0237 -0.9987
vn -0.5145 0.5614 -0.6481
vn -0.8411 0.5408 -0.0000
vn -0.6648 0.4188 0.6186
vn -0.0452 0.0082 0.9989
vn 0.6513 -0.4044 0.6421
vn 0.8526 -0.5226 -0.0000
vn 0.6513 -0.4044 -0.6421
vn -0.0452 0.0082 -0.9989
vn -0.6648 0.4188 -0.6186
vn -0.9380 0.3466 -0.0000
vn -0.7569 0.2755 0.5926
vn -0.0385 -0.0002 0.9993
vn 0.7452 -0.2660 0.6114
vn 0.9428 -0.3335 -0.0000
vn 0.7452 -0.2660 -0.6114
vn -0.0385 -0.0002 -0.9993
vn -0.7569 0.2755 -0.5926
vn -0.9857 0.1686 -0.0000
vn -0.8065 0.1363 0.5752
vn -0.0316 -0.0021 0.9995
vn 0.7946 -0.1313 0.5928
vn 0.9868 -0.1619 -0.0000
vn 0.7946 -0.1313 -0.5928
vn -0.0316 -0.0021 -0.9995
vn -0.8065 0.1363 -0.5752
vn -0.8222 -0.0000 0.5692
vn -0.0287 -0.0000 0.9996
vn 0.8099 -0.0000 0.5866
vn 0.8099 -0.0000 -0.5866
vn -0.0287 -0.0000 -0.9996
vn -0.8222 -0.0000 -0.5692
vn -0.9857 -0.1686 -0.0000
vn -0.8065 -0.1363 0.5752
vn -0.0316 0.0021 0.9995
vn 0.7946 0.1313 0.5928
vn 0.9868 0.1619 -0.0000
vn 0.7946 0.1313 -0.5928
vn -0.0316 0.0021 -0.9995
vn -0.8065 -0.1363 -0.5752
vn -0.9380 -0.3466 -0.0000
vn -0.7569 -0.2755 0.5926
vn -0.0385 0.0002 0.9993
vn 0.7452 0.2660 0.6114
vn 0.9428 0.3335 -0.0000
vn 0.7452 0.2660 -0.6114
vn -0.0385 0.0002 -0.9993
vn -0.7569 -0.2755 -0.5926
vn -0.8411 -0.5408 -0.0000
vn -0.6648 -0.4188 0.6186
vn -0.0452 -0.0082 0.9989
vn 0.6513 0.4044 0.6421
vn 0.8526 0.5226 -0.0000
vn 0.6513 0.4044 -0.6421
vn -0.0452 -0.0082 -0.9989
vn -0.6648 -0.4188 -0.6186
vn -0.6656 -0.7463 -0.0000
vn -0.5145 -0.5614 0.6481
vn -0.0453 -0.0237 0.9987
vn 0.4971 0.5374 0.6812
vn 0.6852 0.7283 -0.0000
vn 0.4971 0.5374 -0.6812
vn -0.0453 -0.0237 -0.9987
vn -0.5145 -0.5614 -0.6481
vn -0.3800 -0.9250 -0.0000
vn -0.2895 -0.6809 0.6727
vn -0.0306 -0.0420 0.9986
vn 0.2735 0.6403 0.7178
vn 0.3996 0.9167 -0.0000
vn 0.2735 0.6403 -0.7178
vn -0.0306 -0.0420 -0.9986
vn -0.2895 -0.6809 -0.6727
vn -0.0000 -0.7308 0.6826
vn -0.0000 -0.0509 0.9987
vn -0.0000 0.6798 0.7334
vn -0.0000 0.6798 -0.7334
vn -0.0000 -0.0509 -0.9987
vn -0.0000 -0.7308 -0.6826
vn 0.3800 -0.9250 -0.0000
vn 0.2895 -0.6809 0.6727
vn 0.0306 -0.0420 0.9986
vn -0.2735 0.6403 0.7178
vn -0.3996 0.9167 -0.0000
vn -0.2735 0.6403 -0.7178
vn 0.0306 -0.0420 -0.9986
vn 0.2895 -0.6809 -0.6727
vn 0.6656 -0.7463 -0.0000
vn 0.5145 -0.5614 0.6481
vn 0.0453 -0.0237 0.9987
vn -0.4971 0.5374 0.6812
vn -0.6852 0.7283 -0.0000
vn -0.4971 0.5374 -0.6812
vn 0.0453 -0.0237 -0.9987
vn 0.5145 -0.5614 -0.6481
vn 0.8411 -0.5408 -0.0000
vn 0.6648 -0.4188 0.6186
vn 0.0452 -0.0082 0.9989
vn -0.6513 0.4044 0.6421
vn -0.8526 0.5226 -0.0000
vn -0.6513 0.4044 -0.6421
vn 0.0452 -0.0082 -0.9989
vn 0.6648 -0.4188 -0.6186
vn 0.9380 -0.3466 -0.0000
vn 0.7569 -0.2755 0.5926
vn 0.0385 0.0002 0.9993
vn -0.7452 0.2660 0.6114
vn -0.9428 0.3334 -0.0000
vn -0.7452 0.2660 -0.6114
vn 0.0385 0.0002 -0.9993
vn 0.7569 -0.2755 -0.5926
vn 0.9857 -0.1686 -0.0000
vn 0.8065 -0.1363 0.5752
vn 0.0316 0.0021 0.9995
vn -0.7946 0.1313 0.5928
vn -0.9868 0.1619 -0.0000
vn -0.7946 0.1313 -0.5928
vn 0.0316 0.0021 -0.9995
vn 0.8065 -0.1363 -0.5752
vn 0.5692 -0.0000 -0.8222
vn 0.9996 -0.0000 -0.0287
vn 0.5866 -0.0000 0.8099
vn -0.5866 -0.0000 0.8099
vn -0.9996 -0.0000 -0.0287
vn -0.5692 -0.0000 -0.8222
vn -0.0000 0.1686 -0.9857
vn 0.5752 0.1363 -0.8065
vn 0.9995 -0.0021 -0.0316
vn 0.5928 -0.1313 0.7946
vn -0.0000 -0.1619 0.9868
vn -0.5928 -0.1313 0.7946
vn -0.9995 -0.0021 -0.0316
vn -0.5752 0.1363 -0.8065
vn -0.0000 0.3466 -0.9380
vn 0.5926 0.2755 -0.7569
vn 0.9993 -0.0002 -0.0385
vn 0.6114 -0.2660 0.7452
vn -0.0000 -0.3334 0.9428
vn -0.6114 -0.2660 0.7452
vn -0.9993 -0.0002 -0.0385
vn -0.5926 0.2755 -0.7569
vn -0.0000 0.5408 -0.8411
vn 0.6186 0.4188 -0.6648
vn 0.9989 0.0082 -0.0452
vn 0.6421 -0.4044 0.6513
vn -0.0000 -0.5226 0.8526
vn -0.6421 -0.4044 0.6513
vn -0.9989 0.0082 -0.0452
vn -0.6186 0.4188 -0.6648
vn -0.0000 0.7463 -0.6656
vn 0.6481 0.5614 -0.5145
vn 0.9987 0.0237 -0.0453
vn 0.6812 -0.5374 0.4971
vn -0.0000 -0.7283 0.6852
vn -0.6812 -0.5374 0.4971
vn -0.9987 0.0237 -0.0453
vn -0.6481 0.5614 -0.5145
vn -0.0000 0.9250 -0.3800
vn 0.6727 0.6809 -0.2895
vn 0.9987 0.0420 -0.0306
vn 0.7178 -0.6403 0.2735
vn -0.0000 -0.9167 0.3996
vn -0.7178 -0.6403 0.2735
vn -0.9987 0.0420 -0.0306
vn -0.6727 0.6809 -0.2895
vn 0.6826 0.7308 -0.0000
vn 0.9987 0.0509 -0.0000
vn 0.7334 -0.6798 -0.0000
vn -0.7334 -0.6798 -0.0000
vn -0.9987 0.0509 -0.0000
vn -0.6826 0.7308 -0.0000
vn -0.0000 0.9250 0.3800
vn 0.6727 0.6809 0.2895
vn 0.9987 0.0420 0.0306
vn 0.7178 -0.6403 -0.2735
vn -0.0000 -0.9167 -0.3996
vn -0.7178 -0.6403 -0.2735
vn -0.9987 0.0420 0.0306
vn -0.6727 0.6809 0.2895
vn -0.0000 0.7463 0.6656
vn 0.6481 0.5614 0.5145
vn 0.9987 0.0237 0.0453
vn 0.6812 -0.5374 -0.4971
vn -0.0000 -0.7283 -0.6852
vn -0.6812 -0.5374 -0.4971
vn -0.9987 0.0237 0.0453
vn -0.6481 0.5614 0.5145
vn -0.0000 0.5408 0.8411
vn 0.6186 0.4188 0.6648
vn 0.9989 0.0082 0.0452
vn 0.6421 -0.4044 -0.6513
vn -0.0000 -0.5226 -0.8526
vn -0.6421 -0.4044 -0.6513
vn -0.9989 0.0082 0.0452
vn -0.6186 0.4188 0.6648
vn -0.0000 0.3466 0.9380
vn 0.5926 0.2755 0.7569
vn 0.9993 -0.0002 0.0385
vn 0.6114 -0.2660 -0.7452
vn -0.0000 -0.3334 -0.9428
vn -0.6114 -0.2660 -0.7452
vn -0.9993 -0.0002 0.0385
vn -0.5926 0.2755 0.7569
vn -0.0000 0.1686 0.9857
vn 0.5752 0.1363 0.8065
vn 0.9995 -0.0021 0.0316
vn 0.5928 -0.1313 -0.7946
vn -0.0000 -0.1619 -0.9868
vn -0.5928 -0.1313 -0.7946
vn -0.9995 -0.0021 0.0316
vn -0.5752 0.1363 0.8065
vn 0.5692 -0.0000 0.8222
vn 0.9996 -0.0000 0.0287
vn 0.5866 -0.0000 -0.8099
vn -0.5866 -0.0000 -0.8099
vn -0.9996 -0.0000 0.0287
vn -0.5692 -0.0000 0.8222
vn -0.0000 -0.1686 0.9857
vn 0.5752 -0.1363 0.8065
vn 0.9995 0.0021 0.0316
vn 0.5928 0.1313 -0.7946
vn -0.0000 0.1619 -0.9868
vn -0.5928 0.1313 -0.7946
vn -0.9995 0.0021 0.0316
vn -0.5752 -0.1363 0.8065
vn -0.0000 -0.3466 0.9380
vn 0.5926 -0.2755 0.7569
vn 0.9993 0.0002 0.0385
vn 0.6114 0.2660 -0.7452
vn -0.0000 0.3334 -0.9428
vn -0.6114 0.2660 -0.7452
vn -0.9993 0.0002 0.0385
vn -0.5926 -0.2755 0.7569
vn -0.0000 -0.5408 0.8411
vn 0.6186 -0.4188 0.6648
vn 0.9989 -0.0082 0.0452
vn 0.6421 0.4044 -0.6513
vn -0.0000 0.5226 -0.8526
vn -0.6421 0.4044 -0.6513
vn -0.9989 -0.0082 0.0452
vn -0.6186 -0.4188 0.6648
vn -0.0000 -0.7463 0.6656
vn 0.6481 -0.5614 0.5145
vn 0.9987 -0.0237 0.0453
vn 0.6812 0.5374 -0.4971
vn -0.0000 0.7283 -0.6852
vn -0.6812 0.5374 -0.4971
vn -0.9987 -0.0237 0.0453
vn -0.6481 -0.5614 0.5145
vn -0.0000 -0.9250 0.3800
vn 0.6727 -0.6809 0.2895
vn 0.9986 -0.0420 0.0306
vn 0.7178 0.6403 -0.2735
vn -0.0000 0.9167 -0.3996
vn -0.7178 0.6403 -0.2735
vn -0.9987 -0.0420 0.0306
vn -0.6727 -0.6809 0.2895
vn 0.6826 -0.7308 -0.0000
vn 0.9987 -0.0509 -0.0000
vn 0.7334 0.6798 -0.0000
vn -0.7334 0.6798 -0.0000
vn -0.9987 -0.0509 -0.0000
vn -0.6826 -0.7308 -0.0000
vn -0.0000 -0.9250 -0.3800
vn 0.6727 -0.6809 -0.2895
vn 0.9987 -0.0420 -0.0306
vn 0.7178 0.6403 0.2735
vn -0.0000 0.9167 0.3996
vn -0.7178 0.6403 0.2735
vn -0.9987 -0.0420 -0.0306
vn -0.6727 -0.6809 -0.2895
vn -0.0000 -0.7463 -0.6656
vn 0.6481 -0.5614 -0.5145
vn 0.9987 -0.0237 -0.0453
vn 0.6812 0.5374 0.4971
vn -0.0000 0.7283 0.6852
vn -0.6812 0.5374 0.4971
vn -0.9987 -0.0237 -0.0453
vn -0.6481 -0.5614 -0.5145
vn -0.0000 -0.5408 -0.8411
vn 0.6186 -0.4188 -0.6648
vn 0.9989 -0.0082 -0.0452
vn 0.6421 0.4044 0.6513
vn -0.0000 0.5226 0.8526
vn -0.6421 0.4044 0.6513
vn -0.9989 -0.0082 -0.0452
vn -0.6186 -0.4188 -0.6648
vn -0.0000 -0.3466 -0.9380
vn 0.5926 -0.2755 -0.7569
vn 0.9993 0.0002 -0.0385
vn 0.6114 0.2660 0.7452
vn -0.0000 0.3334 0.9428
vn -0.6114 0.2660 0.7452
vn -0.9993 0.0002 -0.0385
vn -0.5926 -0.2755 -0.7569
vn -0.0000 -0.1686 -0.9857
vn 0.5752 -0.1363 -0.8065
vn 0.9995 0.0021 -0.0316
vn 0.5928 0.1313 0.7946
vn -0.0000 0.1619 0.9868
vn -0.5928 0.1313 0.7946
vn -0.9995 0.0021 -0.0316
vn -0.5752 -0.1363 -0.8065
vn 0.9428 -0.3334 -0.0000
vn 0.9428 0.3334 -0.0000
vn 0.9987 -0.0420 0.0306
vn 0.8066 0.1363 0.5752
vn -0.5146 0.5614 0.6481
vn -0.5146 0.5614 -0.6481
vn 0.8066 -0.1363 0.5752
vn -0.9986 -0.0420 0.0306
vn 0.9986 -0.0420 -0.0306
vn -0.9986 -0.0420 -0.0306
vn 0.8066 0.1363 -0.5752
vn 0.8066 -0.1363 -0.5752
vn 0.9986 0.0420 0.0306
vn 0.9986 0.0420 -0.0306
vn 0.6481 0.5614 -0.5146
vn -0.6481 0.5614 -0.5146
vn 0.6481 0.5614 0.5146
vn -0.6481 0.5614 0.5146
vn -0.5146 -0.5614 0.6481
vn -0.5146 -0.5614 -0.6481
vn 0.6727 0.6809 0.2894
vn -0.6727 0.6809 0.2894
vn 0.9987 -0.0510 -0.0000
vn -0.9987 -0.0510 -0.0000
vn 0.0306 0.0420 0.9987
vn -0.2735 -0.6403 0.7177
vn 0.0306 0.0420 -0.9987
vn -0.0306 0.0420 0.9987
vn 0.2735 -0.6403 0.7177
vn -0.0306 0.0420 -0.9987
vn -0.9986 0.0420 -0.0306
vn -0.9986 0.0420 0.0306
vn 0.7334 0.6797 -0.0000
vn -0.7334 0.6797 -0.0000
vn -0.3995 -0.9167 -0.0000
vn 0.3995 -0.9167 -0.0000
vn 0.7453 0.2660 0.6114
vn -0.0000 -0.0510 0.9987
vn -0.0000 -0.0510 -0.9987
vn -0.0000 -0.9167 0.3995
vn -0.0000 -0.9167 -0.3995
vn 0.6728 -0.6809 0.2894
vn -0.6728 -0.6809 0.2894
vn 0.6728 -0.6809 -0.2894
vn -0.6728 -0.6809 -0.2894
vn -0.2735 -0.6403 -0.7177
vn 0.2735 -0.6403 -0.7177
vn 0.7453 0.2660 -0.6114
vn 0.6727 0.6809 -0.2894
vn -0.6727 0.6809 -0.2894
vn -0.7177 0.6403 0.2735
vn -0.0000 0.0510 0.9987
vn -0.0000 0.0510 -0.9987
vn 0.3995 0.9167 -0.0000
vn -0.3995 0.9167 -0.0000
vn -0.0000 0.3335 -0.9428
vn 0.6727 -0.6809 -0.2894
vn -0.6727 -0.6809 -0.2894
vn -0.4972 -0.5374 -0.6812
vn 0.7453 -0.2660 -0.6114
vn -0.0306 -0.0420 0.9987
vn 0.2735 0.6403 0.7177
vn 0.2735 0.6403 -0.7177
vn -0.0306 -0.0420 -0.9987
vn 0.0306 -0.0420 0.9987
vn -0.2735 0.6403 0.7177
vn -0.2735 0.6403 -0.7177
vn 0.0306 -0.0420 -0.9987
vn -0.4972 0.5374 -0.6812
vn 0.7177 0.6403 -0.2735
vn -0.9987 -0.0419 -0.0306
vn 0.9991 0.0425 -0.0000
vn 0.8085 0.0345 0.5875
vn 0.0146 0.0013 0.9999
vn -0.8016 -0.0345 0.5969
vn -0.9991 -0.0431 -0.0000
vn -0.8016 -0.0345 -0.5969
vn 0.0146 0.0013 -0.9999
vn 0.8085 0.0345 -0.5875
vn 0.9842 0.1769 -0.0000
vn 0.7959 0.1413 0.5887
vn 0.0316 -0.0011 0.9995
vn -0.7823 -0.1363 0.6078
vn -0.9854 -0.1704 -0.0000
vn -0.7823 -0.1363 -0.6078
vn 0.0316 -0.0011 -0.9995
vn 0.7959 0.1413 -0.5887
vn 0.9323 0.3618 -0.0000
vn 0.7442 0.2844 0.6044
vn 0.0375 0.0015 0.9993
vn -0.7306 -0.2749 0.6250
vn -0.9370 -0.3492 -0.0000
vn -0.7306 -0.2749 -0.6250
vn 0.0375 0.0015 -0.9993
vn 0.7442 0.2844 -0.6044
vn 0.8290 0.5593 -0.0000
vn 0.6492 0.4295 0.6277
vn 0.0427 0.0100 0.9990
vn -0.6339 -0.4145 0.6529
vn -0.8401 -0.5425 -0.0000
vn -0.6339 -0.4145 -0.6529
vn 0.0427 0.0100 -0.9990
vn 0.6492 0.4295 -0.6277
vn 0.6481 0.7615 -0.0000
vn 0.4975 0.5701 0.6538
vn 0.0415 0.0245 0.9988
vn -0.4795 -0.5453 0.6876
vn -0.6662 -0.7458 -0.0000
vn -0.4795 -0.5453 -0.6876
vn 0.0415 0.0245 -0.9988
vn 0.4975 0.5701 -0.6538
vn 0.3656 0.9308 -0.0000
vn 0.2768 0.6837 0.6752
vn 0.0273 0.0408 0.9988
vn -0.2617 -0.6439 0.7189
vn -0.3825 -0.9239 -0.0000
vn -0.2617 -0.6439 -0.7189
vn 0.0273 0.0408 -0.9988
vn 0.2768 0.6837 -0.6752
vn -0.0000 0.7298 0.6837
vn -0.0000 0.0485 0.9988
vn -0.0000 -0.6812 0.7321
vn -0.0000 -0.6812 -0.7321
vn -0.0000 0.0485 -0.9988
vn -0.0000 0.7298 -0.6837
vn -0.3656 0.9308 -0.0000
vn -0.2768 0.6837 0.6752
vn -0.0273 0.0408 0.9988
vn 0.2617 -0.6439 0.7189
vn 0.3825 -0.9239 -0.0000
vn 0.2617 -0.6439 -0.7189
vn -0.0273 0.0408 -0.9988
vn -0.2768 0.6837 -0.6752
vn -0.6481 0.7615 -0.0000
vn -0.4975 0.5701 0.6538
vn -0.0415 0.0245 0.9988
vn 0.4795 -0.5453 0.6876
vn 0.6662 -0.7458 -0.0000
vn 0.4795 -0.5453 -0.6876
vn -0.0415 0.0245 -0.9988
vn -0.4975 0.5701 -0.6538
vn -0.8290 0.5593 -0.0000
vn -0.6492 0.4295 0.6277
vn -0.0427 0.0100 0.9990
vn 0.6339 -0.4145 0.6529
vn 0.8401 -0.5425 -0.0000
vn 0.6339 -0.4145 -0.6529
vn -0.0427 0.0100 -0.9990
vn -0.6492 0.4295 -0.6277
vn -0.9323 0.3618 -0.0000
vn -0.7442 0.2844 0.6044
vn -0.0375 0.0015 0.9993
vn 0.7306 -0.2749 0.6250
vn 0.9370 -0.3492 -0.0000
vn 0.7306 -0.2749 -0.6250
vn -0.0375 0.0015 -0.9993
vn -0.7442 0.2844 -0.6044
vn -0.9842 0.1769 -0.0000
vn -0.7959 0.1413 0.5887
vn -0.0316 -0.0011 0.9995
vn 0.7823 -0.1363 0.6078
vn 0.9854 -0.1704 -0.0000
vn 0.7823 -0.1363 -0.6078
vn -0.0316 -0.0011 -0.9995
vn -0.7959 0.1413 -0.5887
vn -0.9991 0.0425 -0.0000
vn -0.8085 0.0345 0.5875
vn -0.0146 0.0013 0.9999
vn 0.8016 -0.0345 0.5969
vn 0.9991 -0.0431 -0.0000
vn 0.8016 -0.0345 -0.5969
vn -0.0146 0.0013 -0.9999
vn -0.8085 0.0345 -0.5875
vn -0.8056 -0.0000 -0.5924
vn 0.8056 -0.0000 -0.5924
vn 0.8056 -0.0000 0.5924
vn -0.8056 -0.0000 0.5924
vt 0.128283 0.495575
vt 0.163035 0.602391
vt 0.137166 0.612438
vt 0.091209 0.511310
vt 0.898363 0.517806
vt 0.849232 0.616161
vt 0.823820 0.605099
vt 0.862292 0.501054
vt 0.797656 0.597013
vt 0.823720 0.490023
vt 0.770802 0.591996
vt 0.784817 0.482341
vt 0.743619 0.590020
vt 0.745432 0.480306
vt 0.716306 0.591083
vt 0.705873 0.480729
vt 0.689263 0.595240
vt 0.666596 0.486779
vt 0.662794 0.602435
vt 0.628045 0.497170
vt 0.637238 0.612528
vt 0.591167 0.512579
vt 0.401620 0.516942
vt 0.351799 0.616495
vt 0.326272 0.605469
vt 0.364686 0.500092
vt 0.299665 0.597375
vt 0.326065 0.488059
vt 0.272419 0.592310
vt 0.286472 0.481886
vt 0.244845 0.590259
vt 0.246876 0.478607
vt 0.217222 0.591252
vt 0.207210 0.480883
vt 0.189855 0.595283
vt 0.167533 0.485779
vt 0.141653 0.227414
vt 0.138674 0.293447
vt 0.074053 0.295157
vt 0.079566 0.218099
vt 0.196974 0.232844
vt 0.195545 0.293252
vt 0.249205 0.234998
vt 0.249177 0.293453
vt 0.301218 0.234086
vt 0.302759 0.294516
vt 0.356309 0.229875
vt 0.358996 0.295138
vt 0.419947 0.221524
vt 0.422488 0.298079
vt 0.496918 0.207292
vt 0.499210 0.304466
vt 0.580279 0.219078
vt 0.575158 0.296322
vt 0.499210 0.303175
vt 0.499210 0.203846
vt 0.642532 0.228606
vt 0.639310 0.294741
vt 0.697963 0.234556
vt 0.695914 0.294910
vt 0.750368 0.237358
vt 0.749320 0.295538
vt 0.802742 0.236614
vt 0.803033 0.297323
vt 0.858725 0.233394
vt 0.858754 0.298881
vt 0.921646 0.226136
vt 0.922330 0.303173
vt 0.998645 0.214370
vt 1.000000 0.312298
vt 0.000000 0.300844
vt 0.000000 0.203142
vt 0.164292 0.055478
vt 0.131590 0.091119
vt 0.091399 0.052972
vt 0.141296 0.021393
vt 0.089385 0.173187
vt 0.019282 0.146357
vt 0.204329 0.024806
vt 0.196456 0.005422
vt 0.107591 0.131023
vt 0.048554 0.094245
vt 0.251558 0.000000
vt 0.811397 0.007347
vt 0.866263 0.026249
vt 0.842053 0.059494
vt 0.802654 0.026545
vt 0.956031 0.104913
vt 0.984915 0.156905
vt 0.911866 0.181442
vt 0.896801 0.137906
vt 0.755769 0.000000
vt 0.917220 0.058527
vt 0.873206 0.097028
vt 0.831401 0.119115
vt 0.813941 0.079908
vt 0.853313 0.194596
vt 0.788918 0.040520
vt 0.844463 0.156676
vt 0.772344 0.048430
vt 0.797187 0.166229
vt 0.791888 0.130029
vt 0.783864 0.091509
vt 0.800559 0.201377
vt 0.753721 0.094350
vt 0.754684 0.051054
vt 0.751409 0.202907
vt 0.751841 0.168587
vt 0.752847 0.133085
vt 0.714008 0.128273
vt 0.723734 0.089999
vt 0.701935 0.199333
vt 0.737164 0.047659
vt 0.706698 0.164250
vt 0.720971 0.039056
vt 0.659721 0.152611
vt 0.674555 0.115092
vt 0.694231 0.077372
vt 0.649703 0.190260
vt 0.667156 0.055476
vt 0.707886 0.024521
vt 0.590335 0.173782
vt 0.609257 0.131434
vt 0.633991 0.090987
vt 0.593142 0.050595
vt 0.644826 0.021408
vt 0.518907 0.146167
vt 0.700013 0.005057
vt 0.548808 0.092951
vt 0.306402 0.006843
vt 0.298072 0.025872
vt 0.410787 0.055065
vt 0.452834 0.098441
vt 0.392481 0.134273
vt 0.369096 0.093584
vt 0.360484 0.024246
vt 0.337451 0.057095
vt 0.479924 0.151557
vt 0.409801 0.176619
vt 0.351142 0.191374
vt 0.309739 0.078078
vt 0.284612 0.039589
vt 0.341449 0.153730
vt 0.327804 0.116534
vt 0.288727 0.128048
vt 0.280279 0.089878
vt 0.298406 0.199077
vt 0.268367 0.047593
vt 0.294525 0.164129
vt 0.249335 0.200816
vt 0.249554 0.166636
vt 0.250945 0.050387
vt 0.250009 0.131444
vt 0.250454 0.093481
vt 0.200401 0.197650
vt 0.220703 0.089122
vt 0.233587 0.047195
vt 0.204754 0.162919
vt 0.211587 0.127297
vt 0.158295 0.152040
vt 0.172117 0.114447
vt 0.191479 0.077009
vt 0.148566 0.189295
vt 0.217511 0.038832
vt 0.144133 0.366757
vt 0.087771 0.376636
vt 0.197156 0.362287
vt 0.248284 0.361785
vt 0.299297 0.363207
vt 0.352450 0.369531
vt 0.408263 0.380025
vt 0.471094 0.400692
vt 0.588127 0.377458
vt 0.527519 0.396154
vt 0.644319 0.367888
vt 0.696884 0.363969
vt 0.747824 0.363585
vt 0.798680 0.365903
vt 0.851185 0.372589
vt 0.907047 0.384337
vt 0.967069 0.405590
vt 0.025809 0.395763
vt 1.000000 0.947126
vt 1.000000 1.000000
vt 0.937500 1.000000
vt 0.937500 0.947126
vt 0.875000 1.000000
vt 0.875000 0.947126
vt 0.812500 1.000000
vt 0.812500 0.947126
vt 0.750000 1.000000
vt 0.750000 0.947126
vt 0.687500 1.000000
vt 0.687500 0.947126
vt 0.625000 1.000000
vt 0.625000 0.947126
vt 0.562500 1.000000
vt 0.562500 0.947126
vt 0.500000 1.000000
vt 0.500000 0.947126
vt 0.437500 1.000000
vt 0.437500 0.947126
vt 0.375000 1.000000
vt 0.375000 0.947126
vt 0.312500 1.000000
vt 0.312500 0.947126
vt 0.250000 1.000000
vt 0.250000 0.947126
vt 0.187500 1.000000
vt 0.187500 0.947126
vt 0.125000 1.000000
vt 0.125000 0.947126
vt 0.320491 0.420181
vt 0.250000 0.434203
vt 0.179509 0.420181
vt 0.119749 0.380251
vt 0.079819 0.320491
vt 0.065797 0.250000
vt 0.079819 0.179509
vt 0.119749 0.119749
vt 0.179509 0.079819
vt 0.250000 0.065797
vt 0.320491 0.079819
vt 0.380251 0.119749
vt 0.420181 0.179509
vt 0.434203 0.250000
vt 0.420181 0.320491
vt 0.380251 0.380251
vt 0.062500 1.000000
vt 0.062500 0.947126
vt 0.000000 1.000000
vt 0.000000 0.947126
vt 0.750000 0.490000
vt 0.841844 0.471731
vt 0.919706 0.419706
vt 0.971731 0.341844
vt 0.990000 0.250000
vt 0.971731 0.158156
vt 0.919706 0.080294
vt 0.841844 0.028269
vt 0.750000 0.010000
vt 0.658156 0.028269
vt 0.580294 0.080294
vt 0.528269 0.158156
vt 0.510000 0.250000
vt 0.528269 0.341844
vt 0.580294 0.419706
vt 0.658156 0.471731
vt 0.062500 0.540399
vt 0.000000 0.540399
vt 0.125000 0.540399
vt 0.187500 0.540399
vt 0.250000 0.540399
vt 0.312500 0.540399
vt 0.375000 0.540399
vt 0.437500 0.540399
vt 0.500000 0.540399
vt 0.562500 0.540399
vt 0.625000 0.540399
vt 0.687500 0.540399
vt 0.750000 0.540399
vt 0.812500 0.540399
vt 0.875000 0.540399
vt 0.937500 0.540399
vt 1.000000 0.540399
vt 0.341844 0.471731
vt 0.250000 0.490000
vt 0.419706 0.419706
vt 0.471731 0.341844
vt 0.490000 0.250000
vt 0.471731 0.158156
vt 0.419706 0.080294
vt 0.341844 0.028269
vt 0.250000 0.010000
vt 0.158156 0.028269
vt 0.080294 0.080294
vt 0.028269 0.158156
vt 0.010000 0.250000
vt 0.028269 0.341844
vt 0.080294 0.419706
vt 0.158156 0.471731
vt 1.000000 0.500000
vt 0.937500 0.500000
vt 0.875000 0.500000
vt 0.812500 0.500000
vt 0.750000 0.500000
vt 0.687500 0.500000
vt 0.625000 0.500000
vt 0.562500 0.500000
vt 0.500000 0.500000
vt 0.437500 0.500000
vt 0.375000 0.500000
vt 0.312500 0.500000
vt 0.250000 0.500000
vt 0.187500 0.500000
vt 0.125000 0.500000
vt 0.062500 0.500000
vt 0.000000 0.500000
vt 0.541667 0.500000
vt 0.541667 0.625000
vt 0.500000 0.625000
vt 0.541667 0.750000
vt 0.500000 0.750000
vt 0.541667 0.875000
vt 0.500000 0.875000
vt 0.541667 1.000000
vt 0.500000 0.000000
vt 0.541667 0.000000
vt 0.541667 0.125000
vt 0.500000 0.125000
vt 0.541667 0.250000
vt 0.500000 0.250000
vt 0.541667 0.375000
vt 0.500000 0.375000
vt 0.583333 0.500000
vt 0.583333 0.625000
vt 0.583333 0.750000
vt 0.583333 0.875000
vt 0.583333 1.000000
vt 0.583333 0.000000
vt 0.583333 0.125000
vt 0.583333 0.250000
vt 0.583333 0.375000
vt 0.625000 0.625000
vt 0.625000 0.750000
vt 0.625000 0.875000
vt 0.625000 0.000000
vt 0.625000 0.125000
vt 0.625000 0.250000
vt 0.625000 0.375000
vt 0.666667 0.500000
vt 0.666667 0.625000
vt 0.666667 0.750000
vt 0.666667 0.875000
vt 0.666667 1.000000
vt 0.666667 0.000000
vt 0.666667 0.125000
vt 0.666667 0.250000
vt 0.666667 0.375000
vt 0.708333 0.500000
vt 0.708333 0.625000
vt 0.708333 0.750000
vt 0.708333 0.875000
vt 0.708333 1.000000
vt 0.708333 0.000000
vt 0.708333 0.125000
vt 0.708333 0.250000
vt 0.708333 0.375000
vt 0.750000 0.625000
vt 0.750000 0.750000
vt 0.750000 0.875000
vt 0.750000 0.000000
vt 0.750000 0.125000
vt 0.750000 0.250000
vt 0.750000 0.375000
vt 0.791667 0.500000
vt 0.791667 0.625000
vt 0.791667 0.750000
vt 0.791667 0.875000
vt 0.791667 1.000000
vt 0.791667 0.000000
vt 0.791667 0.125000
vt 0.791667 0.250000
vt 0.791667 0.375000
vt 0.833333 0.500000
vt 0.833333 0.625000
vt 0.833333 0.750000
vt 0.833333 0.875000
vt 0.833333 1.000000
vt 0.833333 0.000000
vt 0.833333 0.125000
vt 0.833333 0.250000
vt 0.833333 0.375000
vt 0.875000 0.625000
vt 0.875000 0.750000
vt 0.875000 0.875000
vt 0.875000 0.000000
vt 0.875000 0.125000
vt 0.875000 0.250000
vt 0.875000 0.375000
vt 0.916667 0.500000
vt 0.916667 0.625000
vt 0.916667 0.750000
vt 0.916667 0.875000
vt 0.916667 1.000000
vt 0.916667 0.000000
vt 0.916667 0.125000
vt 0.916667 0.250000
vt 0.916667 0.375000
vt 0.958333 0.500000
vt 0.958333 0.625000
vt 0.958333 0.750000
vt 0.958333 0.875000
vt 0.958333 1.000000
vt 0.958333 0.000000
vt 0.958333 0.125000
vt 0.958333 0.250000
vt 0.958333 0.375000
vt 1.000000 0.625000
vt 1.000000 0.750000
vt 1.000000 0.875000
vt 1.000000 0.000000
vt 1.000000 0.125000
vt 1.000000 0.250000
vt 1.000000 0.375000
vt -0.000000 0.500000
vt 0.041667 0.500000
vt 0.041667 0.625000
vt -0.000000 0.625000
vt 0.041667 0.750000
vt -0.000000 0.750000
vt 0.041667 0.875000
vt -0.000000 0.875000
vt 0.041667 1.000000
vt -0.000000 1.000000
vt -0.000000 0.000000
vt 0.041667 0.000000
vt 0.041667 0.125000
vt -0.000000 0.125000
vt 0.041667 0.250000
vt -0.000000 0.250000
vt 0.041667 0.375000
vt -0.000000 0.375000
vt 0.083333 0.500000
vt 0.083333 0.625000
vt 0.083333 0.750000
vt 0.083333 0.875000
vt 0.083333 1.000000
vt 0.083333 0.000000
vt 0.083333 0.125000
vt 0.083333 0.250000
vt 0.083333 0.375000
vt 0.125000 0.625000
vt 0.125000 0.750000
vt 0.125000 0.875000
vt 0.125000 0.000000
vt 0.125000 0.125000
vt 0.125000 0.250000
vt 0.125000 0.375000
vt 0.166667 0.500000
vt 0.166667 0.625000
vt 0.166667 0.750000
vt 0.166667 0.875000
vt 0.166667 1.000000
vt 0.166667 0.000000
vt 0.166667 0.125000
vt 0.166667 0.250000
vt 0.166667 0.375000
vt 0.208333 0.500000
vt 0.208333 0.625000
vt 0.208333 0.750000
vt 0.208333 0.875000
vt 0.208333 1.000000
vt 0.208333 0.000000
vt 0.208333 0.125000
vt 0.208333 0.250000
vt 0.208333 0.375000
vt 0.250000 0.625000
vt 0.250000 0.750000
vt 0.250000 0.875000
vt 0.250000 0.000000
vt 0.250000 0.125000
vt 0.250000 0.250000
vt 0.250000 0.375000
vt 0.291667 0.500000
vt 0.291667 0.625000
vt 0.291667 0.750000
vt 0.291667 0.875000
vt 0.291667 1.000000
vt 0.291667 0.000000
vt 0.291667 0.125000
vt 0.291667 0.250000
vt 0.291667 0.375000
vt 0.333333 0.500000
vt 0.333333 0.625000
vt 0.333333 0.750000
vt 0.333333 0.875000
vt 0.333333 1.000000
vt 0.333333 0.000000
vt 0.333333 0.125000
vt 0.333333 0.250000
vt 0.333333 0.375000
vt 0.375000 0.625000
vt 0.375000 0.750000
vt 0.375000 0.875000
vt 0.375000 0.000000
vt 0.375000 0.125000
vt 0.375000 0.250000
vt 0.375000 0.375000
vt 0.416667 0.500000
vt 0.416667 0.625000
vt 0.416667 0.750000
vt 0.416667 0.875000
vt 0.416667 1.000000
vt 0.416667 0.000000
vt 0.416667 0.125000
vt 0.416667 0.250000
vt 0.416667 0.375000
vt 0.458333 0.500000
vt 0.458333 0.625000
vt 0.458333 0.750000
vt 0.458333 0.875000
vt 0.458333 1.000000
vt 0.458333 0.000000
vt 0.458333 0.125000
vt 0.458333 0.250000
vt 0.458333 0.375000
s 1
usemtl glowing_lamp
f 146/1/146 2/2/2 4/3/4 147/4/147
f 147/5/147 4/6/4 6/7/6 148/8/148
f 148/8/148 6/7/6 7/9/7 149/10/149
f 149/10/149 7/9/7 8/11/8 150/12/150
f 150/12/150 8/11/8 10/13/10 151/14/151
f 151/14/151 10/13/10 11/15/11 152/16/152
f 152/16/152 11/15/11 13/17/13 153/18/153
f 153/18/153 13/17/13 14/19/14 154/20/154
f 154/20/154 14/19/14 15/21/15 155/22/155
f 155/23/155 15/24/15 16/25/16 156/26/156
f 156/26/156 16/25/16 18/27/18 157/28/157
f 157/28/157 18/27/18 20/29/20 158/30/158
f 158/30/158 20/29/20 22/31/22 159/32/159
f 159/32/159 22/31/22 24/33/24 160/34/160
f 160/34/160 24/33/24 26/35/26 161/36/161
f 161/36/161 26/35/26 2/2/2 146/1/146
f 25/37/25 42/38/42 27/39/27 1/40/1
f 23/41/23 41/42/41 42/38/42 25/37/25
f 21/43/21 40/44/40 41/42/41 23/41/23
f 19/45/19 39/46/39 40/44/40 21/43/21
f 17/47/17 38/48/38 39/46/39 19/45/19
f 98/49/98 37/50/37 38/48/38 17/47/17
f 92/51/92 36/52/36 37/50/37 98/49/98
f 86/53/86 35/54/35 36/55/36 92/56/92
f 12/57/12 34/58/34 35/54/35 86/53/86
f 75/59/75 33/60/33 34/58/34 12/57/12
f 9/61/9 32/62/32 33/60/33 75/59/75
f 64/63/64 31/64/31 32/62/32 9/61/9
f 58/65/58 30/66/30 31/64/31 64/63/64
f 5/67/5 29/68/29 30/66/30 58/65/58
f 3/69/3 28/70/28 29/68/29 5/67/5
f 1/40/1 27/39/27 28/71/28 3/72/3
f 45/73/45 129/74/129 50/75/50 51/76/51
f 43/77/43 1/40/1 3/72/3 48/78/48
f 46/79/46 45/73/45 51/76/51 52/80/52
f 44/81/44 43/77/43 48/78/48 49/82/49
f 47/83/47 46/79/46 52/80/52
f 129/74/129 44/81/44 49/82/49 50/75/50
f 52/84/52 51/85/51 56/86/56 57/87/57
f 49/88/49 48/89/48 53/90/53 54/91/54
f 47/92/47 52/84/52 57/87/57
f 50/93/50 49/88/49 54/91/54 55/94/55
f 51/85/51 50/93/50 55/94/55 56/86/56
f 48/89/48 3/69/3 5/67/5 53/90/53
f 56/86/56 55/94/55 61/95/61 62/96/62
f 53/90/53 5/67/5 58/65/58 59/97/59
f 57/87/57 56/86/56 62/96/62 63/98/63
f 54/91/54 53/90/53 59/97/59 60/99/60
f 47/92/47 57/87/57 63/98/63
f 55/94/55 54/91/54 60/99/60 61/95/61
f 47/92/47 63/98/63 69/100/69
f 61/95/61 60/99/60 66/101/66 67/102/67
f 62/96/62 61/95/61 67/102/67 68/103/68
f 59/97/59 58/65/58 64/63/64 65/104/65
f 63/98/63 62/96/62 68/103/68 69/100/69
f 60/99/60 59/97/59 65/104/65 66/101/66
f 69/100/69 68/103/68 73/105/73 74/106/74
f 66/101/66 65/104/65 70/107/70 71/108/71
f 47/92/47 69/100/69 74/106/74
f 67/102/67 66/101/66 71/108/71 72/109/72
f 68/103/68 67/102/67 72/109/72 73/105/73
f 65/104/65 64/63/64 9/61/9 70/107/70
f 73/105/73 72/109/72 78/110/78 79/111/79
f 70/107/70 9/61/9 75/59/75 76/112/76
f 74/106/74 73/105/73 79/111/79 80/113/80
f 71/108/71 70/107/70 76/112/76 77/114/77
f 47/92/47 74/106/74 80/113/80
f 72/109/72 71/108/71 77/114/77 78/110/78
f 47/92/47 80/113/80 85/115/85
f 78/110/78 77/114/77 82/116/82 83/117/83
f 79/111/79 78/110/78 83/117/83 84/118/84
f 76/112/76 75/59/75 12/57/12 81/119/81
f 80/113/80 79/111/79 84/118/84 85/115/85
f 77/114/77 76/112/76 81/119/81 82/116/82
f 85/115/85 84/118/84 90/120/90 91/121/91
f 82/116/82 81/119/81 87/122/87 88/123/88
f 47/92/47 85/115/85 91/121/91
f 83/117/83 82/116/82 88/123/88 89/124/89
f 84/118/84 83/117/83 89/124/89 90/120/90
f 81/119/81 12/57/12 86/53/86 87/122/87
f 90/120/90 89/124/89 95/125/95 96/126/96
f 87/122/87 86/53/86 92/56/92 93/127/93
f 91/121/91 90/120/90 96/126/96 97/128/97
f 88/123/88 87/122/87 93/127/93 94/129/94
f 47/92/47 91/121/91 97/128/97
f 89/124/89 88/123/88 94/129/94 95/125/95
f 47/83/47 97/130/97 103/131/103
f 95/132/95 94/133/94 100/134/100 101/135/101
f 96/136/96 95/132/95 101/135/101 102/137/102
f 93/138/93 92/51/92 98/49/98 99/139/99
f 97/130/97 96/136/96 102/137/102 103/131/103
f 94/133/94 93/138/93 99/139/99 100/134/100
f 99/139/99 98/49/98 17/47/17 104/140/104
f 103/131/103 102/137/102 107/141/107 108/142/108
f 100/134/100 99/139/99 104/140/104 105/143/105
f 47/83/47 103/131/103 108/142/108
f 101/135/101 100/134/100 105/143/105 106/144/106
f 102/137/102 101/135/101 106/144/106 107/141/107
f 107/141/107 106/144/106 111/145/111 112/146/112
f 104/140/104 17/47/17 19/45/19 109/147/109
f 108/142/108 107/141/107 112/146/112 113/148/113
f 105/143/105 104/140/104 109/147/109 110/149/110
f 47/83/47 108/142/108 113/148/113
f 106/144/106 105/143/105 110/149/110 111/145/111
f 110/149/110 109/147/109 114/150/114 115/151/115
f 47/83/47 113/148/113 118/152/118
f 111/145/111 110/149/110 115/151/115 116/153/116
f 112/146/112 111/145/111 116/153/116 117/154/117
f 109/147/109 19/45/19 21/43/21 114/150/114
f 113/148/113 112/146/112 117/154/117 118/152/118
f 114/150/114 21/43/21 23/41/23 119/155/119
f 118/152/118 117/154/117 122/156/122 123/157/123
f 115/151/115 114/150/114 119/155/119 120/158/120
f 47/83/47 118/152/118 123/157/123
f 116/153/116 115/151/115 120/158/120 121/159/121
f 117/154/117 116/153/116 121/159/121 122/156/122
f 121/159/121 120/158/120 125/160/125 126/161/126
f 122/156/122 121/159/121 126/161/126 127/162/127
f 119/155/119 23/41/23 25/37/25 124/163/124
f 123/157/123 122/156/122 127/162/127 128/164/128
f 120/158/120 119/155/119 124/163/124 125/160/125
f 47/83/47 123/157/123 128/164/128
f 125/160/125 124/163/124 43/77/43 44/81/44
f 47/83/47 128/164/128 46/79/46
f 126/161/126 125/160/125 44/81/44 129/74/129
f 127/162/127 126/161/126 129/74/129 45/73/45
f 124/163/124 25/37/25 1/40/1 43/77/43
f 128/164/128 127/162/127 45/73/45 46/79/46
f 42/38/42 145/165/145 130/166/130 27/39/27
f 41/42/41 144/167/144 145/165/145 42/38/42
f 40/44/40 143/168/143 144/167/144 41/42/41
f 39/46/39 142/169/142 143/168/143 40/44/40
f 38/48/38 141/170/141 142/169/142 39/46/39
f 37/50/37 140/171/140 141/170/141 38/48/38
f 36/52/36 139/172/139 140/171/140 37/50/37
f 35/54/35 138/173/138 139/174/139 36/55/36
f 34/58/34 137/175/137 138/173/138 35/54/35
f 33/60/33 136/176/136 137/175/137 34/58/34
f 32/62/32 135/177/135 136/176/136 33/60/33
f 31/64/31 134/178/134 135/177/135 32/62/32
f 30/66/30 133/179/133 134/178/134 31/64/31
f 29/68/29 132/180/132 133/179/133 30/66/30
f 28/70/28 131/181/131 132/180/132 29/68/29
f 27/39/27 130/166/130 131/182/131 28/71/28
f 145/165/145 161/36/161 146/1/146 130/166/130
f 144/167/144 160/34/160 161/36/161 145/165/145
f 143/168/143 159/32/159 160/34/160 144/167/144
f 142/169/142 158/30/158 159/32/159 143/168/143
f 141/170/141 157/28/157 158/30/158 142/169/142
f 140/171/140 156/26/156 157/28/157 141/170/141
f 139/172/139 155/23/155 156/26/156 140/171/140
f 138/173/138 154/20/154 155/22/155 139/174/139
f 137/175/137 153/18/153 154/20/154 138/173/138
f 136/176/136 152/16/152 153/18/153 137/175/137
f 135/177/135 151/14/151 152/16/152 136/176/136
f 134/178/134 150/12/150 151/14/151 135/177/135
f 133/179/133 149/10/149 150/12/150 134/178/134
f 132/180/132 148/8/148 149/10/149 133/179/133
f 131/181/131 147/5/147 148/8/148 132/180/132
f 130/166/130 146/1/146 147/4/147 131/182/131
usemtl plastic_white_old
f 194/183/194 211/184/211 210/185/210 195/186/195
f 195/186/195 210/185/210 212/187/212 196/188/196
f 196/188/196 212/187/212 213/189/213 197/190/197
f 197/190/197 213/189/213 214/191/214 198/192/198
f 198/192/198 214/191/214 215/193/215 199/194/199
f 199/194/199 215/193/215 216/195/216 200/196/200
f 200/196/200 216/195/216 217/197/217 201/198/201
f 201/198/201 217/197/217 218/199/218 202/200/202
f 202/200/202 218/199/218 219/201/219 203/202/203
f 203/202/203 219/201/219 220/203/220 204/204/204
f 204/204/204 220/203/220 221/205/221 205/206/205
f 205/206/205 221/205/221 222/207/222 206/208/206
f 206/208/206 222/207/222 223/209/223 207/210/207
f 207/210/207 223/209/223 224/211/224 208/212/208
f 165/213/165 163/214/163 193/215/193 191/216/191 189/217/189 187/218/187 185/219/185 183/220/183 181/221/181 179/222/179 177/223/177 175/224/175 173/225/173 171/226/171 169/227/169 167/228/167
f 208/212/208 224/211/224 225/229/225 209/230/209
f 209/230/209 225/229/225 211/231/211 194/232/194
f 162/233/162 164/234/164 166/235/166 168/236/168 170/237/170 172/238/172 174/239/174 176/240/176 178/241/178 180/242/180 182/243/182 184/244/184 186/245/186 188/246/188 190/247/190 192/248/192
f 240/249/240 209/230/209 194/232/194 241/250/241
f 239/251/239 208/212/208 209/230/209 240/249/240
f 238/252/238 207/210/207 208/212/208 239/251/239
f 237/253/237 206/208/206 207/210/207 238/252/238
f 236/254/236 205/206/205 206/208/206 237/253/237
f 235/255/235 204/204/204 205/206/205 236/254/236
f 234/256/234 203/202/203 204/204/204 235/255/235
f 233/257/233 202/200/202 203/202/203 234/256/234
f 232/258/232 201/198/201 202/200/202 233/257/233
f 231/259/231 200/196/200 201/198/201 232/258/232
f 230/260/230 199/194/199 200/196/200 231/259/231
f 229/261/229 198/192/198 199/194/199 230/260/230
f 228/262/228 197/190/197 198/192/198 229/261/229
f 227/263/227 196/188/196 197/190/197 228/262/228
f 226/264/226 195/186/195 196/188/196 227/263/227
f 241/265/241 194/183/194 195/186/195 226/264/226
f 163/214/163 165/213/165 210/266/210 211/267/211
f 165/213/165 167/228/167 212/268/212 210/266/210
f 167/228/167 169/227/169 213/269/213 212/268/212
f 169/227/169 171/226/171 214/270/214 213/269/213
f 171/226/171 173/225/173 215/271/215 214/270/214
f 173/225/173 175/224/175 216/272/216 215/271/215
f 175/224/175 177/223/177 217/273/217 216/272/216
f 177/223/177 179/222/179 218/274/218 217/273/217
f 179/222/179 181/221/181 219/275/219 218/274/218
f 181/221/181 183/220/183 220/276/220 219/275/219
f 183/220/183 185/219/185 221/277/221 220/276/220
f 185/219/185 187/218/187 222/278/222 221/277/221
f 187/218/187 189/217/189 223/279/223 222/278/222
f 189/217/189 191/216/191 224/280/224 223/279/223
f 191/216/191 193/215/193 225/281/225 224/280/224
f 193/215/193 163/214/163 211/267/211 225/281/225
f 162/282/162 241/265/241 226/264/226 164/283/164
f 164/283/164 226/264/226 227/263/227 166/284/166
f 166/284/166 227/263/227 228/262/228 168/285/168
f 168/285/168 228/262/228 229/261/229 170/286/170
f 170/286/170 229/261/229 230/260/230 172/287/172
f 172/287/172 230/260/230 231/259/231 174/288/174
f 174/288/174 231/259/231 232/258/232 176/289/176
f 176/289/176 232/258/232 233/257/233 178/290/178
f 178/290/178 233/257/233 234/256/234 180/291/180
f 180/291/180 234/256/234 235/255/235 182/292/182
f 182/292/182 235/255/235 236/254/236 184/293/184
f 184/293/184 236/254/236 237/253/237 186/294/186
f 186/294/186 237/253/237 238/252/238 188/295/188
f 188/295/188 238/252/238 239/251/239 190/296/190
f 190/296/190 239/251/239 240/249/240 192/297/192
f 192/297/192 240/249/240 241/250/241 162/298/162
usemtl brushed_metal
f 242/290/229 250/299/248 251/300/249 243/301/242
f 243/301/242 251/300/249 252/302/250 244/303/243
f 244/303/243 252/302/250 253/304/251 245/305/244
f 245/305/244 253/304/251 254/306/252 246/199/237
f 246/307/237 254/308/252 255/309/253 247/310/245
f 247/310/245 255/309/253 256/311/254 248/312/246
f 248/312/246 256/311/254 257/313/255 249/314/247
f 249/314/247 257/313/255 250/299/248 242/290/229
f 250/299/248 258/315/256 259/316/257 251/300/249
f 251/300/249 259/316/257 260/317/258 252/302/250
f 252/302/250 260/317/258 261/318/259 253/304/251
f 253/304/251 261/318/259 262/319/260 254/306/252
f 254/308/252 262/320/260 263/321/261 255/309/253
f 255/309/253 263/321/261 264/322/262 256/311/254
f 256/311/254 264/322/262 265/323/263 257/313/255
f 257/313/255 265/323/263 258/315/256 250/299/248
f 258/315/256 266/288/264 267/324/265 259/316/257
f 259/316/257 267/324/265 268/325/266 260/317/258
f 260/317/258 268/325/266 269/326/267 261/318/259
f 261/318/259 269/326/267 270/195/268 262/319/260
f 262/320/260 270/327/268 271/328/269 263/321/261
f 263/321/261 271/328/269 272/329/270 264/322/262
f 264/322/262 272/329/270 273/330/271 265/323/263
f 265/323/263 273/330/271 266/288/264 258/315/256
f 266/288/264 274/331/272 275/332/273 267/324/265
f 267/324/265 275/332/273 276/333/274 268/325/266
f 268/325/266 276/333/274 277/334/275 269/326/267
f 269/326/267 277/334/275 278/335/276 270/195/268
f 270/327/268 278/336/276 279/337/277 271/328/269
f 271/328/269 279/337/277 280/338/278 272/329/270
f 272/329/270 280/338/278 281/339/279 273/330/271
f 273/330/271 281/339/279 274/331/272 266/288/264
f 274/331/272 282/340/280 283/341/281 275/332/273
f 275/332/273 283/341/281 284/342/282 276/333/274
f 276/333/274 284/342/282 285/343/283 277/334/275
f 277/334/275 285/343/283 286/344/284 278/335/276
f 278/336/276 286/345/284 287/346/285 279/337/277
f 279/337/277 287/346/285 288/347/286 280/338/278
f 280/338/278 288/347/286 289/348/287 281/339/279
f 281/339/279 289/348/287 282/340/280 274/331/272
f 282/340/280 290/286/288 291/349/289 283/341/281
f 283/341/281 291/349/289 292/350/290 284/342/282
f 284/342/282 292/350/290 293/351/291 285/343/283
f 285/343/283 293/351/291 294/191/47 286/344/284
f 286/345/284 294/352/47 295/353/292 287/346/285
f 287/346/285 295/353/292 296/354/293 288/347/286
f 288/347/286 296/354/293 297/355/294 289/348/287
f 289/348/287 297/355/294 290/286/288 282/340/280
f 290/286/288 298/356/295 299/357/296 291/349/289
f 291/349/289 299/357/296 300/358/297 292/350/290
f 292/350/290 300/358/297 301/359/298 293/351/291
f 293/351/291 301/359/298 302/360/299 294/191/47
f 294/352/47 302/361/299 303/362/300 295/353/292
f 295/353/292 303/362/300 304/363/301 296/354/293
f 296/354/293 304/363/301 305/364/302 297/355/294
f 297/355/294 305/364/302 298/356/295 290/286/288
f 298/356/295 306/365/303 307/366/304 299/357/296
f 299/357/296 307/366/304 308/367/305 300/358/297
f 300/358/297 308/367/305 309/368/306 301/359/298
f 301/359/298 309/368/306 310/369/307 302/360/299
f 302/361/299 310/370/307 311/371/308 303/362/300
f 303/362/300 311/371/308 312/372/309 304/363/301
f 304/363/301 312/372/309 313/373/310 305/364/302
f 305/364/302 313/373/310 306/365/303 298/356/295
f 306/365/303 314/284/311 315/374/312 307/366/304
f 307/366/304 315/374/312 316/375/313 308/367/305
f 308/367/305 316/375/313 317/376/314 309/368/306
f 309/368/306 317/376/314 318/187/315 310/369/307
f 310/370/307 318/377/315 319/378/316 311/371/308
f 311/371/308 319/378/316 320/379/317 312/372/309
f 312/372/309 320/379/317 321/380/318 313/373/310
f 313/373/310 321/380/318 314/284/311 306/365/303
f 314/284/311 322/381/319 323/382/320 315/374/312
f 315/374/312 323/382/320 324/383/321 316/375/313
f 316/375/313 324/383/321 325/384/322 317/376/314
f 317/376/314 325/384/322 326/385/323 318/187/315
f 318/377/315 326/386/323 327/387/324 319/378/316
f 319/378/316 327/387/324 328/388/325 320/379/317
f 320/379/317 328/388/325 329/389/326 321/380/318
f 321/380/318 329/389/326 322/381/319 314/284/311
f 322/381/319 330/390/327 331/391/328 323/382/320
f 323/382/320 331/391/328 332/392/329 324/383/321
f 324/383/321 332/392/329 333/393/330 325/384/322
f 325/384/322 333/393/330 334/394/331 326/385/323
f 326/386/323 334/395/331 335/396/332 327/387/324
f 327/387/324 335/396/332 336/397/333 328/388/325
f 328/388/325 336/397/333 337/398/334 329/389/326
f 329/389/326 337/398/334 330/390/327 322/381/319
f 330/390/327 338/282/237 339/399/335 331/391/328
f 331/391/328 339/399/335 340/400/336 332/392/329
f 332/392/329 340/400/336 341/401/337 333/393/330
f 333/393/330 341/401/337 342/184/229 334/394/331
f 334/395/331 342/402/229 343/403/338 335/396/332
f 335/396/332 343/403/338 344/404/339 336/397/333
f 336/397/333 344/404/339 345/405/340 337/398/334
f 337/398/334 345/405/340 338/282/237 330/390/327
f 338/406/237 346/407/341 347/408/342 339/409/335
f 339/409/335 347/408/342 348/410/343 340/411/336
f 340/411/336 348/410/343 349/412/344 341/413/337
f 341/413/337 349/412/344 350/414/345 342/415/229
f 342/416/229 350/417/345 351/418/346 343/419/338
f 343/419/338 351/418/346 352/420/347 344/421/339
f 344/421/339 352/420/347 353/422/348 345/423/340
f 345/423/340 353/422/348 346/407/341 338/406/237
f 346/407/341 354/424/349 355/425/350 347/408/342
f 347/408/342 355/425/350 356/426/351 348/410/343
f 348/410/343 356/426/351 357/427/352 349/412/344
f 349/412/344 357/427/352 358/428/353 350/414/345
f 350/417/345 358/429/353 359/430/354 351/418/346
f 351/418/346 359/430/354 360/431/355 352/420/347
f 352/420/347 360/431/355 361/432/356 353/422/348
f 353/422/348 361/432/356 354/424/349 346/407/341
f 354/424/349 362/296/357 363/433/358 355/425/350
f 355/425/350 363/433/358 364/434/359 356/426/351
f 356/426/351 364/434/359 365/435/360 357/427/352
f 357/427/352 365/435/360 366/211/361 358/428/353
f 358/429/353 366/436/361 367/437/362 359/430/354
f 359/430/354 367/437/362 368/438/363 360/431/355
f 360/431/355 368/438/363 369/439/364 361/432/356
f 361/432/356 369/439/364 362/296/357 354/424/349
f 362/296/357 370/440/365 371/441/366 363/433/358
f 363/433/358 371/441/366 372/442/367 364/434/359
f 364/434/359 372/442/367 373/443/368 365/435/360
f 365/435/360 373/443/368 374/444/369 366/211/361
f 366/436/361 374/445/369 375/446/370 367/437/362
f 367/437/362 375/446/370 376/447/371 368/438/363
f 368/438/363 376/447/371 377/448/372 369/439/364
f 369/439/364 377/448/372 370/440/365 362/296/357
f 370/440/365 378/449/373 379/450/374 371/441/366
f 371/441/366 379/450/374 380/451/375 372/442/367
f 372/442/367 380/451/375 381/452/376 373/443/368
f 373/443/368 381/452/376 382/453/377 374/444/369
f 374/445/369 382/454/377 383/455/378 375/446/370
f 375/446/370 383/455/378 384/456/379 376/447/371
f 376/447/371 384/456/379 385/457/380 377/448/372
f 377/448/372 385/457/380 378/449/373 370/440/365
f 378/449/373 386/294/47 387/458/381 379/450/374
f 379/450/374 387/458/381 388/459/382 380/451/375
f 380/451/375 388/459/382 389/460/383 381/452/376
f 381/452/376 389/460/383 390/207/288 382/453/377
f 382/454/377 390/461/288 391/462/384 383/455/378
f 383/455/378 391/462/384 392/463/385 384/456/379
f 384/456/379 392/463/385 393/464/386 385/457/380
f 385/457/380 393/464/386 386/294/47 378/449/373
f 386/294/47 394/465/387 395/466/388 387/458/381
f 387/458/381 395/466/388 396/467/389 388/459/382
f 388/459/382 396/467/389 397/468/390 389/460/383
f 389/460/383 397/468/390 398/469/391 390/207/288
f 390/461/288 398/470/391 399/471/392 391/462/384
f 391/462/384 399/471/392 400/472/393 392/463/385
f 392/463/385 400/472/393 401/473/394 393/464/386
f 393/464/386 401/473/394 394/465/387 386/294/47
f 394/465/387 402/474/395 403/475/396 395/466/388
f 395/466/388 403/475/396 404/476/397 396/467/389
f 396/467/389 404/476/397 405/477/398 397/468/390
f 397/468/390 405/477/398 406/478/399 398/469/391
f 398/470/391 406/479/399 407/480/400 399/471/392
f 399/471/392 407/480/400 408/481/401 400/472/393
f 400/472/393 408/481/401 409/482/402 401/473/394
f 401/473/394 409/482/402 402/474/395 394/465/387
f 402/474/395 410/292/403 411/483/404 403/475/396
f 403/475/396 411/483/404 412/484/405 404/476/397
f 404/476/397 412/484/405 413/485/406 405/477/398
f 405/477/398 413/485/406 414/203/407 406/478/399
f 406/479/399 414/486/407 415/487/408 407/480/400
f 407/480/400 415/487/408 416/488/409 408/481/401
f 408/481/401 416/488/409 417/489/410 409/482/402
f 409/482/402 417/489/410 410/292/403 402/474/395
f 410/292/403 418/490/411 419/491/412 411/483/404
f 411/483/404 419/491/412 420/492/413 412/484/405
f 412/484/405 420/492/413 421/493/414 413/485/406
f 413/485/406 421/493/414 422/494/415 414/203/407
f 414/486/407 422/495/415 423/496/416 415/487/408
f 415/487/408 423/496/416 424/497/417 416/488/409
f 416/488/409 424/497/417 425/498/418 417/489/410
f 417/489/410 425/498/418 418/490/411 410/292/403
f 418/490/411 426/499/419 427/500/420 419/491/412
f 419/491/412 427/500/420 428/501/421 420/492/413
f 420/492/413 428/501/421 429/502/422 421/493/414
f 421/493/414 429/502/422 430/503/423 422/494/415
f 422/495/415 430/504/423 431/505/424 423/496/416
f 423/496/416 431/505/424 432/506/425 424/497/417
f 424/497/417 432/506/425 433/507/426 425/498/418
f 425/498/418 433/507/426 426/499/419 418/490/411
f 426/499/419 242/290/229 243/301/242 427/500/420
f 427/500/420 243/301/242 244/303/243 428/501/421
f 428/501/421 244/303/243 245/305/244 429/502/422
f 429/502/422 245/305/244 246/199/237 430/503/423
f 430/504/423 246/307/237 247/310/245 431/505/424
f 431/505/424 247/310/245 248/312/246 432/506/425
f 432/506/425 248/312/246 249/314/247 433/507/426
f 433/507/426 249/314/247 242/290/229 426/499/419
f 434/290/241 442/299/433 443/300/434 435/301/427
f 435/301/427 443/300/434 444/302/435 436/303/428
f 436/303/428 444/302/435 445/304/436 437/305/429
f 437/305/429 445/304/436 446/306/437 438/199/233
f 438/307/233 446/308/437 447/309/438 439/310/430
f 439/310/430 447/309/438 448/311/439 440/312/431
f 440/312/431 448/311/439 449/313/440 441/314/432
f 441/314/432 449/313/440 442/299/433 434/290/241
f 442/299/433 450/315/441 451/316/442 443/300/434
f 443/300/434 451/316/442 452/317/443 444/302/435
f 444/302/435 452/317/443 453/318/444 445/304/436
f 445/304/436 453/318/444 454/319/445 446/306/437
f 446/308/437 454/320/445 455/321/446 447/309/438
f 447/309/438 455/321/446 456/322/447 448/311/439
f 448/311/439 456/322/447 457/323/448 449/313/440
f 449/313/440 457/323/448 450/315/441 442/299/433
f 450/315/441 458/288/449 459/324/450 451/316/442
f 451/316/442 459/324/450 460/325/451 452/317/443
f 452/317/443 460/325/451 461/326/452 453/318/444
f 453/318/444 461/326/452 462/195/453 454/319/445
f 454/320/445 462/327/453 463/328/454 455/321/446
f 455/321/446 463/328/454 464/329/455 456/322/447
f 456/322/447 464/329/455 465/330/456 457/323/448
f 457/323/448 465/330/456 458/288/449 450/315/441
f 458/288/449 466/331/457 467/332/458 459/324/450
f 459/324/450 467/332/458 468/333/459 460/325/451
f 460/325/451 468/333/459 469/334/460 461/326/452
f 461/326/452 469/334/460 470/335/461 462/195/453
f 462/327/453 470/336/461 471/337/462 463/328/454
f 463/328/454 471/337/462 472/338/463 464/329/455
f 464/329/455 472/338/463 473/339/464 465/330/456
f 465/330/456 473/339/464 466/331/457 458/288/449
f 466/331/457 474/340/465 475/341/466 467/332/458
f 467/332/458 475/341/466 476/342/467 468/333/459
f 468/333/459 476/342/467 477/343/468 469/334/460
f 469/334/460 477/343/468 478/344/469 470/335/461
f 470/336/461 478/345/469 479/346/470 471/337/462
f 471/337/462 479/346/470 480/347/471 472/338/463
f 472/338/463 480/347/471 481/348/472 473/339/464
f 473/339/464 481/348/472 474/340/465 466/331/457
f 474/340/465 482/286/288 483/349/473 475/341/466
f 475/341/466 483/349/473 484/350/474 476/342/467
f 476/342/467 484/350/474 485/351/475 477/343/468
f 477/343/468 485/351/475 486/191/47 478/344/469
f 478/345/469 486/352/47 487/353/476 479/346/470
f 479/346/470 487/353/476 488/354/477 480/347/471
f 480/347/471 488/354/477 489/355/478 481/348/472
f 481/348/472 489/355/478 482/286/288 474/340/465
f 482/286/288 490/356/479 491/357/480 483/349/473
f 483/349/473 491/357/480 492/358/481 484/350/474
f 484/350/474 492/358/481 493/359/482 485/351/475
f 485/351/475 493/359/482 494/360/483 486/191/47
f 486/352/47 494/361/483 495/362/484 487/353/476
f 487/353/476 495/362/484 496/363/485 488/354/477
f 488/354/477 496/363/485 497/364/486 489/355/478
f 489/355/478 497/364/486 490/356/479 482/286/288
f 490/356/479 498/365/487 499/366/488 491/357/480
f 491/357/480 499/366/488 500/367/489 492/358/481
f 492/358/481 500/367/489 501/368/490 493/359/482
f 493/359/482 501/368/490 502/369/491 494/360/483
f 494/361/483 502/370/491 503/371/492 495/362/484
f 495/362/484 503/371/492 504/372/493 496/363/485
f 496/363/485 504/372/493 505/373/494 497/364/486
f 497/364/486 505/373/494 498/365/487 490/356/479
f 498/365/487 506/284/495 507/374/496 499/366/488
f 499/366/488 507/374/496 508/375/497 500/367/489
f 500/367/489 508/375/497 509/376/498 501/368/490
f 501/368/490 509/376/498 510/187/499 502/369/491
f 502/370/491 510/377/499 511/378/500 503/371/492
f 503/371/492 511/378/500 512/379/501 504/372/493
f 504/372/493 512/379/501 513/380/502 505/373/494
f 505/373/494 513/380/502 506/284/495 498/365/487
f 506/284/495 514/381/503 515/382/504 507/374/496
f 507/374/496 515/382/504 516/383/505 508/375/497
f 508/375/497 516/383/505 517/384/506 509/376/498
f 509/376/498 517/384/506 518/385/507 510/187/499
f 510/377/499 518/386/507 519/387/508 511/378/500
f 511/378/500 519/387/508 520/388/509 512/379/501
f 512/379/501 520/388/509 521/389/510 513/380/502
f 513/380/502 521/389/510 514/381/503 506/284/495
f 514/381/503 522/390/511 523/391/512 515/382/504
f 515/382/504 523/391/512 524/392/513 516/383/505
f 516/383/505 524/392/513 525/393/514 517/384/506
f 517/384/506 525/393/514 526/394/515 518/385/507
f 518/386/507 526/395/515 527/396/516 519/387/508
f 519/387/508 527/396/516 528/397/517 520/388/509
f 520/388/509 528/397/517 529/398/518 521/389/510
f 521/389/510 529/398/518 522/390/511 514/381/503
f 522/390/511 530/282/233 531/399/519 523/391/512
f 523/391/512 531/399/519 532/400/520 524/392/513
f 524/392/513 532/400/520 533/401/521 525/393/514
f 525/393/514 533/401/521 534/184/241 526/394/515
f 526/395/515 534/402/241 535/403/522 527/396/516
f 527/396/516 535/403/522 536/404/523 528/397/517
f 528/397/517 536/404/523 537/405/524 529/398/518
f 529/398/518 537/405/524 530/282/233 522/390/511
f 530/406/233 538/407/525 539/408/526 531/409/519
f 531/409/519 539/408/526 540/410/527 532/411/520
f 532/411/520 540/410/527 541/412/528 533/413/521
f 533/413/521 541/412/528 542/414/529 534/415/241
f 534/416/241 542/417/529 543/418/530 535/419/522
f 535/419/522 543/418/530 544/420/531 536/421/523
f 536/421/523 544/420/531 545/422/532 537/423/524
f 537/423/524 545/422/532 538/407/525 530/406/233
f 538/407/525 546/424/533 547/425/534 539/408/526
f 539/408/526 547/425/534 548/426/535 540/410/527
f 540/410/527 548/426/535 549/427/536 541/412/528
f 541/412/528 549/427/536 550/428/537 542/414/529
f 542/417/529 550/429/537 551/430/538 543/418/530
f 543/418/530 551/430/538 552/431/539 544/420/531
f 544/420/531 552/431/539 553/432/540 545/422/532
f 545/422/532 553/432/540 546/424/533 538/407/525
f 546/424/533 554/296/541 555/433/542 547/425/534
f 547/425/534 555/433/542 556/434/543 548/426/535
f 548/426/535 556/434/543 557/435/544 549/427/536
f 549/427/536 557/435/544 558/211/545 550/428/537
f 550/429/537 558/436/545 559/437/546 551/430/538
f 551/430/538 559/437/546 560/438/547 552/431/539
f 552/431/539 560/438/547 561/439/548 553/432/540
f 553/432/540 561/439/548 554/296/541 546/424/533
f 554/296/541 562/440/549 563/441/550 555/433/542
f 555/433/542 563/441/550 564/442/551 556/434/543
f 556/434/543 564/442/551 565/443/552 557/435/544
f 557/435/544 565/443/552 566/444/553 558/211/545
f 558/436/545 566/445/553 567/446/554 559/437/546
f 559/437/546 567/446/554 568/447/555 560/438/547
f 560/438/547 568/447/555 569/448/556 561/439/548
f 561/439/548 569/448/556 562/440/549 554/296/541
f 562/440/549 570/449/557 571/450/558 563/441/550
f 563/441/550 571/450/558 572/451/559 564/442/551
f 564/442/551 572/451/559 573/452/560 565/443/552
f 565/443/552 573/452/560 574/453/561 566/444/553
f 566/445/553 574/454/561 575/455/562 567/446/554
f 567/446/554 575/455/562 576/456/563 568/447/555
f 568/447/555 576/456/563 577/457/564 569/448/556
f 569/448/556 577/457/564 570/449/557 562/440/549
f 570/449/557 578/294/47 579/458/565 571/450/558
f 571/450/558 579/458/565 580/459/566 572/451/559
f 572/451/559 580/459/566 581/460/567 573/452/560
f 573/452/560 581/460/567 582/207/288 574/453/561
f 574/454/561 582/461/288 583/462/568 575/455/562
f 575/455/562 583/462/568 584/463/569 576/456/563
f 576/456/563 584/463/569 585/464/570 577/457/564
f 577/457/564 585/464/570 578/294/47 570/449/557
f 578/294/47 586/465/571 587/466/572 579/458/565
f 579/458/565 587/466/572 588/467/573 580/459/566
f 580/459/566 588/467/573 589/468/574 581/460/567
f 581/460/567 589/468/574 590/469/575 582/207/288
f 582/461/288 590/470/575 591/471/576 583/462/568
f 583/462/568 591/471/576 592/472/577 584/463/569
f 584/463/569 592/472/577 593/473/578 585/464/570
f 585/464/570 593/473/578 586/465/571 578/294/47
f 586/465/571 594/474/579 595/475/580 587/466/572
f 587/466/572 595/475/580 596/476/581 588/467/573
f 588/467/573 596/476/581 597/477/582 589/468/574
f 589/468/574 597/477/582 598/478/583 590/469/575
f 590/470/575 598/479/583 599/480/584 591/471/576
f 591/471/576 599/480/584 600/481/585 592/472/577
f 592/472/577 600/481/585 601/482/586 593/473/578
f 593/473/578 601/482/586 594/474/579 586/465/571
f 594/474/579 602/292/587 603/483/588 595/475/580
f 595/475/580 603/483/588 604/484/589 596/476/581
f 596/476/581 604/484/589 605/485/590 597/477/582
f 597/477/582 605/485/590 606/203/591 598/478/583
f 598/479/583 606/486/591 607/487/592 599/480/584
f 599/480/584 607/487/592 608/488/593 600/481/585
f 600/481/585 608/488/593 609/489/594 601/482/586
f 601/482/586 609/489/594 602/292/587 594/474/579
f 602/292/587 610/490/595 611/491/596 603/483/588
f 603/483/588 611/491/596 612/492/597 604/484/589
f 604/484/589 612/492/597 613/493/598 605/485/590
f 605/485/590 613/493/598 614/494/599 606/203/591
f 606/486/591 614/495/599 615/496/600 607/487/592
f 607/487/592 615/496/600 616/497/601 608/488/593
f 608/488/593 616/497/601 617/498/602 609/489/594
f 609/489/594 617/498/602 610/490/595 602/292/587
f 610/490/595 618/499/603 619/500/604 611/491/596
f 611/491/596 619/500/604 620/501/605 612/492/597
f 612/492/597 620/501/605 621/502/606 613/493/598
f 613/493/598 621/502/606 622/503/607 614/494/599
f 614/495/599 622/504/607 623/505/608 615/496/600
f 615/496/600 623/505/608 624/506/609 616/497/601
f 616/497/601 624/506/609 625/507/610 617/498/602
f 617/498/602 625/507/610 618/499/603 610/490/595
f 618/499/603 434/290/241 435/301/427 619/500/604
f 619/500/604 435/301/427 436/303/428 620/501/605
f 620/501/605 436/303/428 437/305/429 621/502/606
f 621/502/606 437/305/429 438/199/233 622/503/607
f 622/504/607 438/307/233 439/310/430 623/505/608
f 623/505/608 439/310/430 440/312/431 624/506/609
f 624/506/609 440/312/431 441/314/432 625/507/610
f 625/507/610 441/314/432 434/290/241 618/499/603
f 626/290/229 634/299/248 635/300/249 627/301/242
f 627/301/242 635/300/249 636/302/250 628/303/243
f 628/303/243 636/302/250 637/304/251 629/305/244
f 629/305/244 637/304/251 638/306/252 630/199/237
f 630/307/237 638/308/252 639/309/253 631/310/245
f 631/310/245 639/309/253 640/311/254 632/312/246
f 632/312/246 640/311/254 641/313/255 633/314/247
f 633/314/247 641/313/255 634/299/248 626/290/229
f 634/299/248 642/315/256 643/316/257 635/300/249
f 635/300/249 643/316/257 644/317/258 636/302/250
f 636/302/250 644/317/258 645/318/259 637/304/251
f 637/304/251 645/318/259 646/319/260 638/306/252
f 638/308/252 646/320/260 647/321/261 639/309/253
f 639/309/253 647/321/261 648/322/262 640/311/254
f 640/311/254 648/322/262 649/323/263 641/313/255
f 641/313/255 649/323/263 642/315/256 634/299/248
f 642/315/256 650/288/264 651/324/265 643/316/257
f 643/316/257 651/324/265 652/325/266 644/317/258
f 644/317/258 652/325/266 653/326/267 645/318/259
f 645/318/259 653/326/267 654/195/268 646/319/260
f 646/320/260 654/327/268 655/328/269 647/321/261
f 647/321/261 655/328/269 656/329/270 648/322/262
f 648/322/262 656/329/270 657/330/271 649/323/263
f 649/323/263 657/330/271 650/288/264 642/315/256
f 650/288/264 658/331/272 659/332/273 651/324/265
f 651/324/265 659/332/273 660/333/274 652/325/266
f 652/325/266 660/333/274 661/334/275 653/326/267
f 653/326/267 661/334/275 662/335/276 654/195/268
f 654/327/268 662/336/276 663/337/277 655/328/269
f 655/328/269 663/337/277 664/338/278 656/329/270
f 656/329/270 664/338/278 665/339/279 657/330/271
f 657/330/271 665/339/279 658/331/272 650/288/264
f 658/331/272 666/340/280 667/341/281 659/332/273
f 659/332/273 667/341/281 668/342/282 660/333/274
f 660/333/274 668/342/282 669/343/283 661/334/275
f 661/334/275 669/343/283 670/344/284 662/335/276
f 662/336/276 670/345/284 671/346/285 663/337/277
f 663/337/277 671/346/285 672/347/286 664/338/278
f 664/338/278 672/347/286 673/348/287 665/339/279
f 665/339/279 673/348/287 666/340/280 658/331/272
f 666/340/280 674/286/288 675/349/289 667/341/281
f 667/341/281 675/349/289 676/350/290 668/342/282
f 668/342/282 676/350/290 677/351/291 669/343/283
f 669/343/283 677/351/291 678/191/47 670/344/284
f 670/345/284 678/352/47 679/353/292 671/346/285
f 671/346/285 679/353/292 680/354/293 672/347/286
f 672/347/286 680/354/293 681/355/294 673/348/287
f 673/348/287 681/355/294 674/286/288 666/340/280
f 674/286/288 682/356/295 683/357/296 675/349/289
f 675/349/289 683/357/296 684/358/297 676/350/290
f 676/350/290 684/358/297 685/359/298 677/351/291
f 677/351/291 685/359/298 686/360/299 678/191/47
f 678/352/47 686/361/299 687/362/300 679/353/292
f 679/353/292 687/362/300 688/363/301 680/354/293
f 680/354/293 688/363/301 689/364/302 681/355/294
f 681/355/294 689/364/302 682/356/295 674/286/288
f 682/356/295 690/365/303 691/366/304 683/357/296
f 683/357/296 691/366/304 692/367/305 684/358/297
f 684/358/297 692/367/305 693/368/306 685/359/298
f 685/359/298 693/368/306 694/369/307 686/360/299
f 686/361/299 694/370/307 695/371/308 687/362/300
f 687/362/300 695/371/308 696/372/309 688/363/301
f 688/363/301 696/372/309 697/373/310 689/364/302
f 689/364/302 697/373/310 690/365/303 682/356/295
f 690/365/303 698/284/311 699/374/312 691/366/304
f 691/366/304 699/374/312 700/375/313 692/367/305
f 692/367/305 700/375/313 701/376/314 693/368/306
f 693/368/306 701/376/314 702/187/315 694/369/307
f 694/370/307 702/377/315 703/378/316 695/371/308
f 695/371/308 703/378/316 704/379/317 696/372/309
f 696/372/309 704/379/317 705/380/318 697/373/310
f 697/373/310 705/380/318 698/284/311 690/365/303
f 698/284/311 706/381/319 707/382/320 699/374/312
f 699/374/312 707/382/320 708/383/321 700/375/313
f 700/375/313 708/383/321 709/384/322 701/376/314
f 701/376/314 709/384/322 710/385/323 702/187/315
f 702/377/315 710/386/323 711/387/324 703/378/316
f 703/378/316 711/387/324 712/388/325 704/379/317
f 704/379/317 712/388/325 713/389/326 705/380/318
f 705/380/318 713/389/326 706/381/319 698/284/311
f 706/381/319 714/390/327 715/391/328 707/382/320
f 707/382/320 715/391/328 716/392/329 708/383/321
f 708/383/321 716/392/329 717/393/330 709/384/322
f 709/384/322 717/393/330 718/394/331 710/385/323
f 710/386/323 718/395/331 719/396/332 711/387/324
f 711/387/324 719/396/332 720/397/333 712/388/325
f 712/388/325 720/397/333 721/398/334 713/389/326
f 713/389/326 721/398/334 714/390/327 706/381/319
f 714/390/327 722/282/237 723/399/335 715/391/328
f 715/391/328 723/399/335 724/400/336 716/392/329
f 716/392/329 724/400/336 725/401/337 717/393/330
f 717/393/330 725/401/337 726/184/229 718/394/331
f 718/395/331 726/402/229 727/403/338 719/396/332
f 719/396/332 727/403/338 728/404/339 720/397/333
f 720/397/333 728/404/339 729/405/340 721/398/334
f 721/398/334 729/405/340 722/282/237 714/390/327
f 722/406/237 730/407/341 731/408/342 723/409/335
f 723/409/335 731/408/342 732/410/343 724/411/336
f 724/411/336 732/410/343 733/412/344 725/413/337
f 725/413/337 733/412/344 734/414/345 726/415/229
f 726/416/229 734/417/345 735/418/346 727/419/338
f 727/419/338 735/418/346 736/420/347 728/421/339
f 728/421/339 736/420/347 737/422/348 729/423/340
f 729/423/340 737/422/348 730/407/341 722/406/237
f 730/407/341 738/424/349 739/425/350 731/408/342
f 731/408/342 739/425/350 740/426/351 732/410/343
f 732/410/343 740/426/351 741/427/352 733/412/344
f 733/412/344 741/427/352 742/428/353 734/414/345
f 734/417/345 742/429/353 743/430/354 735/418/346
f 735/418/346 743/430/354 744/431/355 736/420/347
f 736/420/347 744/431/355 745/432/356 737/422/348
f 737/422/348 745/432/356 738/424/349 730/407/341
f 738/424/349 746/296/357 747/433/358 739/425/350
f 739/425/350 747/433/358 748/434/359 740/426/351
f 740/426/351 748/434/359 749/435/360 741/427/352
f 741/427/352 749/435/360 750/211/361 742/428/353
f 742/429/353 750/436/361 751/437/362 743/430/354
f 743/430/354 751/437/362 752/438/363 744/431/355
f 744/431/355 752/438/363 753/439/364 745/432/356
f 745/432/356 753/439/364 746/296/357 738/424/349
f 746/296/357 754/440/365 755/441/366 747/433/358
f 747/433/358 755/441/366 756/442/367 748/434/359
f 748/434/359 756/442/367 757/443/368 749/435/360
f 749/435/360 757/443/368 758/444/369 750/211/361
f 750/436/361 758/445/369 759/446/370 751/437/362
f 751/437/362 759/446/370 760/447/371 752/438/363
f 752/438/363 760/447/371 761/448/372 753/439/364
f 753/439/364 761/448/372 754/440/365 746/296/357
f 754/440/365 762/449/373 763/450/374 755/441/366
f 755/441/366 763/450/374 764/451/375 756/442/367
f 756/442/367 764/451/375 765/452/376 757/443/368
f 757/443/368 765/452/376 766/453/377 758/444/369
f 758/445/369 766/454/377 767/455/378 759/446/370
f 759/446/370 767/455/378 768/456/379 760/447/371
f 760/447/371 768/456/379 769/457/380 761/448/372
f 761/448/372 769/457/380 762/449/373 754/440/365
f 762/449/373 770/294/47 771/458/381 763/450/374
f 763/450/374 771/458/381 772/459/382 764/451/375
f 764/451/375 772/459/382 773/460/383 765/452/376
f 765/452/376 773/460/383 774/207/288 766/453/377
f 766/454/377 774/461/288 775/462/384 767/455/378
f 767/455/378 775/462/384 776/463/385 768/456/379
f 768/456/379 776/463/385 777/464/386 769/457/380
f 769/457/380 777/464/386 770/294/47 762/449/373
f 770/294/47 778/465/387 779/466/388 771/458/381
f 771/458/381 779/466/388 780/467/389 772/459/382
f 772/459/382 780/467/389 781/468/390 773/460/383
f 773/460/383 781/468/390 782/469/391 774/207/288
f 774/461/288 782/470/391 783/471/392 775/462/384
f 775/462/384 783/471/392 784/472/393 776/463/385
f 776/463/385 784/472/393 785/473/394 777/464/386
f 777/464/386 785/473/394 778/465/387 770/294/47
f 778/465/387 786/474/395 787/475/396 779/466/388
f 779/466/388 787/475/396 788/476/397 780/467/389
f 780/467/389 788/476/397 789/477/398 781/468/390
f 781/468/390 789/477/398 790/478/399 782/469/391
f 782/470/391 790/479/399 791/480/400 783/471/392
f 783/471/392 791/480/400 792/481/401 784/472/393
f 784/472/393 792/481/401 793/482/402 785/473/394
f 785/473/394 793/482/402 786/474/395 778/465/387
f 786/474/395 794/292/403 795/483/404 787/475/396
f 787/475/396 795/483/404 796/484/405 788/476/397
f 788/476/397 796/484/405 797/485/406 789/477/398
f 789/477/398 797/485/406 798/203/407 790/478/399
f 790/479/399 798/486/407 799/487/408 791/480/400
f 791/480/400 799/487/408 800/488/409 792/481/401
f 792/481/401 800/488/409 801/489/410 793/482/402
f 793/482/402 801/489/410 794/292/403 786/474/395
f 794/292/403 802/490/411 803/491/412 795/483/404
f 795/483/404 803/491/412 804/492/413 796/484/405
f 796/484/405 804/492/413 805/493/414 797/485/406
f 797/485/406 805/493/414 806/494/415 798/203/407
f 798/486/407 806/495/415 807/496/416 799/487/408
f 799/487/408 807/496/416 808/497/417 800/488/409
f 800/488/409 808/497/417 809/498/418 801/489/410
f 801/489/410 809/498/418 802/490/411 794/292/403
f 802/490/411 810/499/419 811/500/420 803/491/412
f 803/491/412 811/500/420 812/501/421 804/492/413
f 804/492/413 812/501/421 813/502/422 805/493/414
f 805/493/414 813/502/422 814/503/423 806/494/415
f 806/495/415 814/504/423 815/505/424 807/496/416
f 807/496/416 815/505/424 816/506/425 808/497/417
f 808/497/417 816/506/425 817/507/426 809/498/418
f 809/498/418 817/507/426 810/499/419 802/490/411
f 810/499/419 626/290/229 627/301/242 811/500/420
f 811/500/420 627/301/242 628/303/243 812/501/421
f 812/501/421 628/303/243 629/305/244 813/502/422
f 813/502/422 629/305/244 630/199/237 814/503/423
f 814/504/423 630/307/237 631/310/245 815/505/424
f 815/505/424 631/310/245 632/312/246 816/506/425
f 816/506/425 632/312/246 633/314/247 817/507/426
f 817/507/426 633/314/247 626/290/229 810/499/419
f 818/290/241 826/299/433 827/300/434 819/301/427
f 819/301/427 827/300/434 828/302/435 820/303/428
f 820/303/428 828/302/435 829/304/436 821/305/429
f 821/305/429 829/304/436 830/306/437 822/199/233
f 822/307/233 830/308/437 831/309/438 823/310/430
f 823/310/430 831/309/438 832/311/439 824/312/431
f 824/312/431 832/311/439 833/313/440 825/314/432
f 825/314/432 833/313/440 826/299/433 818/290/241
f 826/299/433 834/315/441 835/316/442 827/300/434
f 827/300/434 835/316/442 836/317/443 828/302/435
f 828/302/435 836/317/443 837/318/444 829/304/436
f 829/304/436 837/318/444 838/319/445 830/306/437
f 830/308/437 838/320/445 839/321/446 831/309/438
f 831/309/438 839/321/446 840/322/447 832/311/439
f 832/311/439 840/322/447 841/323/448 833/313/440
f 833/313/440 841/323/448 834/315/441 826/299/433
f 834/315/441 842/288/449 843/324/450 835/316/442
f 835/316/442 843/324/450 844/325/451 836/317/443
f 836/317/443 844/325/451 845/326/452 837/318/444
f 837/318/444 845/326/452 846/195/453 838/319/445
f 838/320/445 846/327/453 847/328/454 839/321/446
f 839/321/446 847/328/454 848/329/455 840/322/447
f 840/322/447 848/329/455 849/330/456 841/323/448
f 841/323/448 849/330/456 842/288/449 834/315/441
f 842/288/449 850/331/457 851/332/458 843/324/450
f 843/324/450 851/332/458 852/333/459 844/325/451
f 844/325/451 852/333/459 853/334/460 845/326/452
f 845/326/452 853/334/460 854/335/461 846/195/453
f 846/327/453 854/336/461 855/337/462 847/328/454
f 847/328/454 855/337/462 856/338/463 848/329/455
f 848/329/455 856/338/463 857/339/464 849/330/456
f 849/330/456 857/339/464 850/331/457 842/288/449
f 850/331/457 858/340/465 859/341/466 851/332/458
f 851/332/458 859/341/466 860/342/467 852/333/459
f 852/333/459 860/342/467 861/343/468 853/334/460
f 853/334/460 861/343/468 862/344/469 854/335/461
f 854/336/461 862/345/469 863/346/470 855/337/462
f 855/337/462 863/346/470 864/347/471 856/338/463
f 856/338/463 864/347/471 865/348/472 857/339/464
f 857/339/464 865/348/472 858/340/465 850/331/457
f 858/340/465 866/286/288 867/349/473 859/341/466
f 859/341/466 867/349/473 868/350/474 860/342/467
f 860/342/467 868/350/474 869/351/475 861/343/468
f 861/343/468 869/351/475 870/191/47 862/344/469
f 862/345/469 870/352/47 871/353/476 863/346/470
f 863/346/470 871/353/476 872/354/477 864/347/471
f 864/347/471 872/354/477 873/355/478 865/348/472
f 865/348/472 873/355/478 866/286/288 858/340/465
f 866/286/288 874/356/479 875/357/480 867/349/473
f 867/349/473 875/357/480 876/358/481 868/350/474
f 868/350/474 876/358/481 877/359/482 869/351/475
f 869/351/475 877/359/482 878/360/483 870/191/47
f 870/352/47 878/361/483 879/362/484 871/353/476
f 871/353/476 879/362/484 880/363/485 872/354/477
f 872/354/477 880/363/485 881/364/486 873/355/478
f 873/355/478 881/364/486 874/356/479 866/286/288
f 874/356/479 882/365/487 883/366/488 875/357/480
f 875/357/480 883/366/488 884/367/489 876/358/481
f 876/358/481 884/367/489 885/368/490 877/359/482
f 877/359/482 885/368/490 886/369/491 878/360/483
f 878/361/483 886/370/491 887/371/492 879/362/484
f 879/362/484 887/371/492 888/372/493 880/363/485
f 880/363/485 888/372/493 889/373/494 881/364/486
f 881/364/486 889/373/494 882/365/487 874/356/479
f 882/365/487 890/284/495 891/374/496 883/366/488
f 883/366/488 891/374/496 892/375/497 884/367/489
f 884/367/489 892/375/497 893/376/498 885/368/490
f 885/368/490 893/376/498 894/187/499 886/369/491
f 886/370/491 894/377/499 895/378/500 887/371/492
f 887/371/492 895/378/500 896/379/501 888/372/493
f 888/372/493 896/379/501 897/380/502 889/373/494
f 889/373/494 897/380/502 890/284/495 882/365/487
f 890/284/495 898/381/503 899/382/504 891/374/496
f 891/374/496 899/382/504 900/383/505 892/375/497
f 892/375/497 900/383/505 901/384/506 893/376/498
f 893/376/498 901/384/506 902/385/507 894/187/499
f 894/377/499 902/386/507 903/387/508 895/378/500
f 895/378/500 903/387/508 904/388/509 896/379/501
f 896/379/501 904/388/509 905/389/510 897/380/502
f 897/380/502 905/389/510 898/381/503 890/284/495
f 898/381/503 906/390/511 907/391/512 899/382/504
f 899/382/504 907/391/512 908/392/513 900/383/505
f 900/383/505 908/392/513 909/393/514 901/384/506
f 901/384/506 909/393/514 910/394/515 902/385/507
f 902/386/507 910/395/515 911/396/516 903/387/508
f 903/387/508 911/396/516 912/397/517 904/388/509
f 904/388/509 912/397/517 913/398/518 905/389/510
f 905/389/510 913/398/518 906/390/511 898/381/503
f 906/390/511 914/282/233 915/399/519 907/391/512
f 907/391/512 915/399/519 916/400/520 908/392/513
f 908/392/513 916/400/520 917/401/521 909/393/514
f 909/393/514 917/401/521 918/184/241 910/394/515
f 910/395/515 918/402/241 919/403/522 911/396/516
f 911/396/516 919/403/522 920/404/523 912/397/517
f 912/397/517 920/404/523 921/405/524 913/398/518
f 913/398/518 921/405/524 914/282/233 906/390/511
f 914/406/233 922/407/525 923/408/526 915/409/519
f 915/409/519 923/408/526 924/410/527 916/411/520
f 916/411/520 924/410/527 925/412/528 917/413/521
f 917/413/521 925/412/528 926/414/529 918/415/241
f 918/416/241 926/417/529 927/418/530 919/419/522
f 919/419/522 927/418/530 928/420/531 920/421/523
f 920/421/523 928/420/531 929/422/532 921/423/524
f 921/423/524 929/422/532 922/407/525 914/406/233
f 922/407/525 930/424/533 931/425/534 923/408/526
f 923/408/526 931/425/534 932/426/535 924/410/527
f 924/410/527 932/426/535 933/427/536 925/412/528
f 925/412/528 933/427/536 934/428/537 926/414/529
f 926/417/529 934/429/537 935/430/538 927/418/530
f 927/418/530 935/430/538 936/431/539 928/420/531
f 928/420/531 936/431/539 937/432/540 929/422/532
f 929/422/532 937/432/540 930/424/533 922/407/525
f 930/424/533 938/296/541 939/433/542 931/425/534
f 931/425/534 939/433/542 940/434/543 932/426/535
f 932/426/535 940/434/543 941/435/544 933/427/536
f 933/427/536 941/435/544 942/211/545 934/428/537
f 934/429/537 942/436/545 943/437/546 935/430/538
f 935/430/538 943/437/546 944/438/547 936/431/539
f 936/431/539 944/438/547 945/439/548 937/432/540
f 937/432/540 945/439/548 938/296/541 930/424/533
f 938/296/541 946/440/549 947/441/550 939/433/542
f 939/433/542 947/441/550 948/442/551 940/434/543
f 940/434/543 948/442/551 949/443/552 941/435/544
f 941/435/544 949/443/552 950/444/553 942/211/545
f 942/436/545 950/445/553 951/446/554 943/437/546
f 943/437/546 951/446/554 952/447/555 944/438/547
f 944/438/547 952/447/555 953/448/556 945/439/548
f 945/439/548 953/448/556 946/440/549 938/296/541
f 946/440/549 954/449/557 955/450/558 947/441/550
f 947/441/550 955/450/558 956/451/559 948/442/551
f 948/442/551 956/451/559 957/452/560 949/443/552
f 949/443/552 957/452/560 958/453/561 950/444/553
f 950/445/553 958/454/561 959/455/562 951/446/554
f 951/446/554 959/455/562 960/456/563 952/447/555
f 952/447/555 960/456/563 961/457/564 953/448/556
f 953/448/556 961/457/564 954/449/557 946/440/549
f 954/449/557 962/294/47 963/458/565 955/450/558
f 955/450/558 963/458/565 964/459/566 956/451/559
f 956/451/559 964/459/566 965/460/567 957/452/560
f 957/452/560 965/460/567 966/207/288 958/453/561
f 958/454/561 966/461/288 967/462/568 959/455/562
f 959/455/562 967/462/568 968/463/569 960/456/563
f 960/456/563 968/463/569 969/464/570 961/457/564
f 961/457/564 969/464/570 962/294/47 954/449/557
f 962/294/47 970/465/571 971/466/572 963/458/565
f 963/458/565 971/466/572 972/467/573 964/459/566
f 964/459/566 972/467/573 973/468/574 965/460/567
f 965/460/567 973/468/574 974/469/575 966/207/288
f 966/461/288 974/470/575 975/471/576 967/462/568
f 967/462/568 975/471/576 976/472/577 968/463/569
f 968/463/569 976/472/577 977/473/578 969/464/570
f 969/464/570 977/473/578 970/465/571 962/294/47
f 970/465/571 978/474/579 979/475/580 971/466/572
f 971/466/572 979/475/580 980/476/581 972/467/573
f 972/467/573 980/476/581 981/477/582 973/468/574
f 973/468/574 981/477/582 982/478/583 974/469/575
f 974/470/575 982/479/583 983/480/584 975/471/576
f 975/471/576 983/480/584 984/481/585 976/472/577
f 976/472/577 984/481/585 985/482/586 977/473/578
f 977/473/578 985/482/586 978/474/579 970/465/571
f 978/474/579 986/292/587 987/483/588 979/475/580
f 979/475/580 987/483/588 988/484/589 980/476/581
f 980/476/581 988/484/589 989/485/590 981/477/582
f 981/477/582 989/485/590 990/203/591 982/478/583
f 982/479/583 990/486/591 991/487/592 983/480/584
f 983/480/584 991/487/592 992/488/593 984/481/585
f 984/481/585 992/488/593 993/489/594 985/482/586
f 985/482/586 993/489/594 986/292/587 978/474/579
f 986/292/587 994/490/595 995/491/596 987/483/588
f 987/483/588 995/491/596 996/492/597 988/484/589
f 988/484/589 996/492/597 997/493/598 989/485/590
f 989/485/590 997/493/598 998/494/599 990/203/591
f 990/486/591 998/495/599 999/496/600 991/487/592
f 991/487/592 999/496/600 1000/497/601 992/488/593
f 992/488/593 1000/497/601 1001/498/602 993/489/594
f 993/489/594 1001/498/602 994/490/595 986/292/587
f 994/490/595 1002/499/603 1003/500/604 995/491/596
f 995/491/596 1003/500/604 1004/501/605 996/492/597
f 996/492/597 1004/501/605 1005/502/606 997/493/598
f 997/493/598 1005/502/606 1006/503/607 998/494/599
f 998/495/599 1006/504/607 1007/505/608 999/496/600
f 999/496/600 1007/505/608 1008/506/609 1000/497/601
f 1000/497/601 1008/506/609 1009/507/610 1001/498/602
f 1001/498/602 1009/507/610 1002/499/603 994/490/595
f 1002/499/603 818/290/241 819/301/427 1003/500/604
f 1003/500/604 819/301/427 820/303/428 1004/501/605
f 1004/501/605 820/303/428 821/305/429 1005/502/606
f 1005/502/606 821/305/429 822/199/233 1006/503/607
f 1006/504/607 822/307/233 823/310/430 1007/505/608
f 1007/505/608 823/310/430 824/312/431 1008/506/609
f 1008/506/609 824/312/431 825/314/432 1009/507/610
f 1009/507/610 825/314/432 818/290/241 1002/499/603
f 1010/290/229 1018/299/248 1019/300/249 1011/301/242
f 1011/301/242 1019/300/249 1020/302/250 1012/303/243
f 1012/303/243 1020/302/250 1021/304/251 1013/305/244
f 1013/305/244 1021/304/251 1022/306/252 1014/199/237
f 1014/307/237 1022/308/252 1023/309/253 1015/310/245
f 1015/310/245 1023/309/253 1024/311/254 1016/312/246
f 1016/312/246 1024/311/254 1025/313/255 1017/314/247
f 1017/314/247 1025/313/255 1018/299/248 1010/290/229
f 1018/299/248 1026/315/256 1027/316/257 1019/300/249
f 1019/300/249 1027/316/257 1028/317/258 1020/302/250
f 1020/302/250 1028/317/258 1029/318/259 1021/304/251
f 1021/304/251 1029/318/259 1030/319/260 1022/306/252
f 1022/308/252 1030/320/260 1031/321/261 1023/309/253
f 1023/309/253 1031/321/261 1032/322/262 1024/311/254
f 1024/311/254 1032/322/262 1033/323/263 1025/313/255
f 1025/313/255 1033/323/263 1026/315/256 1018/299/248
f 1026/315/256 1034/288/264 1035/324/265 1027/316/257
f 1027/316/257 1035/324/265 1036/325/266 1028/317/258
f 1028/317/258 1036/325/266 1037/326/267 1029/318/259
f 1029/318/259 1037/326/267 1038/195/268 1030/319/260
f 1030/320/260 1038/327/268 1039/328/269 1031/321/261
f 1031/321/261 1039/328/269 1040/329/270 1032/322/262
f 1032/322/262 1040/329/270 1041/330/271 1033/323/263
f 1033/323/263 1041/330/271 1034/288/264 1026/315/256
f 1034/288/264 1042/331/272 1043/332/273 1035/324/265
f 1035/324/265 1043/332/273 1044/333/274 1036/325/266
f 1036/325/266 1044/333/274 1045/334/275 1037/326/267
f 1037/326/267 1045/334/275 1046/335/276 1038/195/268
f 1038/327/268 1046/336/276 1047/337/277 1039/328/269
f 1039/328/269 1047/337/277 1048/338/278 1040/329/270
f 1040/329/270 1048/338/278 1049/339/279 1041/330/271
f 1041/330/271 1049/339/279 1042/331/272 1034/288/264
f 1042/331/272 1050/340/280 1051/341/281 1043/332/273
f 1043/332/273 1051/341/281 1052/342/282 1044/333/274
f 1044/333/274 1052/342/282 1053/343/283 1045/334/275
f 1045/334/275 1053/343/283 1054/344/284 1046/335/276
f 1046/336/276 1054/345/284 1055/346/285 1047/337/277
f 1047/337/277 1055/346/285 1056/347/286 1048/338/278
f 1048/338/278 1056/347/286 1057/348/287 1049/339/279
f 1049/339/279 1057/348/287 1050/340/280 1042/331/272
f 1050/340/280 1058/286/288 1059/349/289 1051/341/281
f 1051/341/281 1059/349/289 1060/350/290 1052/342/282
f 1052/342/282 1060/350/290 1061/351/291 1053/343/283
f 1053/343/283 1061/351/291 1062/191/47 1054/344/284
f 1054/345/284 1062/352/47 1063/353/292 1055/346/285
f 1055/346/285 1063/353/292 1064/354/293 1056/347/286
f 1056/347/286 1064/354/293 1065/355/294 1057/348/287
f 1057/348/287 1065/355/294 1058/286/288 1050/340/280
f 1058/286/288 1066/356/295 1067/357/296 1059/349/289
f 1059/349/289 1067/357/296 1068/358/297 1060/350/290
f 1060/350/290 1068/358/297 1069/359/298 1061/351/291
f 1061/351/291 1069/359/298 1070/360/299 1062/191/47
f 1062/352/47 1070/361/299 1071/362/300 1063/353/292
f 1063/353/292 1071/362/300 1072/363/301 1064/354/293
f 1064/354/293 1072/363/301 1073/364/302 1065/355/294
f 1065/355/294 1073/364/302 1066/356/295 1058/286/288
f 1066/356/295 1074/365/303 1075/366/304 1067/357/296
f 1067/357/296 1075/366/304 1076/367/305 1068/358/297
f 1068/358/297 1076/367/305 1077/368/306 1069/359/298
f 1069/359/298 1077/368/306 1078/369/307 1070/360/299
f 1070/361/299 1078/370/307 1079/371/308 1071/362/300
f 1071/362/300 1079/371/308 1080/372/309 1072/363/301
f 1072/363/301 1080/372/309 1081/373/310 1073/364/302
f 1073/364/302 1081/373/310 1074/365/303 1066/356/295
f 1074/365/303 1082/284/311 1083/374/312 1075/366/304
f 1075/366/304 1083/374/312 1084/375/313 1076/367/305
f 1076/367/305 1084/375/313 1085/376/314 1077/368/306
f 1077/368/306 1085/376/314 1086/187/315 1078/369/307
f 1078/370/307 1086/377/315 1087/378/316 1079/371/308
f 1079/371/308 1087/378/316 1088/379/317 1080/372/309
f 1080/372/309 1088/379/317 1089/380/318 1081/373/310
f 1081/373/310 1089/380/318 1082/284/311 1074/365/303
f 1082/284/311 1090/381/319 1091/382/320 1083/374/312
f 1083/374/312 1091/382/320 1092/383/321 1084/375/313
f 1084/375/313 1092/383/321 1093/384/322 1085/376/314
f 1085/376/314 1093/384/322 1094/385/611 1086/187/315
f 1086/377/315 1094/386/611 1095/387/324 1087/378/316
f 1087/378/316 1095/387/324 1096/388/325 1088/379/317
f 1088/379/317 1096/388/325 1097/389/326 1089/380/318
f 1089/380/318 1097/389/326 1090/381/319 1082/284/311
f 1090/381/319 1098/390/327 1099/391/328 1091/382/320
f 1091/382/320 1099/391/328 1100/392/329 1092/383/321
f 1092/383/321 1100/392/329 1101/393/330 1093/384/322
f 1093/384/322 1101/393/330 1102/394/331 1094/385/611
f 1094/386/611 1102/395/331 1103/396/332 1095/387/324
f 1095/387/324 1103/396/332 1104/397/333 1096/388/325
f 1096/388/325 1104/397/333 1105/398/334 1097/389/326
f 1097/389/326 1105/398/334 1098/390/327 1090/381/319
f 1098/390/327 1106/282/237 1107/399/335 1099/391/328
f 1099/391/328 1107/399/335 1108/400/336 1100/392/329
f 1100/392/329 1108/400/336 1109/401/337 1101/393/330
f 1101/393/330 1109/401/337 1110/184/229 1102/394/331
f 1102/395/331 1110/402/229 1111/403/338 1103/396/332
f 1103/396/332 1111/403/338 1112/404/339 1104/397/333
f 1104/397/333 1112/404/339 1113/405/340 1105/398/334
f 1105/398/334 1113/405/340 1106/282/237 1098/390/327
f 1106/406/237 1114/407/341 1115/408/342 1107/409/335
f 1107/409/335 1115/408/342 1116/410/343 1108/411/336
f 1108/411/336 1116/410/343 1117/412/344 1109/413/337
f 1109/413/337 1117/412/344 1118/414/345 1110/415/229
f 1110/416/229 1118/417/345 1119/418/346 1111/419/338
f 1111/419/338 1119/418/346 1120/420/347 1112/421/339
f 1112/421/339 1120/420/347 1121/422/348 1113/423/340
f 1113/423/340 1121/422/348 1114/407/341 1106/406/237
f 1114/407/341 1122/424/349 1123/425/350 1115/408/342
f 1115/408/342 1123/425/350 1124/426/351 1116/410/343
f 1116/410/343 1124/426/351 1125/427/352 1117/412/344
f 1117/412/344 1125/427/352 1126/428/612 1118/414/345
f 1118/417/345 1126/429/612 1127/430/354 1119/418/346
f 1119/418/346 1127/430/354 1128/431/355 1120/420/347
f 1120/420/347 1128/431/355 1129/432/356 1121/422/348
f 1121/422/348 1129/432/356 1122/424/349 1114/407/341
f 1122/424/349 1130/296/357 1131/433/358 1123/425/350
f 1123/425/350 1131/433/358 1132/434/359 1124/426/351
f 1124/426/351 1132/434/359 1133/435/360 1125/427/352
f 1125/427/352 1133/435/360 1134/211/361 1126/428/612
f 1126/429/612 1134/436/361 1135/437/362 1127/430/354
f 1127/430/354 1135/437/362 1136/438/363 1128/431/355
f 1128/431/355 1136/438/363 1137/439/364 1129/432/356
f 1129/432/356 1137/439/364 1130/296/357 1122/424/349
f 1130/296/357 1138/440/365 1139/441/366 1131/433/358
f 1131/433/358 1139/441/366 1140/442/367 1132/434/359
f 1132/434/359 1140/442/367 1141/443/368 1133/435/360
f 1133/435/360 1141/443/368 1142/444/369 1134/211/361
f 1134/436/361 1142/445/369 1143/446/370 1135/437/362
f 1135/437/362 1143/446/370 1144/447/371 1136/438/363
f 1136/438/363 1144/447/371 1145/448/372 1137/439/364
f 1137/439/364 1145/448/372 1138/440/365 1130/296/357
f 1138/440/365 1146/449/373 1147/450/374 1139/441/366
f 1139/441/366 1147/450/374 1148/451/375 1140/442/367
f 1140/442/367 1148/451/375 1149/452/376 1141/443/368
f 1141/443/368 1149/452/376 1150/453/377 1142/444/369
f 1142/445/369 1150/454/377 1151/455/378 1143/446/370
f 1143/446/370 1151/455/378 1152/456/379 1144/447/371
f 1144/447/371 1152/456/379 1153/457/380 1145/448/372
f 1145/448/372 1153/457/380 1146/449/373 1138/440/365
f 1146/449/373 1154/294/47 1155/458/381 1147/450/374
f 1147/450/374 1155/458/381 1156/459/382 1148/451/375
f 1148/451/375 1156/459/382 1157/460/383 1149/452/376
f 1149/452/376 1157/460/383 1158/207/288 1150/453/377
f 1150/454/377 1158/461/288 1159/462/384 1151/455/378
f 1151/455/378 1159/462/384 1160/463/385 1152/456/379
f 1152/456/379 1160/463/385 1161/464/386 1153/457/380
f 1153/457/380 1161/464/386 1154/294/47 1146/449/373
f 1154/294/47 1162/465/387 1163/466/388 1155/458/381
f 1155/458/381 1163/466/388 1164/467/389 1156/459/382
f 1156/459/382 1164/467/389 1165/468/390 1157/460/383
f 1157/460/383 1165/468/390 1166/469/391 1158/207/288
f 1158/461/288 1166/470/391 1167/471/392 1159/462/384
f 1159/462/384 1167/471/392 1168/472/393 1160/463/385
f 1160/463/385 1168/472/393 1169/473/394 1161/464/386
f 1161/464/386 1169/473/394 1162/465/387 1154/294/47
f 1162/465/387 1170/474/395 1171/475/396 1163/466/388
f 1163/466/388 1171/475/396 1172/476/397 1164/467/389
f 1164/467/389 1172/476/397 1173/477/398 1165/468/390
f 1165/468/390 1173/477/398 1174/478/399 1166/469/391
f 1166/470/391 1174/479/399 1175/480/400 1167/471/392
f 1167/471/392 1175/480/400 1176/481/401 1168/472/393
f 1168/472/393 1176/481/401 1177/482/402 1169/473/394
f 1169/473/394 1177/482/402 1170/474/395 1162/465/387
f 1170/474/395 1178/292/403 1179/483/404 1171/475/396
f 1171/475/396 1179/483/404 1180/484/405 1172/476/397
f 1172/476/397 1180/484/405 1181/485/406 1173/477/398
f 1173/477/398 1181/485/406 1182/203/407 1174/478/399
f 1174/479/399 1182/486/407 1183/487/408 1175/480/400
f 1175/480/400 1183/487/408 1184/488/409 1176/481/401
f 1176/481/401 1184/488/409 1185/489/410 1177/482/402
f 1177/482/402 1185/489/410 1178/292/403 1170/474/395
f 1178/292/403 1186/490/411 1187/491/412 1179/483/404
f 1179/483/404 1187/491/412 1188/492/413 1180/484/405
f 1180/484/405 1188/492/413 1189/493/414 1181/485/406
f 1181/485/406 1189/493/414 1190/494/415 1182/203/407
f 1182/486/407 1190/495/415 1191/496/416 1183/487/408
f 1183/487/408 1191/496/416 1192/497/417 1184/488/409
f 1184/488/409 1192/497/417 1193/498/418 1185/489/410
f 1185/489/410 1193/498/418 1186/490/411 1178/292/403
f 1186/490/411 1194/499/419 1195/500/420 1187/491/412
f 1187/491/412 1195/500/420 1196/501/421 1188/492/413
f 1188/492/413 1196/501/421 1197/502/422 1189/493/414
f 1189/493/414 1197/502/422 1198/503/423 1190/494/415
f 1190/495/415 1198/504/423 1199/505/424 1191/496/416
f 1191/496/416 1199/505/424 1200/506/425 1192/497/417
f 1192/497/417 1200/506/425 1201/507/426 1193/498/418
f 1193/498/418 1201/507/426 1194/499/419 1186/490/411
f 1194/499/419 1010/290/229 1011/301/242 1195/500/420
f 1195/500/420 1011/301/242 1012/303/243 1196/501/421
f 1196/501/421 1012/303/243 1013/305/244 1197/502/422
f 1197/502/422 1013/305/244 1014/199/237 1198/503/423
f 1198/504/423 1014/307/237 1015/310/245 1199/505/424
f 1199/505/424 1015/310/245 1016/312/246 1200/506/425
f 1200/506/425 1016/312/246 1017/314/247 1201/507/426
f 1201/507/426 1017/314/247 1010/290/229 1194/499/419
f 1202/290/241 1210/299/433 1211/300/434 1203/301/427
f 1203/301/427 1211/300/434 1212/302/435 1204/303/428
f 1204/303/428 1212/302/435 1213/304/436 1205/305/429
f 1205/305/429 1213/304/436 1214/306/437 1206/199/233
f 1206/307/233 1214/308/437 1215/309/438 1207/310/430
f 1207/310/430 1215/309/438 1216/311/439 1208/312/431
f 1208/312/431 1216/311/439 1217/313/440 1209/314/432
f 1209/314/432 1217/313/440 1210/299/433 1202/290/241
f 1210/299/433 1218/315/441 1219/316/442 1211/300/434
f 1211/300/434 1219/316/442 1220/317/443 1212/302/435
f 1212/302/435 1220/317/443 1221/318/444 1213/304/436
f 1213/304/436 1221/318/444 1222/319/445 1214/306/437
f 1214/308/437 1222/320/445 1223/321/446 1215/309/438
f 1215/309/438 1223/321/446 1224/322/447 1216/311/439
f 1216/311/439 1224/322/447 1225/323/448 1217/313/440
f 1217/313/440 1225/323/448 1218/315/441 1210/299/433
f 1218/315/441 1226/288/449 1227/324/450 1219/316/442
f 1219/316/442 1227/324/450 1228/325/451 1220/317/443
f 1220/317/443 1228/325/451 1229/326/452 1221/318/444
f 1221/318/444 1229/326/452 1230/195/453 1222/319/445
f 1222/320/445 1230/327/453 1231/328/454 1223/321/446
f 1223/321/446 1231/328/454 1232/329/455 1224/322/447
f 1224/322/447 1232/329/455 1233/330/456 1225/323/448
f 1225/323/448 1233/330/456 1226/288/449 1218/315/441
f 1226/288/449 1234/331/457 1235/332/458 1227/324/450
f 1227/324/450 1235/332/458 1236/333/459 1228/325/451
f 1228/325/451 1236/333/459 1237/334/460 1229/326/452
f 1229/326/452 1237/334/460 1238/335/461 1230/195/453
f 1230/327/453 1238/336/461 1239/337/462 1231/328/454
f 1231/328/454 1239/337/462 1240/338/463 1232/329/455
f 1232/329/455 1240/338/463 1241/339/464 1233/330/456
f 1233/330/456 1241/339/464 1234/331/457 1226/288/449
f 1234/331/457 1242/340/465 1243/341/466 1235/332/458
f 1235/332/458 1243/341/466 1244/342/467 1236/333/459
f 1236/333/459 1244/342/467 1245/343/468 1237/334/460
f 1237/334/460 1245/343/468 1246/344/469 1238/335/461
f 1238/336/461 1246/345/469 1247/346/470 1239/337/462
f 1239/337/462 1247/346/470 1248/347/471 1240/338/463
f 1240/338/463 1248/347/471 1249/348/472 1241/339/464
f 1241/339/464 1249/348/472 1242/340/465 1234/331/457
f 1242/340/465 1250/286/288 1251/349/473 1243/341/466
f 1243/341/466 1251/349/473 1252/350/474 1244/342/467
f 1244/342/467 1252/350/474 1253/351/475 1245/343/468
f 1245/343/468 1253/351/475 1254/191/47 1246/344/469
f 1246/345/469 1254/352/47 1255/353/476 1247/346/470
f 1247/346/470 1255/353/476 1256/354/477 1248/347/471
f 1248/347/471 1256/354/477 1257/355/478 1249/348/472
f 1249/348/472 1257/355/478 1250/286/288 1242/340/465
f 1250/286/288 1258/356/479 1259/357/480 1251/349/473
f 1251/349/473 1259/357/480 1260/358/481 1252/350/474
f 1252/350/474 1260/358/481 1261/359/482 1253/351/475
f 1253/351/475 1261/359/482 1262/360/483 1254/191/47
f 1254/352/47 1262/361/483 1263/362/484 1255/353/476
f 1255/353/476 1263/362/484 1264/363/485 1256/354/477
f 1256/354/477 1264/363/485 1265/364/486 1257/355/478
f 1257/355/478 1265/364/486 1258/356/479 1250/286/288
f 1258/356/479 1266/365/487 1267/366/488 1259/357/480
f 1259/357/480 1267/366/488 1268/367/489 1260/358/481
f 1260/358/481 1268/367/489 1269/368/490 1261/359/482
f 1261/359/482 1269/368/490 1270/369/491 1262/360/483
f 1262/361/483 1270/370/491 1271/371/492 1263/362/484
f 1263/362/484 1271/371/492 1272/372/493 1264/363/485
f 1264/363/485 1272/372/493 1273/373/494 1265/364/486
f 1265/364/486 1273/373/494 1266/365/487 1258/356/479
f 1266/365/487 1274/284/495 1275/374/496 1267/366/488
f 1267/366/488 1275/374/496 1276/375/497 1268/367/489
f 1268/367/489 1276/375/497 1277/376/498 1269/368/490
f 1269/368/490 1277/376/498 1278/187/499 1270/369/491
f 1270/370/491 1278/377/499 1279/378/500 1271/371/492
f 1271/371/492 1279/378/500 1280/379/501 1272/372/493
f 1272/372/493 1280/379/501 1281/380/502 1273/373/494
f 1273/373/494 1281/380/502 1274/284/495 1266/365/487
f 1274/284/495 1282/381/503 1283/382/504 1275/374/496
f 1275/374/496 1283/382/504 1284/383/505 1276/375/497
f 1276/375/497 1284/383/505 1285/384/506 1277/376/498
f 1277/376/498 1285/384/506 1286/385/507 1278/187/499
f 1278/377/499 1286/386/507 1287/387/508 1279/378/500
f 1279/378/500 1287/387/508 1288/388/509 1280/379/501
f 1280/379/501 1288/388/509 1289/389/510 1281/380/502
f 1281/380/502 1289/389/510 1282/381/503 1274/284/495
f 1282/381/503 1290/390/511 1291/391/512 1283/382/504
f 1283/382/504 1291/391/512 1292/392/513 1284/383/505
f 1284/383/505 1292/392/513 1293/393/514 1285/384/506
f 1285/384/506 1293/393/514 1294/394/515 1286/385/507
f 1286/386/507 1294/395/515 1295/396/516 1287/387/508
f 1287/387/508 1295/396/516 1296/397/517 1288/388/509
f 1288/388/509 1296/397/517 1297/398/518 1289/389/510
f 1289/389/510 1297/398/518 1290/390/511 1282/381/503
f 1290/390/511 1298/282/233 1299/399/519 1291/391/512
f 1291/391/512 1299/399/519 1300/400/520 1292/392/513
f 1292/392/513 1300/400/520 1301/401/521 1293/393/514
f 1293/393/514 1301/401/521 1302/184/241 1294/394/515
f 1294/395/515 1302/402/241 1303/403/522 1295/396/516
f 1295/396/516 1303/403/522 1304/404/523 1296/397/517
f 1296/397/517 1304/404/523 1305/405/524 1297/398/518
f 1297/398/518 1305/405/524 1298/282/233 1290/390/511
f 1298/406/233 1306/407/525 1307/408/526 1299/409/519
f 1299/409/519 1307/408/526 1308/410/527 1300/411/520
f 1300/411/520 1308/410/527 1309/412/528 1301/413/521
f 1301/413/521 1309/412/528 1310/414/529 1302/415/241
f 1302/416/241 1310/417/529 1311/418/530 1303/419/522
f 1303/419/522 1311/418/530 1312/420/531 1304/421/523
f 1304/421/523 1312/420/531 1313/422/532 1305/423/524
f 1305/423/524 1313/422/532 1306/407/525 1298/406/233
f 1306/407/525 1314/424/533 1315/425/534 1307/408/526
f 1307/408/526 1315/425/534 1316/426/535 1308/410/527
f 1308/410/527 1316/426/535 1317/427/536 1309/412/528
f 1309/412/528 1317/427/536 1318/428/537 1310/414/529
f 1310/417/529 1318/429/537 1319/430/538 1311/418/530
f 1311/418/530 1319/430/538 1320/431/539 1312/420/531
f 1312/420/531 1320/431/539 1321/432/540 1313/422/532
f 1313/422/532 1321/432/540 1314/424/533 1306/407/525
f 1314/424/533 1322/296/541 1323/433/542 1315/425/534
f 1315/425/534 1323/433/542 1324/434/543 1316/426/535
f 1316/426/535 1324/434/543 1325/435/544 1317/427/536
f 1317/427/536 1325/435/544 1326/211/545 1318/428/537
f 1318/429/537 1326/436/545 1327/437/546 1319/430/538
f 1319/430/538 1327/437/546 1328/438/547 1320/431/539
f 1320/431/539 1328/438/547 1329/439/548 1321/432/540
f 1321/432/540 1329/439/548 1322/296/541 1314/424/533
f 1322/296/541 1330/440/549 1331/441/550 1323/433/542
f 1323/433/542 1331/441/550 1332/442/551 1324/434/543
f 1324/434/543 1332/442/551 1333/443/552 1325/435/544
f 1325/435/544 1333/443/552 1334/444/553 1326/211/545
f 1326/436/545 1334/445/553 1335/446/554 1327/437/546
f 1327/437/546 1335/446/554 1336/447/555 1328/438/547
f 1328/438/547 1336/447/555 1337/448/556 1329/439/548
f 1329/439/548 1337/448/556 1330/440/549 1322/296/541
f 1330/440/549 1338/449/557 1339/450/558 1331/441/550
f 1331/441/550 1339/450/558 1340/451/613 1332/442/551
f 1332/442/551 1340/451/613 1341/452/560 1333/443/552
f 1333/443/552 1341/452/560 1342/453/561 1334/444/553
f 1334/445/553 1342/454/561 1343/455/562 1335/446/554
f 1335/446/554 1343/455/562 1344/456/563 1336/447/555
f 1336/447/555 1344/456/563 1345/457/564 1337/448/556
f 1337/448/556 1345/457/564 1338/449/557 1330/440/549
f 1338/449/557 1346/294/47 1347/458/565 1339/450/558
f 1339/450/558 1347/458/565 1348/459/566 1340/451/613
f 1340/451/613 1348/459/566 1349/460/567 1341/452/560
f 1341/452/560 1349/460/567 1350/207/288 1342/453/561
f 1342/454/561 1350/461/288 1351/462/568 1343/455/562
f 1343/455/562 1351/462/568 1352/463/569 1344/456/563
f 1344/456/563 1352/463/569 1353/464/570 1345/457/564
f 1345/457/564 1353/464/570 1346/294/47 1338/449/557
f 1346/294/47 1354/465/571 1355/466/572 1347/458/565
f 1347/458/565 1355/466/572 1356/467/573 1348/459/566
f 1348/459/566 1356/467/573 1357/468/574 1349/460/567
f 1349/460/567 1357/468/574 1358/469/575 1350/207/288
f 1350/461/288 1358/470/575 1359/471/576 1351/462/568
f 1351/462/568 1359/471/576 1360/472/577 1352/463/569
f 1352/463/569 1360/472/577 1361/473/578 1353/464/570
f 1353/464/570 1361/473/578 1354/465/571 1346/294/47
f 1354/465/571 1362/474/579 1363/475/580 1355/466/572
f 1355/466/572 1363/475/580 1364/476/581 1356/467/573
f 1356/467/573 1364/476/581 1365/477/582 1357/468/574
f 1357/468/574 1365/477/582 1366/478/583 1358/469/575
f 1358/470/575 1366/479/583 1367/480/584 1359/471/576
f 1359/471/576 1367/480/584 1368/481/585 1360/472/577
f 1360/472/577 1368/481/585 1369/482/586 1361/473/578
f 1361/473/578 1369/482/586 1362/474/579 1354/465/571
f 1362/474/579 1370/292/587 1371/483/588 1363/475/580
f 1363/475/580 1371/483/588 1372/484/589 1364/476/581
f 1364/476/581 1372/484/589 1373/485/590 1365/477/582
f 1365/477/582 1373/485/590 1374/203/591 1366/478/583
f 1366/479/583 1374/486/591 1375/487/592 1367/480/584
f 1367/480/584 1375/487/592 1376/488/593 1368/481/585
f 1368/481/585 1376/488/593 1377/489/594 1369/482/586
f 1369/482/586 1377/489/594 1370/292/587 1362/474/579
f 1370/292/587 1378/490/595 1379/491/596 1371/483/588
f 1371/483/588 1379/491/596 1380/492/597 1372/484/589
f 1372/484/589 1380/492/597 1381/493/598 1373/485/590
f 1373/485/590 1381/493/598 1382/494/599 1374/203/591
f 1374/486/591 1382/495/599 1383/496/600 1375/487/592
f 1375/487/592 1383/496/600 1384/497/601 1376/488/593
f 1376/488/593 1384/497/601 1385/498/602 1377/489/594
f 1377/489/594 1385/498/602 1378/490/595 1370/292/587
f 1378/490/595 1386/499/603 1387/500/604 1379/491/596
f 1379/491/596 1387/500/604 1388/501/605 1380/492/597
f 1380/492/597 1388/501/605 1389/502/606 1381/493/598
f 1381/493/598 1389/502/606 1390/503/607 1382/494/599
f 1382/495/599 1390/504/607 1391/505/608 1383/496/600
f 1383/496/600 1391/505/608 1392/506/609 1384/497/601
f 1384/497/601 1392/506/609 1393/507/610 1385/498/602
f 1385/498/602 1393/507/610 1386/499/603 1378/490/595
f 1386/499/603 1202/290/241 1203/301/427 1387/500/604
f 1387/500/604 1203/301/427 1204/303/428 1388/501/605
f 1388/501/605 1204/303/428 1205/305/429 1389/502/606
f 1389/502/606 1205/305/429 1206/199/233 1390/503/607
f 1390/504/607 1206/307/233 1207/310/430 1391/505/608
f 1391/505/608 1207/310/430 1208/312/431 1392/506/609
f 1392/506/609 1208/312/431 1209/314/432 1393/507/610
f 1393/507/610 1209/314/432 1202/290/241 1386/499/603
f 1394/290/229 1402/299/248 1403/300/614 1395/301/242
f 1395/301/242 1403/300/614 1404/302/250 1396/303/243
f 1396/303/243 1404/302/250 1405/304/251 1397/305/244
f 1397/305/244 1405/304/251 1406/306/252 1398/199/237
f 1398/307/237 1406/308/252 1407/309/253 1399/310/245
f 1399/310/245 1407/309/253 1408/311/254 1400/312/246
f 1400/312/246 1408/311/254 1409/313/255 1401/314/247
f 1401/314/247 1409/313/255 1402/299/248 1394/290/229
f 1402/299/248 1410/315/256 1411/316/257 1403/300/614
f 1403/300/614 1411/316/257 1412/317/258 1404/302/250
f 1404/302/250 1412/317/258 1413/318/259 1405/304/251
f 1405/304/251 1413/318/259 1414/319/260 1406/306/252
f 1406/308/252 1414/320/260 1415/321/261 1407/309/253
f 1407/309/253 1415/321/261 1416/322/262 1408/311/254
f 1408/311/254 1416/322/262 1417/323/263 1409/313/255
f 1409/313/255 1417/323/263 1410/315/256 1402/299/248
f 1410/315/256 1418/288/264 1419/324/265 1411/316/257
f 1411/316/257 1419/324/265 1420/325/266 1412/317/258
f 1412/317/258 1420/325/266 1421/326/267 1413/318/259
f 1413/318/259 1421/326/267 1422/195/268 1414/319/260
f 1414/320/260 1422/327/268 1423/328/269 1415/321/261
f 1415/321/261 1423/328/269 1424/329/270 1416/322/262
f 1416/322/262 1424/329/270 1425/330/271 1417/323/263
f 1417/323/263 1425/330/271 1418/288/264 1410/315/256
f 1418/288/264 1426/331/272 1427/332/273 1419/324/265
f 1419/324/265 1427/332/273 1428/333/274 1420/325/266
f 1420/325/266 1428/333/274 1429/334/275 1421/326/267
f 1421/326/267 1429/334/275 1430/335/276 1422/195/268
f 1422/327/268 1430/336/276 1431/337/277 1423/328/269
f 1423/328/269 1431/337/277 1432/338/278 1424/329/270
f 1424/329/270 1432/338/278 1433/339/279 1425/330/271
f 1425/330/271 1433/339/279 1426/331/272 1418/288/264
f 1426/331/272 1434/340/280 1435/341/281 1427/332/273
f 1427/332/273 1435/341/281 1436/342/282 1428/333/274
f 1428/333/274 1436/342/282 1437/343/283 1429/334/275
f 1429/334/275 1437/343/283 1438/344/284 1430/335/276
f 1430/336/276 1438/345/284 1439/346/285 1431/337/277
f 1431/337/277 1439/346/285 1440/347/286 1432/338/278
f 1432/338/278 1440/347/286 1441/348/287 1433/339/279
f 1433/339/279 1441/348/287 1434/340/280 1426/331/272
f 1434/340/280 1442/286/288 1443/349/289 1435/341/281
f 1435/341/281 1443/349/289 1444/350/290 1436/342/282
f 1436/342/282 1444/350/290 1445/351/291 1437/343/283
f 1437/343/283 1445/351/291 1446/191/47 1438/344/284
f 1438/345/284 1446/352/47 1447/353/292 1439/346/285
f 1439/346/285 1447/353/292 1448/354/293 1440/347/286
f 1440/347/286 1448/354/293 1449/355/294 1441/348/287
f 1441/348/287 1449/355/294 1442/286/288 1434/340/280
f 1442/286/288 1450/356/295 1451/357/296 1443/349/289
f 1443/349/289 1451/357/296 1452/358/297 1444/350/290
f 1444/350/290 1452/358/297 1453/359/298 1445/351/291
f 1445/351/291 1453/359/298 1454/360/299 1446/191/47
f 1446/352/47 1454/361/299 1455/362/300 1447/353/292
f 1447/353/292 1455/362/300 1456/363/301 1448/354/293
f 1448/354/293 1456/363/301 1457/364/302 1449/355/294
f 1449/355/294 1457/364/302 1450/356/295 1442/286/288
f 1450/356/295 1458/365/303 1459/366/615 1451/357/296
f 1451/357/296 1459/366/615 1460/367/305 1452/358/297
f 1452/358/297 1460/367/305 1461/368/306 1453/359/298
f 1453/359/298 1461/368/306 1462/369/307 1454/360/299
f 1454/361/299 1462/370/307 1463/371/308 1455/362/300
f 1455/362/300 1463/371/308 1464/372/309 1456/363/301
f 1456/363/301 1464/372/309 1465/373/616 1457/364/302
f 1457/364/302 1465/373/616 1458/365/303 1450/356/295
f 1458/365/303 1466/284/311 1467/374/312 1459/366/615
f 1459/366/615 1467/374/312 1468/375/313 1460/367/305
f 1460/367/305 1468/375/313 1469/376/314 1461/368/306
f 1461/368/306 1469/376/314 1470/187/315 1462/369/307
f 1462/370/307 1470/377/315 1471/378/316 1463/371/308
f 1463/371/308 1471/378/316 1472/379/317 1464/372/309
f 1464/372/309 1472/379/317 1473/380/318 1465/373/616
f 1465/373/616 1473/380/318 1466/284/311 1458/365/303
f 1466/284/311 1474/381/319 1475/382/320 1467/374/312
f 1467/374/312 1475/382/320 1476/383/321 1468/375/313
f 1468/375/313 1476/383/321 1477/384/322 1469/376/314
f 1469/376/314 1477/384/322 1478/385/323 1470/187/315
f 1470/377/315 1478/386/323 1479/387/324 1471/378/316
f 1471/378/316 1479/387/324 1480/388/325 1472/379/317
f 1472/379/317 1480/388/325 1481/389/326 1473/380/318
f 1473/380/318 1481/389/326 1474/381/319 1466/284/311
f 1474/381/319 1482/390/327 1483/391/328 1475/382/320
f 1475/382/320 1483/391/328 1484/392/329 1476/383/321
f 1476/383/321 1484/392/329 1485/393/330 1477/384/322
f 1477/384/322 1485/393/330 1486/394/331 1478/385/323
f 1478/386/323 1486/395/331 1487/396/332 1479/387/324
f 1479/387/324 1487/396/332 1488/397/333 1480/388/325
f 1480/388/325 1488/397/333 1489/398/334 1481/389/326
f 1481/389/326 1489/398/334 1482/390/327 1474/381/319
f 1482/390/327 1490/282/237 1491/399/335 1483/391/328
f 1483/391/328 1491/399/335 1492/400/336 1484/392/329
f 1484/392/329 1492/400/336 1493/401/337 1485/393/330
f 1485/393/330 1493/401/337 1494/184/229 1486/394/331
f 1486/395/331 1494/402/229 1495/403/338 1487/396/332
f 1487/396/332 1495/403/338 1496/404/339 1488/397/333
f 1488/397/333 1496/404/339 1497/405/340 1489/398/334
f 1489/398/334 1497/405/340 1490/282/237 1482/390/327
f 1490/406/237 1498/407/341 1499/408/342 1491/409/335
f 1491/409/335 1499/408/342 1500/410/343 1492/411/336
f 1492/411/336 1500/410/343 1501/412/344 1493/413/337
f 1493/413/337 1501/412/344 1502/414/345 1494/415/229
f 1494/416/229 1502/417/345 1503/418/346 1495/419/338
f 1495/419/338 1503/418/346 1504/420/347 1496/421/339
f 1496/421/339 1504/420/347 1505/422/348 1497/423/340
f 1497/423/340 1505/422/348 1498/407/341 1490/406/237
f 1498/407/341 1506/424/349 1507/425/350 1499/408/342
f 1499/408/342 1507/425/350 1508/426/351 1500/410/343
f 1500/410/343 1508/426/351 1509/427/352 1501/412/344
f 1501/412/344 1509/427/352 1510/428/353 1502/414/345
f 1502/417/345 1510/429/353 1511/430/354 1503/418/346
f 1503/418/346 1511/430/354 1512/431/355 1504/420/347
f 1504/420/347 1512/431/355 1513/432/356 1505/422/348
f 1505/422/348 1513/432/356 1506/424/349 1498/407/341
f 1506/424/349 1514/296/357 1515/433/358 1507/425/350
f 1507/425/350 1515/433/358 1516/434/359 1508/426/351
f 1508/426/351 1516/434/359 1517/435/360 1509/427/352
f 1509/427/352 1517/435/360 1518/211/361 1510/428/353
f 1510/429/353 1518/436/361 1519/437/362 1511/430/354
f 1511/430/354 1519/437/362 1520/438/363 1512/431/355
f 1512/431/355 1520/438/363 1521/439/364 1513/432/356
f 1513/432/356 1521/439/364 1514/296/357 1506/424/349
f 1514/296/357 1522/440/365 1523/441/366 1515/433/358
f 1515/433/358 1523/441/366 1524/442/367 1516/434/359
f 1516/434/359 1524/442/367 1525/443/368 1517/435/360
f 1517/435/360 1525/443/368 1526/444/369 1518/211/361
f 1518/436/361 1526/445/369 1527/446/370 1519/437/362
f 1519/437/362 1527/446/370 1528/447/371 1520/438/363
f 1520/438/363 1528/447/371 1529/448/372 1521/439/364
f 1521/439/364 1529/448/372 1522/440/365 1514/296/357
f 1522/440/365 1530/449/373 1531/450/374 1523/441/366
f 1523/441/366 1531/450/374 1532/451/375 1524/442/367
f 1524/442/367 1532/451/375 1533/452/376 1525/443/368
f 1525/443/368 1533/452/376 1534/453/377 1526/444/369
f 1526/445/369 1534/454/377 1535/455/378 1527/446/370
f 1527/446/370 1535/455/378 1536/456/379 1528/447/371
f 1528/447/371 1536/456/379 1537/457/380 1529/448/372
f 1529/448/372 1537/457/380 1530/449/373 1522/440/365
f 1530/449/373 1538/294/47 1539/458/381 1531/450/374
f 1531/450/374 1539/458/381 1540/459/382 1532/451/375
f 1532/451/375 1540/459/382 1541/460/383 1533/452/376
f 1533/452/376 1541/460/383 1542/207/288 1534/453/377
f 1534/454/377 1542/461/288 1543/462/384 1535/455/378
f 1535/455/378 1543/462/384 1544/463/385 1536/456/379
f 1536/456/379 1544/463/385 1545/464/386 1537/457/380
f 1537/457/380 1545/464/386 1538/294/47 1530/449/373
f 1538/294/47 1546/465/387 1547/466/388 1539/458/381
f 1539/458/381 1547/466/388 1548/467/389 1540/459/382
f 1540/459/382 1548/467/389 1549/468/390 1541/460/383
f 1541/460/383 1549/468/390 1550/469/391 1542/207/288
f 1542/461/288 1550/470/391 1551/471/392 1543/462/384
f 1543/462/384 1551/471/392 1552/472/393 1544/463/385
f 1544/463/385 1552/472/393 1553/473/394 1545/464/386
f 1545/464/386 1553/473/394 1546/465/387 1538/294/47
f 1546/465/387 1554/474/395 1555/475/396 1547/466/388
f 1547/466/388 1555/475/396 1556/476/397 1548/467/389
f 1548/467/389 1556/476/397 1557/477/398 1549/468/390
f 1549/468/390 1557/477/398 1558/478/399 1550/469/391
f 1550/470/391 1558/479/399 1559/480/400 1551/471/392
f 1551/471/392 1559/480/400 1560/481/401 1552/472/393
f 1552/472/393 1560/481/401 1561/482/402 1553/473/394
f 1553/473/394 1561/482/402 1554/474/395 1546/465/387
f 1554/474/395 1562/292/403 1563/483/404 1555/475/396
f 1555/475/396 1563/483/404 1564/484/405 1556/476/397
f 1556/476/397 1564/484/405 1565/485/406 1557/477/398
f 1557/477/398 1565/485/406 1566/203/407 1558/478/399
f 1558/479/399 1566/486/407 1567/487/408 1559/480/400
f 1559/480/400 1567/487/408 1568/488/409 1560/481/401
f 1560/481/401 1568/488/409 1569/489/410 1561/482/402
f 1561/482/402 1569/489/410 1562/292/403 1554/474/395
f 1562/292/403 1570/490/411 1571/491/412 1563/483/404
f 1563/483/404 1571/491/412 1572/492/413 1564/484/405
f 1564/484/405 1572/492/413 1573/493/414 1565/485/406
f 1565/485/406 1573/493/414 1574/494/415 1566/203/407
f 1566/486/407 1574/495/415 1575/496/416 1567/487/408
f 1567/487/408 1575/496/416 1576/497/417 1568/488/409
f 1568/488/409 1576/497/417 1577/498/418 1569/489/410
f 1569/489/410 1577/498/418 1570/490/411 1562/292/403
f 1570/490/411 1578/499/419 1579/500/617 1571/491/412
f 1571/491/412 1579/500/617 1580/501/421 1572/492/413
f 1572/492/413 1580/501/421 1581/502/422 1573/493/414
f 1573/493/414 1581/502/422 1582/503/423 1574/494/415
f 1574/495/415 1582/504/423 1583/505/424 1575/496/416
f 1575/496/416 1583/505/424 1584/506/425 1576/497/417
f 1576/497/417 1584/506/425 1585/507/426 1577/498/418
f 1577/498/418 1585/507/426 1578/499/419 1570/490/411
f 1578/499/419 1394/290/229 1395/301/242 1579/500/617
f 1579/500/617 1395/301/242 1396/303/243 1580/501/421
f 1580/501/421 1396/303/243 1397/305/244 1581/502/422
f 1581/502/422 1397/305/244 1398/199/237 1582/503/423
f 1582/504/423 1398/307/237 1399/310/245 1583/505/424
f 1583/505/424 1399/310/245 1400/312/246 1584/506/425
f 1584/506/425 1400/312/246 1401/314/247 1585/507/426
f 1585/507/426 1401/314/247 1394/290/229 1578/499/419
f 1586/290/241 1594/299/433 1595/300/434 1587/301/427
f 1587/301/427 1595/300/434 1596/302/435 1588/303/428
f 1588/303/428 1596/302/435 1597/304/436 1589/305/429
f 1589/305/429 1597/304/436 1598/306/437 1590/199/233
f 1590/307/233 1598/308/437 1599/309/438 1591/310/430
f 1591/310/430 1599/309/438 1600/311/439 1592/312/431
f 1592/312/431 1600/311/439 1601/313/440 1593/314/432
f 1593/314/432 1601/313/440 1594/299/433 1586/290/241
f 1594/299/433 1602/315/441 1603/316/442 1595/300/434
f 1595/300/434 1603/316/442 1604/317/443 1596/302/435
f 1596/302/435 1604/317/443 1605/318/444 1597/304/436
f 1597/304/436 1605/318/444 1606/319/445 1598/306/437
f 1598/308/437 1606/320/445 1607/321/446 1599/309/438
f 1599/309/438 1607/321/446 1608/322/447 1600/311/439
f 1600/311/439 1608/322/447 1609/323/448 1601/313/440
f 1601/313/440 1609/323/448 1602/315/441 1594/299/433
f 1602/315/441 1610/288/449 1611/324/450 1603/316/442
f 1603/316/442 1611/324/450 1612/325/451 1604/317/443
f 1604/317/443 1612/325/451 1613/326/452 1605/318/444
f 1605/318/444 1613/326/452 1614/195/453 1606/319/445
f 1606/320/445 1614/327/453 1615/328/454 1607/321/446
f 1607/321/446 1615/328/454 1616/329/455 1608/322/447
f 1608/322/447 1616/329/455 1617/330/456 1609/323/448
f 1609/323/448 1617/330/456 1610/288/449 1602/315/441
f 1610/288/449 1618/331/457 1619/332/458 1611/324/450
f 1611/324/450 1619/332/458 1620/333/459 1612/325/451
f 1612/325/451 1620/333/459 1621/334/460 1613/326/452
f 1613/326/452 1621/334/460 1622/335/461 1614/195/453
f 1614/327/453 1622/336/461 1623/337/462 1615/328/454
f 1615/328/454 1623/337/462 1624/338/463 1616/329/455
f 1616/329/455 1624/338/463 1625/339/464 1617/330/456
f 1617/330/456 1625/339/464 1618/331/457 1610/288/449
f 1618/331/457 1626/340/465 1627/341/466 1619/332/458
f 1619/332/458 1627/341/466 1628/342/467 1620/333/459
f 1620/333/459 1628/342/467 1629/343/468 1621/334/460
f 1621/334/460 1629/343/468 1630/344/469 1622/335/461
f 1622/336/461 1630/345/469 1631/346/470 1623/337/462
f 1623/337/462 1631/346/470 1632/347/471 1624/338/463
f 1624/338/463 1632/347/471 1633/348/472 1625/339/464
f 1625/339/464 1633/348/472 1626/340/465 1618/331/457
f 1626/340/465 1634/286/288 1635/349/473 1627/341/466
f 1627/341/466 1635/349/473 1636/350/474 1628/342/467
f 1628/342/467 1636/350/474 1637/351/475 1629/343/468
f 1629/343/468 1637/351/475 1638/191/47 1630/344/469
f 1630/345/469 1638/352/47 1639/353/476 1631/346/470
f 1631/346/470 1639/353/476 1640/354/477 1632/347/471
f 1632/347/471 1640/354/477 1641/355/478 1633/348/472
f 1633/348/472 1641/355/478 1634/286/288 1626/340/465
f 1634/286/288 1642/356/479 1643/357/480 1635/349/473
f 1635/349/473 1643/357/480 1644/358/481 1636/350/474
f 1636/350/474 1644/358/481 1645/359/482 1637/351/475
f 1637/351/475 1645/359/482 1646/360/483 1638/191/47
f 1638/352/47 1646/361/483 1647/362/484 1639/353/476
f 1639/353/476 1647/362/484 1648/363/485 1640/354/477
f 1640/354/477 1648/363/485 1649/364/486 1641/355/478
f 1641/355/478 1649/364/486 1642/356/479 1634/286/288
f 1642/356/479 1650/365/487 1651/366/488 1643/357/480
f 1643/357/480 1651/366/488 1652/367/489 1644/358/481
f 1644/358/481 1652/367/489 1653/368/490 1645/359/482
f 1645/359/482 1653/368/490 1654/369/491 1646/360/483
f 1646/361/483 1654/370/491 1655/371/492 1647/362/484
f 1647/362/484 1655/371/492 1656/372/493 1648/363/485
f 1648/363/485 1656/372/493 1657/373/494 1649/364/486
f 1649/364/486 1657/373/494 1650/365/487 1642/356/479
f 1650/365/487 1658/284/495 1659/374/496 1651/366/488
f 1651/366/488 1659/374/496 1660/375/497 1652/367/489
f 1652/367/489 1660/375/497 1661/376/498 1653/368/490
f 1653/368/490 1661/376/498 1662/187/499 1654/369/491
f 1654/370/491 1662/377/499 1663/378/500 1655/371/492
f 1655/371/492 1663/378/500 1664/379/501 1656/372/493
f 1656/372/493 1664/379/501 1665/380/502 1657/373/494
f 1657/373/494 1665/380/502 1658/284/495 1650/365/487
f 1658/284/495 1666/381/503 1667/382/504 1659/374/496
f 1659/374/496 1667/382/504 1668/383/505 1660/375/497
f 1660/375/497 1668/383/505 1669/384/506 1661/376/498
f 1661/376/498 1669/384/506 1670/385/507 1662/187/499
f 1662/377/499 1670/386/507 1671/387/508 1663/378/500
f 1663/378/500 1671/387/508 1672/388/509 1664/379/501
f 1664/379/501 1672/388/509 1673/389/510 1665/380/502
f 1665/380/502 1673/389/510 1666/381/503 1658/284/495
f 1666/381/503 1674/390/511 1675/391/512 1667/382/504
f 1667/382/504 1675/391/512 1676/392/513 1668/383/505
f 1668/383/505 1676/392/513 1677/393/514 1669/384/506
f 1669/384/506 1677/393/514 1678/394/515 1670/385/507
f 1670/386/507 1678/395/515 1679/396/516 1671/387/508
f 1671/387/508 1679/396/516 1680/397/517 1672/388/509
f 1672/388/509 1680/397/517 1681/398/518 1673/389/510
f 1673/389/510 1681/398/518 1674/390/511 1666/381/503
f 1674/390/511 1682/282/233 1683/399/519 1675/391/512
f 1675/391/512 1683/399/519 1684/400/520 1676/392/513
f 1676/392/513 1684/400/520 1685/401/521 1677/393/514
f 1677/393/514 1685/401/521 1686/184/241 1678/394/515
f 1678/395/515 1686/402/241 1687/403/522 1679/396/516
f 1679/396/516 1687/403/522 1688/404/523 1680/397/517
f 1680/397/517 1688/404/523 1689/405/524 1681/398/518
f 1681/398/518 1689/405/524 1682/282/233 1674/390/511
f 1682/406/233 1690/407/525 1691/408/526 1683/409/519
f 1683/409/519 1691/408/526 1692/410/527 1684/411/520
f 1684/411/520 1692/410/527 1693/412/528 1685/413/521
f 1685/413/521 1693/412/528 1694/414/529 1686/415/241
f 1686/416/241 1694/417/529 1695/418/530 1687/419/522
f 1687/419/522 1695/418/530 1696/420/531 1688/421/523
f 1688/421/523 1696/420/531 1697/422/532 1689/423/524
f 1689/423/524 1697/422/532 1690/407/525 1682/406/233
f 1690/407/525 1698/424/533 1699/425/534 1691/408/526
f 1691/408/526 1699/425/534 1700/426/535 1692/410/527
f 1692/410/527 1700/426/535 1701/427/536 1693/412/528
f 1693/412/528 1701/427/536 1702/428/537 1694/414/529
f 1694/417/529 1702/429/537 1703/430/538 1695/418/530
f 1695/418/530 1703/430/538 1704/431/539 1696/420/531
f 1696/420/531 1704/431/539 1705/432/540 1697/422/532
f 1697/422/532 1705/432/540 1698/424/533 1690/407/525
f 1698/424/533 1706/296/541 1707/433/542 1699/425/534
f 1699/425/534 1707/433/542 1708/434/543 1700/426/535
f 1700/426/535 1708/434/543 1709/435/544 1701/427/536
f 1701/427/536 1709/435/544 1710/211/545 1702/428/537
f 1702/429/537 1710/436/545 1711/437/546 1703/430/538
f 1703/430/538 1711/437/546 1712/438/547 1704/431/539
f 1704/431/539 1712/438/547 1713/439/548 1705/432/540
f 1705/432/540 1713/439/548 1706/296/541 1698/424/533
f 1706/296/541 1714/440/549 1715/441/550 1707/433/542
f 1707/433/542 1715/441/550 1716/442/551 1708/434/543
f 1708/434/543 1716/442/551 1717/443/552 1709/435/544
f 1709/435/544 1717/443/552 1718/444/553 1710/211/545
f 1710/436/545 1718/445/553 1719/446/554 1711/437/546
f 1711/437/546 1719/446/554 1720/447/555 1712/438/547
f 1712/438/547 1720/447/555 1721/448/556 1713/439/548
f 1713/439/548 1721/448/556 1714/440/549 1706/296/541
f 1714/440/549 1722/449/557 1723/450/558 1715/441/550
f 1715/441/550 1723/450/558 1724/451/559 1716/442/551
f 1716/442/551 1724/451/559 1725/452/560 1717/443/552
f 1717/443/552 1725/452/560 1726/453/561 1718/444/553
f 1718/445/553 1726/454/561 1727/455/562 1719/446/554
f 1719/446/554 1727/455/562 1728/456/618 1720/447/555
f 1720/447/555 1728/456/618 1729/457/564 1721/448/556
f 1721/448/556 1729/457/564 1722/449/557 1714/440/549
f 1722/449/557 1730/294/47 1731/458/565 1723/450/558
f 1723/450/558 1731/458/565 1732/459/566 1724/451/559
f 1724/451/559 1732/459/566 1733/460/567 1725/452/560
f 1725/452/560 1733/460/567 1734/207/288 1726/453/561
f 1726/454/561 1734/461/288 1735/462/568 1727/455/562
f 1727/455/562 1735/462/568 1736/463/569 1728/456/618
f 1728/456/618 1736/463/569 1737/464/570 1729/457/564
f 1729/457/564 1737/464/570 1730/294/47 1722/449/557
f 1730/294/47 1738/465/571 1739/466/572 1731/458/565
f 1731/458/565 1739/466/572 1740/467/619 1732/459/566
f 1732/459/566 1740/467/619 1741/468/574 1733/460/567
f 1733/460/567 1741/468/574 1742/469/575 1734/207/288
f 1734/461/288 1742/470/575 1743/471/576 1735/462/568
f 1735/462/568 1743/471/576 1744/472/620 1736/463/569
f 1736/463/569 1744/472/620 1745/473/578 1737/464/570
f 1737/464/570 1745/473/578 1738/465/571 1730/294/47
f 1738/465/571 1746/474/579 1747/475/580 1739/466/572
f 1739/466/572 1747/475/580 1748/476/581 1740/467/619
f 1740/467/619 1748/476/581 1749/477/582 1741/468/574
f 1741/468/574 1749/477/582 1750/478/583 1742/469/575
f 1742/470/575 1750/479/583 1751/480/584 1743/471/576
f 1743/471/576 1751/480/584 1752/481/585 1744/472/620
f 1744/472/620 1752/481/585 1753/482/586 1745/473/578
f 1745/473/578 1753/482/586 1746/474/579 1738/465/571
f 1746/474/579 1754/292/587 1755/483/588 1747/475/580
f 1747/475/580 1755/483/588 1756/484/589 1748/476/581
f 1748/476/581 1756/484/589 1757/485/590 1749/477/582
f 1749/477/582 1757/485/590 1758/203/591 1750/478/583
f 1750/479/583 1758/486/591 1759/487/592 1751/480/584
f 1751/480/584 1759/487/592 1760/488/593 1752/481/585
f 1752/481/585 1760/488/593 1761/489/594 1753/482/586
f 1753/482/586 1761/489/594 1754/292/587 1746/474/579
f 1754/292/587 1762/490/595 1763/491/596 1755/483/588
f 1755/483/588 1763/491/596 1764/492/597 1756/484/589
f 1756/484/589 1764/492/597 1765/493/598 1757/485/590
f 1757/485/590 1765/493/598 1766/494/599 1758/203/591
f 1758/486/591 1766/495/599 1767/496/600 1759/487/592
f 1759/487/592 1767/496/600 1768/497/601 1760/488/593
f 1760/488/593 1768/497/601 1769/498/602 1761/489/594
f 1761/489/594 1769/498/602 1762/490/595 1754/292/587
f 1762/490/595 1770/499/603 1771/500/604 1763/491/596
f 1763/491/596 1771/500/604 1772/501/605 1764/492/597
f 1764/492/597 1772/501/605 1773/502/606 1765/493/598
f 1765/493/598 1773/502/606 1774/503/607 1766/494/599
f 1766/495/599 1774/504/607 1775/505/608 1767/496/600
f 1767/496/600 1775/505/608 1776/506/609 1768/497/601
f 1768/497/601 1776/506/609 1777/507/610 1769/498/602
f 1769/498/602 1777/507/610 1770/499/603 1762/490/595
f 1770/499/603 1586/290/241 1587/301/427 1771/500/604
f 1771/500/604 1587/301/427 1588/303/428 1772/501/605
f 1772/501/605 1588/303/428 1589/305/429 1773/502/606
f 1773/502/606 1589/305/429 1590/199/233 1774/503/607
f 1774/504/607 1590/307/233 1591/310/430 1775/505/608
f 1775/505/608 1591/310/430 1592/312/431 1776/506/609
f 1776/506/609 1592/312/431 1593/314/432 1777/507/610
f 1777/507/610 1593/314/432 1586/290/241 1770/499/603
f 1778/290/229 1786/299/248 1787/300/614 1779/301/242
f 1779/301/242 1787/300/614 1788/302/250 1780/303/243
f 1780/303/243 1788/302/250 1789/304/251 1781/305/244
f 1781/305/244 1789/304/251 1790/306/252 1782/199/237
f 1782/307/237 1790/308/252 1791/309/253 1783/310/245
f 1783/310/245 1791/309/253 1792/311/254 1784/312/246
f 1784/312/246 1792/311/254 1793/313/255 1785/314/247
f 1785/314/247 1793/313/255 1786/299/248 1778/290/229
f 1786/299/248 1794/315/256 1795/316/257 1787/300/614
f 1787/300/614 1795/316/257 1796/317/258 1788/302/250
f 1788/302/250 1796/317/258 1797/318/259 1789/304/251
f 1789/304/251 1797/318/259 1798/319/260 1790/306/252
f 1790/308/252 1798/320/260 1799/321/261 1791/309/253
f 1791/309/253 1799/321/261 1800/322/262 1792/311/254
f 1792/311/254 1800/322/262 1801/323/263 1793/313/255
f 1793/313/255 1801/323/263 1794/315/256 1786/299/248
f 1794/315/256 1802/288/264 1803/324/265 1795/316/257
f 1795/316/257 1803/324/265 1804/325/266 1796/317/258
f 1796/317/258 1804/325/266 1805/326/267 1797/318/259
f 1797/318/259 1805/326/267 1806/195/268 1798/319/260
f 1798/320/260 1806/327/268 1807/328/269 1799/321/261
f 1799/321/261 1807/328/269 1808/329/270 1800/322/262
f 1800/322/262 1808/329/270 1809/330/271 1801/323/263
f 1801/323/263 1809/330/271 1802/288/264 1794/315/256
f 1802/288/264 1810/331/272 1811/332/273 1803/324/265
f 1803/324/265 1811/332/273 1812/333/274 1804/325/266
f 1804/325/266 1812/333/274 1813/334/275 1805/326/267
f 1805/326/267 1813/334/275 1814/335/276 1806/195/268
f 1806/327/268 1814/336/276 1815/337/277 1807/328/269
f 1807/328/269 1815/337/277 1816/338/278 1808/329/270
f 1808/329/270 1816/338/278 1817/339/279 1809/330/271
f 1809/330/271 1817/339/279 1810/331/272 1802/288/264
f 1810/331/272 1818/340/280 1819/341/281 1811/332/273
f 1811/332/273 1819/341/281 1820/342/282 1812/333/274
f 1812/333/274 1820/342/282 1821/343/283 1813/334/275
f 1813/334/275 1821/343/283 1822/344/284 1814/335/276
f 1814/336/276 1822/345/284 1823/346/285 1815/337/277
f 1815/337/277 1823/346/285 1824/347/286 1816/338/278
f 1816/338/278 1824/347/286 1825/348/287 1817/339/279
f 1817/339/279 1825/348/287 1818/340/280 1810/331/272
f 1818/340/280 1826/286/288 1827/349/289 1819/341/281
f 1819/341/281 1827/349/289 1828/350/290 1820/342/282
f 1820/342/282 1828/350/290 1829/351/291 1821/343/283
f 1821/343/283 1829/351/291 1830/191/47 1822/344/284
f 1822/345/284 1830/352/47 1831/353/292 1823/346/285
f 1823/346/285 1831/353/292 1832/354/293 1824/347/286
f 1824/347/286 1832/354/293 1833/355/294 1825/348/287
f 1825/348/287 1833/355/294 1826/286/288 1818/340/280
f 1826/286/288 1834/356/295 1835/357/296 1827/349/289
f 1827/349/289 1835/357/296 1836/358/297 1828/350/290
f 1828/350/290 1836/358/297 1837/359/298 1829/351/291
f 1829/351/291 1837/359/298 1838/360/299 1830/191/47
f 1830/352/47 1838/361/299 1839/362/300 1831/353/292
f 1831/353/292 1839/362/300 1840/363/301 1832/354/293
f 1832/354/293 1840/363/301 1841/364/302 1833/355/294
f 1833/355/294 1841/364/302 1834/356/295 1826/286/288
f 1834/356/295 1842/365/303 1843/366/304 1835/357/296
f 1835/357/296 1843/366/304 1844/367/305 1836/358/297
f 1836/358/297 1844/367/305 1845/368/306 1837/359/298
f 1837/359/298 1845/368/306 1846/369/307 1838/360/299
f 1838/361/299 1846/370/307 1847/371/308 1839/362/300
f 1839/362/300 1847/371/308 1848/372/309 1840/363/301
f 1840/363/301 1848/372/309 1849/373/310 1841/364/302
f 1841/364/302 1849/373/310 1842/365/303 1834/356/295
f 1842/365/303 1850/284/311 1851/374/312 1843/366/304
f 1843/366/304 1851/374/312 1852/375/313 1844/367/305
f 1844/367/305 1852/375/313 1853/376/314 1845/368/306
f 1845/368/306 1853/376/314 1854/187/315 1846/369/307
f 1846/370/307 1854/377/315 1855/378/316 1847/371/308
f 1847/371/308 1855/378/316 1856/379/317 1848/372/309
f 1848/372/309 1856/379/317 1857/380/318 1849/373/310
f 1849/373/310 1857/380/318 1850/284/311 1842/365/303
f 1850/284/311 1858/381/319 1859/382/320 1851/374/312
f 1851/374/312 1859/382/320 1860/383/321 1852/375/313
f 1852/375/313 1860/383/321 1861/384/322 1853/376/314
f 1853/376/314 1861/384/322 1862/385/323 1854/187/315
f 1854/377/315 1862/386/323 1863/387/324 1855/378/316
f 1855/378/316 1863/387/324 1864/388/325 1856/379/317
f 1856/379/317 1864/388/325 1865/389/326 1857/380/318
f 1857/380/318 1865/389/326 1858/381/319 1850/284/311
f 1858/381/319 1866/390/327 1867/391/328 1859/382/320
f 1859/382/320 1867/391/328 1868/392/329 1860/383/321
f 1860/383/321 1868/392/329 1869/393/330 1861/384/322
f 1861/384/322 1869/393/330 1870/394/331 1862/385/323
f 1862/386/323 1870/395/331 1871/396/332 1863/387/324
f 1863/387/324 1871/396/332 1872/397/333 1864/388/325
f 1864/388/325 1872/397/333 1873/398/334 1865/389/326
f 1865/389/326 1873/398/334 1866/390/327 1858/381/319
f 1866/390/327 1874/282/237 1875/399/335 1867/391/328
f 1867/391/328 1875/399/335 1876/400/336 1868/392/329
f 1868/392/329 1876/400/336 1877/401/337 1869/393/330
f 1869/393/330 1877/401/337 1878/184/229 1870/394/331
f 1870/395/331 1878/402/229 1879/403/338 1871/396/332
f 1871/396/332 1879/403/338 1880/404/339 1872/397/333
f 1872/397/333 1880/404/339 1881/405/340 1873/398/334
f 1873/398/334 1881/405/340 1874/282/237 1866/390/327
f 1874/406/237 1882/407/341 1883/408/342 1875/409/335
f 1875/409/335 1883/408/342 1884/410/343 1876/411/336
f 1876/411/336 1884/410/343 1885/412/344 1877/413/337
f 1877/413/337 1885/412/344 1886/414/345 1878/415/229
f 1878/416/229 1886/417/345 1887/418/346 1879/419/338
f 1879/419/338 1887/418/346 1888/420/347 1880/421/339
f 1880/421/339 1888/420/347 1889/422/348 1881/423/340
f 1881/423/340 1889/422/348 1882/407/341 1874/406/237
f 1882/407/341 1890/424/349 1891/425/350 1883/408/342
f 1883/408/342 1891/425/350 1892/426/351 1884/410/343
f 1884/410/343 1892/426/351 1893/427/352 1885/412/344
f 1885/412/344 1893/427/352 1894/428/353 1886/414/345
f 1886/417/345 1894/429/353 1895/430/354 1887/418/346
f 1887/418/346 1895/430/354 1896/431/355 1888/420/347
f 1888/420/347 1896/431/355 1897/432/356 1889/422/348
f 1889/422/348 1897/432/356 1890/424/349 1882/407/341
f 1890/424/349 1898/296/357 1899/433/358 1891/425/350
f 1891/425/350 1899/433/358 1900/434/359 1892/426/351
f 1892/426/351 1900/434/359 1901/435/360 1893/427/352
f 1893/427/352 1901/435/360 1902/211/361 1894/428/353
f 1894/429/353 1902/436/361 1903/437/362 1895/430/354
f 1895/430/354 1903/437/362 1904/438/363 1896/431/355
f 1896/431/355 1904/438/363 1905/439/364 1897/432/356
f 1897/432/356 1905/439/364 1898/296/357 1890/424/349
f 1898/296/357 1906/440/365 1907/441/366 1899/433/358
f 1899/433/358 1907/441/366 1908/442/367 1900/434/359
f 1900/434/359 1908/442/367 1909/443/368 1901/435/360
f 1901/435/360 1909/443/368 1910/444/369 1902/211/361
f 1902/436/361 1910/445/369 1911/446/370 1903/437/362
f 1903/437/362 1911/446/370 1912/447/371 1904/438/363
f 1904/438/363 1912/447/371 1913/448/372 1905/439/364
f 1905/439/364 1913/448/372 1906/440/365 1898/296/357
f 1906/440/365 1914/449/373 1915/450/374 1907/441/366
f 1907/441/366 1915/450/374 1916/451/375 1908/442/367
f 1908/442/367 1916/451/375 1917/452/376 1909/443/368
f 1909/443/368 1917/452/376 1918/453/377 1910/444/369
f 1910/445/369 1918/454/377 1919/455/378 1911/446/370
f 1911/446/370 1919/455/378 1920/456/379 1912/447/371
f 1912/447/371 1920/456/379 1921/457/380 1913/448/372
f 1913/448/372 1921/457/380 1914/449/373 1906/440/365
f 1914/449/373 1922/294/47 1923/458/381 1915/450/374
f 1915/450/374 1923/458/381 1924/459/382 1916/451/375
f 1916/451/375 1924/459/382 1925/460/383 1917/452/376
f 1917/452/376 1925/460/383 1926/207/288 1918/453/377
f 1918/454/377 1926/461/288 1927/462/384 1919/455/378
f 1919/455/378 1927/462/384 1928/463/385 1920/456/379
f 1920/456/379 1928/463/385 1929/464/386 1921/457/380
f 1921/457/380 1929/464/386 1922/294/47 1914/449/373
f 1922/294/47 1930/465/387 1931/466/388 1923/458/381
f 1923/458/381 1931/466/388 1932/467/389 1924/459/382
f 1924/459/382 1932/467/389 1933/468/390 1925/460/383
f 1925/460/383 1933/468/390 1934/469/391 1926/207/288
f 1926/461/288 1934/470/391 1935/471/392 1927/462/384
f 1927/462/384 1935/471/392 1936/472/393 1928/463/385
f 1928/463/385 1936/472/393 1937/473/394 1929/464/386
f 1929/464/386 1937/473/394 1930/465/387 1922/294/47
f 1930/465/387 1938/474/395 1939/475/396 1931/466/388
f 1931/466/388 1939/475/396 1940/476/397 1932/467/389
f 1932/467/389 1940/476/397 1941/477/398 1933/468/390
f 1933/468/390 1941/477/398 1942/478/399 1934/469/391
f 1934/470/391 1942/479/399 1943/480/400 1935/471/392
f 1935/471/392 1943/480/400 1944/481/401 1936/472/393
f 1936/472/393 1944/481/401 1945/482/402 1937/473/394
f 1937/473/394 1945/482/402 1938/474/395 1930/465/387
f 1938/474/395 1946/292/403 1947/483/404 1939/475/396
f 1939/475/396 1947/483/404 1948/484/405 1940/476/397
f 1940/476/397 1948/484/405 1949/485/406 1941/477/398
f 1941/477/398 1949/485/406 1950/203/407 1942/478/399
f 1942/479/399 1950/486/407 1951/487/408 1943/480/400
f 1943/480/400 1951/487/408 1952/488/409 1944/481/401
f 1944/481/401 1952/488/409 1953/489/410 1945/482/402
f 1945/482/402 1953/489/410 1946/292/403 1938/474/395
f 1946/292/403 1954/490/411 1955/491/412 1947/483/404
f 1947/483/404 1955/491/412 1956/492/413 1948/484/405
f 1948/484/405 1956/492/413 1957/493/414 1949/485/406
f 1949/485/406 1957/493/414 1958/494/415 1950/203/407
f 1950/486/407 1958/495/415 1959/496/416 1951/487/408
f 1951/487/408 1959/496/416 1960/497/417 1952/488/409
f 1952/488/409 1960/497/417 1961/498/418 1953/489/410
f 1953/489/410 1961/498/418 1954/490/411 1946/292/403
f 1954/490/411 1962/499/419 1963/500/617 1955/491/412
f 1955/491/412 1963/500/617 1964/501/421 1956/492/413
f 1956/492/413 1964/501/421 1965/502/422 1957/493/414
f 1957/493/414 1965/502/422 1966/503/423 1958/494/415
f 1958/495/415 1966/504/423 1967/505/424 1959/496/416
f 1959/496/416 1967/505/424 1968/506/425 1960/497/417
f 1960/497/417 1968/506/425 1969/507/426 1961/498/418
f 1961/498/418 1969/507/426 1962/499/419 1954/490/411
f 1962/499/419 1778/290/229 1779/301/242 1963/500/617
f 1963/500/617 1779/301/242 1780/303/243 1964/501/421
f 1964/501/421 1780/303/243 1781/305/244 1965/502/422
f 1965/502/422 1781/305/244 1782/199/237 1966/503/423
f 1966/504/423 1782/307/237 1783/310/245 1967/505/424
f 1967/505/424 1783/310/245 1784/312/246 1968/506/425
f 1968/506/425 1784/312/246 1785/314/247 1969/507/426
f 1969/507/426 1785/314/247 1778/290/229 1962/499/419
f 1970/290/241 1978/299/433 1979/300/434 1971/301/427
f 1971/301/427 1979/300/434 1980/302/435 1972/303/428
f 1972/303/428 1980/302/435 1981/304/436 1973/305/429
f 1973/305/429 1981/304/436 1982/306/437 1974/199/233
f 1974/307/233 1982/308/437 1983/309/438 1975/310/430
f 1975/310/430 1983/309/438 1984/311/439 1976/312/431
f 1976/312/431 1984/311/439 1985/313/440 1977/314/432
f 1977/314/432 1985/313/440 1978/299/433 1970/290/241
f 1978/299/433 1986/315/441 1987/316/442 1979/300/434
f 1979/300/434 1987/316/442 1988/317/443 1980/302/435
f 1980/302/435 1988/317/443 1989/318/444 1981/304/436
f 1981/304/436 1989/318/444 1990/319/445 1982/306/437
f 1982/308/437 1990/320/445 1991/321/446 1983/309/438
f 1983/309/438 1991/321/446 1992/322/447 1984/311/439
f 1984/311/439 1992/322/447 1993/323/448 1985/313/440
f 1985/313/440 1993/323/448 1986/315/441 1978/299/433
f 1986/315/441 1994/288/449 1995/324/450 1987/316/442
f 1987/316/442 1995/324/450 1996/325/451 1988/317/443
f 1988/317/443 1996/325/451 1997/326/452 1989/318/444
f 1989/318/444 1997/326/452 1998/195/453 1990/319/445
f 1990/320/445 1998/327/453 1999/328/454 1991/321/446
f 1991/321/446 1999/328/454 2000/329/455 1992/322/447
f 1992/322/447 2000/329/455 2001/330/456 1993/323/448
f 1993/323/448 2001/330/456 1994/288/449 1986/315/441
f 1994/288/449 2002/331/457 2003/332/458 1995/324/450
f 1995/324/450 2003/332/458 2004/333/459 1996/325/451
f 1996/325/451 2004/333/459 2005/334/460 1997/326/452
f 1997/326/452 2005/334/460 2006/335/461 1998/195/453
f 1998/327/453 2006/336/461 2007/337/462 1999/328/454
f 1999/328/454 2007/337/462 2008/338/463 2000/329/455
f 2000/329/455 2008/338/463 2009/339/464 2001/330/456
f 2001/330/456 2009/339/464 2002/331/457 1994/288/449
f 2002/331/457 2010/340/465 2011/341/466 2003/332/458
f 2003/332/458 2011/341/466 2012/342/467 2004/333/459
f 2004/333/459 2012/342/467 2013/343/468 2005/334/460
f 2005/334/460 2013/343/468 2014/344/469 2006/335/461
f 2006/336/461 2014/345/469 2015/346/470 2007/337/462
f 2007/337/462 2015/346/470 2016/347/471 2008/338/463
f 2008/338/463 2016/347/471 2017/348/472 2009/339/464
f 2009/339/464 2017/348/472 2010/340/465 2002/331/457
f 2010/340/465 2018/286/288 2019/349/473 2011/341/466
f 2011/341/466 2019/349/473 2020/350/474 2012/342/467
f 2012/342/467 2020/350/474 2021/351/475 2013/343/468
f 2013/343/468 2021/351/475 2022/191/47 2014/344/469
f 2014/345/469 2022/352/47 2023/353/476 2015/346/470
f 2015/346/470 2023/353/476 2024/354/477 2016/347/471
f 2016/347/471 2024/354/477 2025/355/478 2017/348/472
f 2017/348/472 2025/355/478 2018/286/288 2010/340/465
f 2018/286/288 2026/356/479 2027/357/480 2019/349/473
f 2019/349/473 2027/357/480 2028/358/481 2020/350/474
f 2020/350/474 2028/358/481 2029/359/482 2021/351/475
f 2021/351/475 2029/359/482 2030/360/483 2022/191/47
f 2022/352/47 2030/361/483 2031/362/484 2023/353/476
f 2023/353/476 2031/362/484 2032/363/485 2024/354/477
f 2024/354/477 2032/363/485 2033/364/486 2025/355/478
f 2025/355/478 2033/364/486 2026/356/479 2018/286/288
f 2026/356/479 2034/365/487 2035/366/488 2027/357/480
f 2027/357/480 2035/366/488 2036/367/489 2028/358/481
f 2028/358/481 2036/367/489 2037/368/490 2029/359/482
f 2029/359/482 2037/368/490 2038/369/491 2030/360/483
f 2030/361/483 2038/370/491 2039/371/492 2031/362/484
f 2031/362/484 2039/371/492 2040/372/493 2032/363/485
f 2032/363/485 2040/372/493 2041/373/494 2033/364/486
f 2033/364/486 2041/373/494 2034/365/487 2026/356/479
f 2034/365/487 2042/284/495 2043/374/496 2035/366/488
f 2035/366/488 2043/374/496 2044/375/497 2036/367/489
f 2036/367/489 2044/375/497 2045/376/498 2037/368/490
f 2037/368/490 2045/376/498 2046/187/499 2038/369/491
f 2038/370/491 2046/377/499 2047/378/500 2039/371/492
f 2039/371/492 2047/378/500 2048/379/501 2040/372/493
f 2040/372/493 2048/379/501 2049/380/502 2041/373/494
f 2041/373/494 2049/380/502 2042/284/495 2034/365/487
f 2042/284/495 2050/381/503 2051/382/504 2043/374/496
f 2043/374/496 2051/382/504 2052/383/505 2044/375/497
f 2044/375/497 2052/383/505 2053/384/506 2045/376/498
f 2045/376/498 2053/384/506 2054/385/507 2046/187/499
f 2046/377/499 2054/386/507 2055/387/508 2047/378/500
f 2047/378/500 2055/387/508 2056/388/509 2048/379/501
f 2048/379/501 2056/388/509 2057/389/510 2049/380/502
f 2049/380/502 2057/389/510 2050/381/503 2042/284/495
f 2050/381/503 2058/390/511 2059/391/512 2051/382/504
f 2051/382/504 2059/391/512 2060/392/513 2052/383/505
f 2052/383/505 2060/392/513 2061/393/514 2053/384/506
f 2053/384/506 2061/393/514 2062/394/515 2054/385/507
f 2054/386/507 2062/395/515 2063/396/516 2055/387/508
f 2055/387/508 2063/396/516 2064/397/517 2056/388/509
f 2056/388/509 2064/397/517 2065/398/518 2057/389/510
f 2057/389/510 2065/398/518 2058/390/511 2050/381/503
f 2058/390/511 2066/282/233 2067/399/519 2059/391/512
f 2059/391/512 2067/399/519 2068/400/520 2060/392/513
f 2060/392/513 2068/400/520 2069/401/521 2061/393/514
f 2061/393/514 2069/401/521 2070/184/241 2062/394/515
f 2062/395/515 2070/402/241 2071/403/522 2063/396/516
f 2063/396/516 2071/403/522 2072/404/523 2064/397/517
f 2064/397/517 2072/404/523 2073/405/524 2065/398/518
f 2065/398/518 2073/405/524 2066/282/233 2058/390/511
f 2066/406/233 2074/407/525 2075/408/526 2067/409/519
f 2067/409/519 2075/408/526 2076/410/527 2068/411/520
f 2068/411/520 2076/410/527 2077/412/528 2069/413/521
f 2069/413/521 2077/412/528 2078/414/529 2070/415/241
f 2070/416/241 2078/417/529 2079/418/530 2071/419/522
f 2071/419/522 2079/418/530 2080/420/531 2072/421/523
f 2072/421/523 2080/420/531 2081/422/532 2073/423/524
f 2073/423/524 2081/422/532 2074/407/525 2066/406/233
f 2074/407/525 2082/424/533 2083/425/534 2075/408/526
f 2075/408/526 2083/425/534 2084/426/535 2076/410/527
f 2076/410/527 2084/426/535 2085/427/536 2077/412/528
f 2077/412/528 2085/427/536 2086/428/537 2078/414/529
f 2078/417/529 2086/429/537 2087/430/538 2079/418/530
f 2079/418/530 2087/430/538 2088/431/539 2080/420/531
f 2080/420/531 2088/431/539 2089/432/540 2081/422/532
f 2081/422/532 2089/432/540 2082/424/533 2074/407/525
f 2082/424/533 2090/296/541 2091/433/542 2083/425/534
f 2083/425/534 2091/433/542 2092/434/543 2084/426/535
f 2084/426/535 2092/434/543 2093/435/544 2085/427/536
f 2085/427/536 2093/435/544 2094/211/545 2086/428/537
f 2086/429/537 2094/436/545 2095/437/546 2087/430/538
f 2087/430/538 2095/437/546 2096/438/547 2088/431/539
f 2088/431/539 2096/438/547 2097/439/548 2089/432/540
f 2089/432/540 2097/439/548 2090/296/541 2082/424/533
f 2090/296/541 2098/440/549 2099/441/550 2091/433/542
f 2091/433/542 2099/441/550 2100/442/551 2092/434/543
f 2092/434/543 2100/442/551 2101/443/552 2093/435/544
f 2093/435/544 2101/443/552 2102/444/553 2094/211/545
f 2094/436/545 2102/445/553 2103/446/554 2095/437/546
f 2095/437/546 2103/446/554 2104/447/555 2096/438/547
f 2096/438/547 2104/447/555 2105/448/556 2097/439/548
f 2097/439/548 2105/448/556 2098/440/549 2090/296/541
f 2098/440/549 2106/449/557 2107/450/558 2099/441/550
f 2099/441/550 2107/450/558 2108/451/559 2100/442/551
f 2100/442/551 2108/451/559 2109/452/560 2101/443/552
f 2101/443/552 2109/452/560 2110/453/561 2102/444/553
f 2102/445/553 2110/454/561 2111/455/562 2103/446/554
f 2103/446/554 2111/455/562 2112/456/618 2104/447/555
f 2104/447/555 2112/456/618 2113/457/564 2105/448/556
f 2105/448/556 2113/457/564 2106/449/557 2098/440/549
f 2106/449/557 2114/294/47 2115/458/565 2107/450/558
f 2107/450/558 2115/458/565 2116/459/566 2108/451/559
f 2108/451/559 2116/459/566 2117/460/567 2109/452/560
f 2109/452/560 2117/460/567 2118/207/288 2110/453/561
f 2110/454/561 2118/461/288 2119/462/568 2111/455/562
f 2111/455/562 2119/462/568 2120/463/569 2112/456/618
f 2112/456/618 2120/463/569 2121/464/570 2113/457/564
f 2113/457/564 2121/464/570 2114/294/47 2106/449/557
f 2114/294/47 2122/465/571 2123/466/572 2115/458/565
f 2115/458/565 2123/466/572 2124/467/619 2116/459/566
f 2116/459/566 2124/467/619 2125/468/574 2117/460/567
f 2117/460/567 2125/468/574 2126/469/575 2118/207/288
f 2118/461/288 2126/470/575 2127/471/576 2119/462/568
f 2119/462/568 2127/471/576 2128/472/620 2120/463/569
f 2120/463/569 2128/472/620 2129/473/578 2121/464/570
f 2121/464/570 2129/473/578 2122/465/571 2114/294/47
f 2122/465/571 2130/474/579 2131/475/580 2123/466/572
f 2123/466/572 2131/475/580 2132/476/581 2124/467/619
f 2124/467/619 2132/476/581 2133/477/582 2125/468/574
f 2125/468/574 2133/477/582 2134/478/583 2126/469/575
f 2126/470/575 2134/479/583 2135/480/584 2127/471/576
f 2127/471/576 2135/480/584 2136/481/585 2128/472/620
f 2128/472/620 2136/481/585 2137/482/586 2129/473/578
f 2129/473/578 2137/482/586 2130/474/579 2122/465/571
f 2130/474/579 2138/292/587 2139/483/588 2131/475/580
f 2131/475/580 2139/483/588 2140/484/589 2132/476/581
f 2132/476/581 2140/484/589 2141/485/590 2133/477/582
f 2133/477/582 2141/485/590 2142/203/591 2134/478/583
f 2134/479/583 2142/486/591 2143/487/592 2135/480/584
f 2135/480/584 2143/487/592 2144/488/593 2136/481/585
f 2136/481/585 2144/488/593 2145/489/594 2137/482/586
f 2137/482/586 2145/489/594 2138/292/587 2130/474/579
f 2138/292/587 2146/490/595 2147/491/596 2139/483/588
f 2139/483/588 2147/491/596 2148/492/597 2140/484/589
f 2140/484/589 2148/492/597 2149/493/598 2141/485/590
f 2141/485/590 2149/493/598 2150/494/599 2142/203/591
f 2142/486/591 2150/495/599 2151/496/600 2143/487/592
f 2143/487/592 2151/496/600 2152/497/601 2144/488/593
f 2144/488/593 2152/497/601 2153/498/602 2145/489/594
f 2145/489/594 2153/498/602 2146/490/595 2138/292/587
f 2146/490/595 2154/499/603 2155/500/604 2147/491/596
f 2147/491/596 2155/500/604 2156/501/605 2148/492/597
f 2148/492/597 2156/501/605 2157/502/606 2149/493/598
f 2149/493/598 2157/502/606 2158/503/607 2150/494/599
f 2150/495/599 2158/504/607 2159/505/608 2151/496/600
f 2151/496/600 2159/505/608 2160/506/609 2152/497/601
f 2152/497/601 2160/506/609 2161/507/610 2153/498/602
f 2153/498/602 2161/507/610 2154/499/603 2146/490/595
f 2154/499/603 1970/290/241 1971/301/427 2155/500/604
f 2155/500/604 1971/301/427 1972/303/428 2156/501/605
f 2156/501/605 1972/303/428 1973/305/429 2157/502/606
f 2157/502/606 1973/305/429 1974/199/233 2158/503/607
f 2158/504/607 1974/307/233 1975/310/430 2159/505/608
f 2159/505/608 1975/310/430 1976/312/431 2160/506/609
f 2160/506/609 1976/312/431 1977/314/432 2161/507/610
f 2161/507/610 1977/314/432 1970/290/241 2154/499/603
f 2162/290/229 2170/299/248 2171/300/614 2163/301/242
f 2163/301/242 2171/300/614 2172/302/250 2164/303/243
f 2164/303/243 2172/302/250 2173/304/251 2165/305/244
f 2165/305/244 2173/304/251 2174/306/252 2166/199/237
f 2166/307/237 2174/308/252 2175/309/253 2167/310/245
f 2167/310/245 2175/309/253 2176/311/254 2168/312/246
f 2168/312/246 2176/311/254 2177/313/255 2169/314/247
f 2169/314/247 2177/313/255 2170/299/248 2162/290/229
f 2170/299/248 2178/315/256 2179/316/257 2171/300/614
f 2171/300/614 2179/316/257 2180/317/258 2172/302/250
f 2172/302/250 2180/317/258 2181/318/259 2173/304/251
f 2173/304/251 2181/318/259 2182/319/260 2174/306/252
f 2174/308/252 2182/320/260 2183/321/261 2175/309/253
f 2175/309/253 2183/321/261 2184/322/262 2176/311/254
f 2176/311/254 2184/322/262 2185/323/263 2177/313/255
f 2177/313/255 2185/323/263 2178/315/256 2170/299/248
f 2178/315/256 2186/288/264 2187/324/265 2179/316/257
f 2179/316/257 2187/324/265 2188/325/266 2180/317/258
f 2180/317/258 2188/325/266 2189/326/267 2181/318/259
f 2181/318/259 2189/326/267 2190/195/268 2182/319/260
f 2182/320/260 2190/327/268 2191/328/269 2183/321/261
f 2183/321/261 2191/328/269 2192/329/270 2184/322/262
f 2184/322/262 2192/329/270 2193/330/271 2185/323/263
f 2185/323/263 2193/330/271 2186/288/264 2178/315/256
f 2186/288/264 2194/331/272 2195/332/273 2187/324/265
f 2187/324/265 2195/332/273 2196/333/274 2188/325/266
f 2188/325/266 2196/333/274 2197/334/275 2189/326/267
f 2189/326/267 2197/334/275 2198/335/276 2190/195/268
f 2190/327/268 2198/336/276 2199/337/277 2191/328/269
f 2191/328/269 2199/337/277 2200/338/278 2192/329/270
f 2192/329/270 2200/338/278 2201/339/279 2193/330/271
f 2193/330/271 2201/339/279 2194/331/272 2186/288/264
f 2194/331/272 2202/340/280 2203/341/281 2195/332/273
f 2195/332/273 2203/341/281 2204/342/282 2196/333/274
f 2196/333/274 2204/342/282 2205/343/283 2197/334/275
f 2197/334/275 2205/343/283 2206/344/284 2198/335/276
f 2198/336/276 2206/345/284 2207/346/285 2199/337/277
f 2199/337/277 2207/346/285 2208/347/286 2200/338/278
f 2200/338/278 2208/347/286 2209/348/287 2201/339/279
f 2201/339/279 2209/348/287 2202/340/280 2194/331/272
f 2202/340/280 2210/286/288 2211/349/289 2203/341/281
f 2203/341/281 2211/349/289 2212/350/290 2204/342/282
f 2204/342/282 2212/350/290 2213/351/291 2205/343/283
f 2205/343/283 2213/351/291 2214/191/47 2206/344/284
f 2206/345/284 2214/352/47 2215/353/292 2207/346/285
f 2207/346/285 2215/353/292 2216/354/293 2208/347/286
f 2208/347/286 2216/354/293 2217/355/294 2209/348/287
f 2209/348/287 2217/355/294 2210/286/288 2202/340/280
f 2210/286/288 2218/356/295 2219/357/296 2211/349/289
f 2211/349/289 2219/357/296 2220/358/297 2212/350/290
f 2212/350/290 2220/358/297 2221/359/298 2213/351/291
f 2213/351/291 2221/359/298 2222/360/299 2214/191/47
f 2214/352/47 2222/361/299 2223/362/300 2215/353/292
f 2215/353/292 2223/362/300 2224/363/301 2216/354/293
f 2216/354/293 2224/363/301 2225/364/302 2217/355/294
f 2217/355/294 2225/364/302 2218/356/295 2210/286/288
f 2218/356/295 2226/365/303 2227/366/615 2219/357/296
f 2219/357/296 2227/366/615 2228/367/305 2220/358/297
f 2220/358/297 2228/367/305 2229/368/306 2221/359/298
f 2221/359/298 2229/368/306 2230/369/307 2222/360/299
f 2222/361/299 2230/370/307 2231/371/308 2223/362/300
f 2223/362/300 2231/371/308 2232/372/309 2224/363/301
f 2224/363/301 2232/372/309 2233/373/616 2225/364/302
f 2225/364/302 2233/373/616 2226/365/303 2218/356/295
f 2226/365/303 2234/284/311 2235/374/312 2227/366/615
f 2227/366/615 2235/374/312 2236/375/313 2228/367/305
f 2228/367/305 2236/375/313 2237/376/314 2229/368/306
f 2229/368/306 2237/376/314 2238/187/315 2230/369/307
f 2230/370/307 2238/377/315 2239/378/316 2231/371/308
f 2231/371/308 2239/378/316 2240/379/317 2232/372/309
f 2232/372/309 2240/379/317 2241/380/318 2233/373/616
f 2233/373/616 2241/380/318 2234/284/311 2226/365/303
f 2234/284/311 2242/381/319 2243/382/320 2235/374/312
f 2235/374/312 2243/382/320 2244/383/321 2236/375/313
f 2236/375/313 2244/383/321 2245/384/322 2237/376/314
f 2237/376/314 2245/384/322 2246/385/323 2238/187/315
f 2238/377/315 2246/386/323 2247/387/324 2239/378/316
f 2239/378/316 2247/387/324 2248/388/325 2240/379/317
f 2240/379/317 2248/388/325 2249/389/326 2241/380/318
f 2241/380/318 2249/389/326 2242/381/319 2234/284/311
f 2242/381/319 2250/390/327 2251/391/328 2243/382/320
f 2243/382/320 2251/391/328 2252/392/329 2244/383/321
f 2244/383/321 2252/392/329 2253/393/330 2245/384/322
f 2245/384/322 2253/393/330 2254/394/331 2246/385/323
f 2246/386/323 2254/395/331 2255/396/332 2247/387/324
f 2247/387/324 2255/396/332 2256/397/333 2248/388/325
f 2248/388/325 2256/397/333 2257/398/334 2249/389/326
f 2249/389/326 2257/398/334 2250/390/327 2242/381/319
f 2250/390/327 2258/282/237 2259/399/335 2251/391/328
f 2251/391/328 2259/399/335 2260/400/336 2252/392/329
f 2252/392/329 2260/400/336 2261/401/337 2253/393/330
f 2253/393/330 2261/401/337 2262/184/229 2254/394/331
f 2254/395/331 2262/402/229 2263/403/338 2255/396/332
f 2255/396/332 2263/403/338 2264/404/339 2256/397/333
f 2256/397/333 2264/404/339 2265/405/340 2257/398/334
f 2257/398/334 2265/405/340 2258/282/237 2250/390/327
f 2258/406/237 2266/407/341 2267/408/342 2259/409/335
f 2259/409/335 2267/408/342 2268/410/343 2260/411/336
f 2260/411/336 2268/410/343 2269/412/344 2261/413/337
f 2261/413/337 2269/412/344 2270/414/345 2262/415/229
f 2262/416/229 2270/417/345 2271/418/346 2263/419/338
f 2263/419/338 2271/418/346 2272/420/347 2264/421/339
f 2264/421/339 2272/420/347 2273/422/348 2265/423/340
f 2265/423/340 2273/422/348 2266/407/341 2258/406/237
f 2266/407/341 2274/424/349 2275/425/350 2267/408/342
f 2267/408/342 2275/425/350 2276/426/351 2268/410/343
f 2268/410/343 2276/426/351 2277/427/352 2269/412/344
f 2269/412/344 2277/427/352 2278/428/353 2270/414/345
f 2270/417/345 2278/429/353 2279/430/354 2271/418/346
f 2271/418/346 2279/430/354 2280/431/355 2272/420/347
f 2272/420/347 2280/431/355 2281/432/356 2273/422/348
f 2273/422/348 2281/432/356 2274/424/349 2266/407/341
f 2274/424/349 2282/296/357 2283/433/358 2275/425/350
f 2275/425/350 2283/433/358 2284/434/359 2276/426/351
f 2276/426/351 2284/434/359 2285/435/360 2277/427/352
f 2277/427/352 2285/435/360 2286/211/361 2278/428/353
f 2278/429/353 2286/436/361 2287/437/362 2279/430/354
f 2279/430/354 2287/437/362 2288/438/363 2280/431/355
f 2280/431/355 2288/438/363 2289/439/364 2281/432/356
f 2281/432/356 2289/439/364 2282/296/357 2274/424/349
f 2282/296/357 2290/440/365 2291/441/366 2283/433/358
f 2283/433/358 2291/441/366 2292/442/367 2284/434/359
f 2284/434/359 2292/442/367 2293/443/368 2285/435/360
f 2285/435/360 2293/443/368 2294/444/369 2286/211/361
f 2286/436/361 2294/445/369 2295/446/370 2287/437/362
f 2287/437/362 2295/446/370 2296/447/371 2288/438/363
f 2288/438/363 2296/447/371 2297/448/372 2289/439/364
f 2289/439/364 2297/448/372 2290/440/365 2282/296/357
f 2290/440/365 2298/449/373 2299/450/374 2291/441/366
f 2291/441/366 2299/450/374 2300/451/375 2292/442/367
f 2292/442/367 2300/451/375 2301/452/376 2293/443/368
f 2293/443/368 2301/452/376 2302/453/377 2294/444/369
f 2294/445/369 2302/454/377 2303/455/378 2295/446/370
f 2295/446/370 2303/455/378 2304/456/379 2296/447/371
f 2296/447/371 2304/456/379 2305/457/380 2297/448/372
f 2297/448/372 2305/457/380 2298/449/373 2290/440/365
f 2298/449/373 2306/294/47 2307/458/381 2299/450/374
f 2299/450/374 2307/458/381 2308/459/382 2300/451/375
f 2300/451/375 2308/459/382 2309/460/383 2301/452/376
f 2301/452/376 2309/460/383 2310/207/288 2302/453/377
f 2302/454/377 2310/461/288 2311/462/384 2303/455/378
f 2303/455/378 2311/462/384 2312/463/385 2304/456/379
f 2304/456/379 2312/463/385 2313/464/386 2305/457/380
f 2305/457/380 2313/464/386 2306/294/47 2298/449/373
f 2306/294/47 2314/465/387 2315/466/388 2307/458/381
f 2307/458/381 2315/466/388 2316/467/389 2308/459/382
f 2308/459/382 2316/467/389 2317/468/390 2309/460/383
f 2309/460/383 2317/468/390 2318/469/391 2310/207/288
f 2310/461/288 2318/470/391 2319/471/392 2311/462/384
f 2311/462/384 2319/471/392 2320/472/393 2312/463/385
f 2312/463/385 2320/472/393 2321/473/394 2313/464/386
f 2313/464/386 2321/473/394 2314/465/387 2306/294/47
f 2314/465/387 2322/474/395 2323/475/396 2315/466/388
f 2315/466/388 2323/475/396 2324/476/397 2316/467/389
f 2316/467/389 2324/476/397 2325/477/398 2317/468/390
f 2317/468/390 2325/477/398 2326/478/399 2318/469/391
f 2318/470/391 2326/479/399 2327/480/400 2319/471/392
f 2319/471/392 2327/480/400 2328/481/401 2320/472/393
f 2320/472/393 2328/481/401 2329/482/402 2321/473/394
f 2321/473/394 2329/482/402 2322/474/395 2314/465/387
f 2322/474/395 2330/292/403 2331/483/404 2323/475/396
f 2323/475/396 2331/483/404 2332/484/405 2324/476/397
f 2324/476/397 2332/484/405 2333/485/406 2325/477/398
f 2325/477/398 2333/485/406 2334/203/407 2326/478/399
f 2326/479/399 2334/486/407 2335/487/408 2327/480/400
f 2327/480/400 2335/487/408 2336/488/409 2328/481/401
f 2328/481/401 2336/488/409 2337/489/410 2329/482/402
f 2329/482/402 2337/489/410 2330/292/403 2322/474/395
f 2330/292/403 2338/490/411 2339/491/412 2331/483/404
f 2331/483/404 2339/491/412 2340/492/413 2332/484/405
f 2332/484/405 2340/492/413 2341/493/414 2333/485/406
f 2333/485/406 2341/493/414 2342/494/415 2334/203/407
f 2334/486/407 2342/495/415 2343/496/416 2335/487/408
f 2335/487/408 2343/496/416 2344/497/417 2336/488/409
f 2336/488/409 2344/497/417 2345/498/418 2337/489/410
f 2337/489/410 2345/498/418 2338/490/411 2330/292/403
f 2338/490/411 2346/499/419 2347/500/617 2339/491/412
f 2339/491/412 2347/500/617 2348/501/421 2340/492/413
f 2340/492/413 2348/501/421 2349/502/422 2341/493/414
f 2341/493/414 2349/502/422 2350/503/423 2342/494/415
f 2342/495/415 2350/504/423 2351/505/424 2343/496/416
f 2343/496/416 2351/505/424 2352/506/425 2344/497/417
f 2344/497/417 2352/506/425 2353/507/426 2345/498/418
f 2345/498/418 2353/507/426 2346/499/419 2338/490/411
f 2346/499/419 2162/290/229 2163/301/242 2347/500/617
f 2347/500/617 2163/301/242 2164/303/243 2348/501/421
f 2348/501/421 2164/303/243 2165/305/244 2349/502/422
f 2349/502/422 2165/305/244 2166/199/237 2350/503/423
f 2350/504/423 2166/307/237 2167/310/245 2351/505/424
f 2351/505/424 2167/310/245 2168/312/246 2352/506/425
f 2352/506/425 2168/312/246 2169/314/247 2353/507/426
f 2353/507/426 2169/314/247 2162/290/229 2346/499/419
f 2354/290/241 2362/299/433 2363/300/434 2355/301/427
f 2355/301/427 2363/300/434 2364/302/435 2356/303/428
f 2356/303/428 2364/302/435 2365/304/436 2357/305/429
f 2357/305/429 2365/304/436 2366/306/437 2358/199/233
f 2358/307/233 2366/308/437 2367/309/438 2359/310/430
f 2359/310/430 2367/309/438 2368/311/439 2360/312/431
f 2360/312/431 2368/311/439 2369/313/440 2361/314/432
f 2361/314/432 2369/313/440 2362/299/433 2354/290/241
f 2362/299/433 2370/315/441 2371/316/442 2363/300/434
f 2363/300/434 2371/316/442 2372/317/443 2364/302/435
f 2364/302/435 2372/317/443 2373/318/444 2365/304/436
f 2365/304/436 2373/318/444 2374/319/445 2366/306/437
f 2366/308/437 2374/320/445 2375/321/446 2367/309/438
f 2367/309/438 2375/321/446 2376/322/447 2368/311/439
f 2368/311/439 2376/322/447 2377/323/448 2369/313/440
f 2369/313/440 2377/323/448 2370/315/441 2362/299/433
f 2370/315/441 2378/288/449 2379/324/450 2371/316/442
f 2371/316/442 2379/324/450 2380/325/451 2372/317/443
f 2372/317/443 2380/325/451 2381/326/452 2373/318/444
f 2373/318/444 2381/326/452 2382/195/453 2374/319/445
f 2374/320/445 2382/327/453 2383/328/454 2375/321/446
f 2375/321/446 2383/328/454 2384/329/455 2376/322/447
f 2376/322/447 2384/329/455 2385/330/456 2377/323/448
f 2377/323/448 2385/330/456 2378/288/449 2370/315/441
f 2378/288/449 2386/331/457 2387/332/458 2379/324/450
f 2379/324/450 2387/332/458 2388/333/459 2380/325/451
f 2380/325/451 2388/333/459 2389/334/460 2381/326/452
f 2381/326/452 2389/334/460 2390/335/461 2382/195/453
f 2382/327/453 2390/336/461 2391/337/462 2383/328/454
f 2383/328/454 2391/337/462 2392/338/463 2384/329/455
f 2384/329/455 2392/338/463 2393/339/464 2385/330/456
f 2385/330/456 2393/339/464 2386/331/457 2378/288/449
f 2386/331/457 2394/340/465 2395/341/466 2387/332/458
f 2387/332/458 2395/341/466 2396/342/467 2388/333/459
f 2388/333/459 2396/342/467 2397/343/468 2389/334/460
f 2389/334/460 2397/343/468 2398/344/469 2390/335/461
f 2390/336/461 2398/345/469 2399/346/470 2391/337/462
f 2391/337/462 2399/346/470 2400/347/471 2392/338/463
f 2392/338/463 2400/347/471 2401/348/472 2393/339/464
f 2393/339/464 2401/348/472 2394/340/465 2386/331/457
f 2394/340/465 2402/286/288 2403/349/473 2395/341/466
f 2395/341/466 2403/349/473 2404/350/474 2396/342/467
f 2396/342/467 2404/350/474 2405/351/475 2397/343/468
f 2397/343/468 2405/351/475 2406/191/47 2398/344/469
f 2398/345/469 2406/352/47 2407/353/476 2399/346/470
f 2399/346/470 2407/353/476 2408/354/477 2400/347/471
f 2400/347/471 2408/354/477 2409/355/478 2401/348/472
f 2401/348/472 2409/355/478 2402/286/288 2394/340/465
f 2402/286/288 2410/356/479 2411/357/480 2403/349/473
f 2403/349/473 2411/357/480 2412/358/481 2404/350/474
f 2404/350/474 2412/358/481 2413/359/482 2405/351/475
f 2405/351/475 2413/359/482 2414/360/483 2406/191/47
f 2406/352/47 2414/361/483 2415/362/484 2407/353/476
f 2407/353/476 2415/362/484 2416/363/485 2408/354/477
f 2408/354/477 2416/363/485 2417/364/486 2409/355/478
f 2409/355/478 2417/364/486 2410/356/479 2402/286/288
f 2410/356/479 2418/365/487 2419/366/488 2411/357/480
f 2411/357/480 2419/366/488 2420/367/489 2412/358/481
f 2412/358/481 2420/367/489 2421/368/490 2413/359/482
f 2413/359/482 2421/368/490 2422/369/491 2414/360/483
f 2414/361/483 2422/370/491 2423/371/492 2415/362/484
f 2415/362/484 2423/371/492 2424/372/493 2416/363/485
f 2416/363/485 2424/372/493 2425/373/494 2417/364/486
f 2417/364/486 2425/373/494 2418/365/487 2410/356/479
f 2418/365/487 2426/284/495 2427/374/496 2419/366/488
f 2419/366/488 2427/374/496 2428/375/497 2420/367/489
f 2420/367/489 2428/375/497 2429/376/498 2421/368/490
f 2421/368/490 2429/376/498 2430/187/499 2422/369/491
f 2422/370/491 2430/377/499 2431/378/500 2423/371/492
f 2423/371/492 2431/378/500 2432/379/501 2424/372/493
f 2424/372/493 2432/379/501 2433/380/502 2425/373/494
f 2425/373/494 2433/380/502 2426/284/495 2418/365/487
f 2426/284/495 2434/381/503 2435/382/504 2427/374/496
f 2427/374/496 2435/382/504 2436/383/505 2428/375/497
f 2428/375/497 2436/383/505 2437/384/506 2429/376/498
f 2429/376/498 2437/384/506 2438/385/507 2430/187/499
f 2430/377/499 2438/386/507 2439/387/508 2431/378/500
f 2431/378/500 2439/387/508 2440/388/509 2432/379/501
f 2432/379/501 2440/388/509 2441/389/510 2433/380/502
f 2433/380/502 2441/389/510 2434/381/503 2426/284/495
f 2434/381/503 2442/390/511 2443/391/512 2435/382/504
f 2435/382/504 2443/391/512 2444/392/513 2436/383/505
f 2436/383/505 2444/392/513 2445/393/514 2437/384/506
f 2437/384/506 2445/393/514 2446/394/515 2438/385/507
f 2438/386/507 2446/395/515 2447/396/516 2439/387/508
f 2439/387/508 2447/396/516 2448/397/517 2440/388/509
f 2440/388/509 2448/397/517 2449/398/518 2441/389/510
f 2441/389/510 2449/398/518 2442/390/511 2434/381/503
f 2442/390/511 2450/282/233 2451/399/519 2443/391/512
f 2443/391/512 2451/399/519 2452/400/520 2444/392/513
f 2444/392/513 2452/400/520 2453/401/521 2445/393/514
f 2445/393/514 2453/401/521 2454/184/241 2446/394/515
f 2446/395/515 2454/402/241 2455/403/522 2447/396/516
f 2447/396/516 2455/403/522 2456/404/523 2448/397/517
f 2448/397/517 2456/404/523 2457/405/524 2449/398/518
f 2449/398/518 2457/405/524 2450/282/233 2442/390/511
f 2450/406/233 2458/407/525 2459/408/526 2451/409/519
f 2451/409/519 2459/408/526 2460/410/527 2452/411/520
f 2452/411/520 2460/410/527 2461/412/528 2453/413/521
f 2453/413/521 2461/412/528 2462/414/529 2454/415/241
f 2454/416/241 2462/417/529 2463/418/530 2455/419/522
f 2455/419/522 2463/418/530 2464/420/531 2456/421/523
f 2456/421/523 2464/420/531 2465/422/532 2457/423/524
f 2457/423/524 2465/422/532 2458/407/525 2450/406/233
f 2458/407/525 2466/424/533 2467/425/534 2459/408/526
f 2459/408/526 2467/425/534 2468/426/535 2460/410/527
f 2460/410/527 2468/426/535 2469/427/536 2461/412/528
f 2461/412/528 2469/427/536 2470/428/537 2462/414/529
f 2462/417/529 2470/429/537 2471/430/538 2463/418/530
f 2463/418/530 2471/430/538 2472/431/539 2464/420/531
f 2464/420/531 2472/431/539 2473/432/540 2465/422/532
f 2465/422/532 2473/432/540 2466/424/533 2458/407/525
f 2466/424/533 2474/296/541 2475/433/542 2467/425/534
f 2467/425/534 2475/433/542 2476/434/543 2468/426/535
f 2468/426/535 2476/434/543 2477/435/544 2469/427/536
f 2469/427/536 2477/435/544 2478/211/545 2470/428/537
f 2470/429/537 2478/436/545 2479/437/546 2471/430/538
f 2471/430/538 2479/437/546 2480/438/547 2472/431/539
f 2472/431/539 2480/438/547 2481/439/548 2473/432/540
f 2473/432/540 2481/439/548 2474/296/541 2466/424/533
f 2474/296/541 2482/440/549 2483/441/550 2475/433/542
f 2475/433/542 2483/441/550 2484/442/551 2476/434/543
f 2476/434/543 2484/442/551 2485/443/552 2477/435/544
f 2477/435/544 2485/443/552 2486/444/553 2478/211/545
f 2478/436/545 2486/445/553 2487/446/554 2479/437/546
f 2479/437/546 2487/446/554 2488/447/555 2480/438/547
f 2480/438/547 2488/447/555 2489/448/556 2481/439/548
f 2481/439/548 2489/448/556 2482/440/549 2474/296/541
f 2482/440/549 2490/449/557 2491/450/558 2483/441/550
f 2483/441/550 2491/450/558 2492/451/559 2484/442/551
f 2484/442/551 2492/451/559 2493/452/560 2485/443/552
f 2485/443/552 2493/452/560 2494/453/561 2486/444/553
f 2486/445/553 2494/454/561 2495/455/562 2487/446/554
f 2487/446/554 2495/455/562 2496/456/563 2488/447/555
f 2488/447/555 2496/456/563 2497/457/564 2489/448/556
f 2489/448/556 2497/457/564 2490/449/557 2482/440/549
f 2490/449/557 2498/294/47 2499/458/565 2491/450/558
f 2491/450/558 2499/458/565 2500/459/566 2492/451/559
f 2492/451/559 2500/459/566 2501/460/567 2493/452/560
f 2493/452/560 2501/460/567 2502/207/288 2494/453/561
f 2494/454/561 2502/461/288 2503/462/568 2495/455/562
f 2495/455/562 2503/462/568 2504/463/569 2496/456/563
f 2496/456/563 2504/463/569 2505/464/570 2497/457/564
f 2497/457/564 2505/464/570 2498/294/47 2490/449/557
f 2498/294/47 2506/465/571 2507/466/572 2499/458/565
f 2499/458/565 2507/466/572 2508/467/619 2500/459/566
f 2500/459/566 2508/467/619 2509/468/574 2501/460/567
f 2501/460/567 2509/468/574 2510/469/575 2502/207/288
f 2502/461/288 2510/470/575 2511/471/576 2503/462/568
f 2503/462/568 2511/471/576 2512/472/577 2504/463/569
f 2504/463/569 2512/472/577 2513/473/578 2505/464/570
f 2505/464/570 2513/473/578 2506/465/571 2498/294/47
f 2506/465/571 2514/474/579 2515/475/580 2507/466/572
f 2507/466/572 2515/475/580 2516/476/581 2508/467/619
f 2508/467/619 2516/476/581 2517/477/582 2509/468/574
f 2509/468/574 2517/477/582 2518/478/583 2510/469/575
f 2510/470/575 2518/479/583 2519/480/584 2511/471/576
f 2511/471/576 2519/480/584 2520/481/585 2512/472/577
f 2512/472/577 2520/481/585 2521/482/586 2513/473/578
f 2513/473/578 2521/482/586 2514/474/579 2506/465/571
f 2514/474/579 2522/292/587 2523/483/588 2515/475/580
f 2515/475/580 2523/483/588 2524/484/589 2516/476/581
f 2516/476/581 2524/484/589 2525/485/590 2517/477/582
f 2517/477/582 2525/485/590 2526/203/591 2518/478/583
f 2518/479/583 2526/486/591 2527/487/592 2519/480/584
f 2519/480/584 2527/487/592 2528/488/593 2520/481/585
f 2520/481/585 2528/488/593 2529/489/594 2521/482/586
f 2521/482/586 2529/489/594 2522/292/587 2514/474/579
f 2522/292/587 2530/490/595 2531/491/596 2523/483/588
f 2523/483/588 2531/491/596 2532/492/597 2524/484/589
f 2524/484/589 2532/492/597 2533/493/598 2525/485/590
f 2525/485/590 2533/493/598 2534/494/599 2526/203/591
f 2526/486/591 2534/495/599 2535/496/600 2527/487/592
f 2527/487/592 2535/496/600 2536/497/601 2528/488/593
f 2528/488/593 2536/497/601 2537/498/602 2529/489/594
f 2529/489/594 2537/498/602 2530/490/595 2522/292/587
f 2530/490/595 2538/499/603 2539/500/604 2531/491/596
f 2531/491/596 2539/500/604 2540/501/605 2532/492/597
f 2532/492/597 2540/501/605 2541/502/606 2533/493/598
f 2533/493/598 2541/502/606 2542/503/607 2534/494/599
f 2534/495/599 2542/504/607 2543/505/608 2535/496/600
f 2535/496/600 2543/505/608 2544/506/609 2536/497/601
f 2536/497/601 2544/506/609 2545/507/610 2537/498/602
f 2537/498/602 2545/507/610 2538/499/603 2530/490/595
f 2538/499/603 2354/290/241 2355/301/427 2539/500/604
f 2539/500/604 2355/301/427 2356/303/428 2540/501/605
f 2540/501/605 2356/303/428 2357/305/429 2541/502/606
f 2541/502/606 2357/305/429 2358/199/233 2542/503/607
f 2542/504/607 2358/307/233 2359/310/430 2543/505/608
f 2543/505/608 2359/310/430 2360/312/431 2544/506/609
f 2544/506/609 2360/312/431 2361/314/432 2545/507/610
f 2545/507/610 2361/314/432 2354/290/241 2538/499/603
f 2546/290/229 2554/299/248 2555/300/614 2547/301/242
f 2547/301/242 2555/300/614 2556/302/250 2548/303/243
f 2548/303/243 2556/302/250 2557/304/251 2549/305/244
f 2549/305/244 2557/304/251 2558/306/252 2550/199/237
f 2550/307/237 2558/308/252 2559/309/253 2551/310/245
f 2551/310/245 2559/309/253 2560/311/254 2552/312/246
f 2552/312/246 2560/311/254 2561/313/621 2553/314/247
f 2553/314/247 2561/313/621 2554/299/248 2546/290/229
f 2554/299/248 2562/315/256 2563/316/257 2555/300/614
f 2555/300/614 2563/316/257 2564/317/258 2556/302/250
f 2556/302/250 2564/317/258 2565/318/259 2557/304/251
f 2557/304/251 2565/318/259 2566/319/260 2558/306/252
f 2558/308/252 2566/320/260 2567/321/261 2559/309/253
f 2559/309/253 2567/321/261 2568/322/262 2560/311/254
f 2560/311/254 2568/322/262 2569/323/263 2561/313/621
f 2561/313/621 2569/323/263 2562/315/256 2554/299/248
f 2562/315/256 2570/288/264 2571/324/265 2563/316/257
f 2563/316/257 2571/324/265 2572/325/266 2564/317/258
f 2564/317/258 2572/325/266 2573/326/267 2565/318/259
f 2565/318/259 2573/326/267 2574/195/268 2566/319/260
f 2566/320/260 2574/327/268 2575/328/269 2567/321/261
f 2567/321/261 2575/328/269 2576/329/270 2568/322/262
f 2568/322/262 2576/329/270 2577/330/271 2569/323/263
f 2569/323/263 2577/330/271 2570/288/264 2562/315/256
f 2570/288/264 2578/331/272 2579/332/273 2571/324/265
f 2571/324/265 2579/332/273 2580/333/274 2572/325/266
f 2572/325/266 2580/333/274 2581/334/275 2573/326/267
f 2573/326/267 2581/334/275 2582/335/276 2574/195/268
f 2574/327/268 2582/336/276 2583/337/277 2575/328/269
f 2575/328/269 2583/337/277 2584/338/278 2576/329/270
f 2576/329/270 2584/338/278 2585/339/279 2577/330/271
f 2577/330/271 2585/339/279 2578/331/272 2570/288/264
f 2578/331/272 2586/340/280 2587/341/281 2579/332/273
f 2579/332/273 2587/341/281 2588/342/282 2580/333/274
f 2580/333/274 2588/342/282 2589/343/283 2581/334/275
f 2581/334/275 2589/343/283 2590/344/284 2582/335/276
f 2582/336/276 2590/345/284 2591/346/285 2583/337/277
f 2583/337/277 2591/346/285 2592/347/286 2584/338/278
f 2584/338/278 2592/347/286 2593/348/287 2585/339/279
f 2585/339/279 2593/348/287 2586/340/280 2578/331/272
f 2586/340/280 2594/286/288 2595/349/289 2587/341/281
f 2587/341/281 2595/349/289 2596/350/290 2588/342/282
f 2588/342/282 2596/350/290 2597/351/291 2589/343/283
f 2589/343/283 2597/351/291 2598/191/47 2590/344/284
f 2590/345/284 2598/352/47 2599/353/292 2591/346/285
f 2591/346/285 2599/353/292 2600/354/293 2592/347/286
f 2592/347/286 2600/354/293 2601/355/294 2593/348/287
f 2593/348/287 2601/355/294 2594/286/288 2586/340/280
f 2594/286/288 2602/356/295 2603/357/296 2595/349/289
f 2595/349/289 2603/357/296 2604/358/297 2596/350/290
f 2596/350/290 2604/358/297 2605/359/298 2597/351/291
f 2597/351/291 2605/359/298 2606/360/299 2598/191/47
f 2598/352/47 2606/361/299 2607/362/300 2599/353/292
f 2599/353/292 2607/362/300 2608/363/301 2600/354/293
f 2600/354/293 2608/363/301 2609/364/302 2601/355/294
f 2601/355/294 2609/364/302 2602/356/295 2594/286/288
f 2602/356/295 2610/365/303 2611/366/304 2603/357/296
f 2603/357/296 2611/366/304 2612/367/305 2604/358/297
f 2604/358/297 2612/367/305 2613/368/306 2605/359/298
f 2605/359/298 2613/368/306 2614/369/307 2606/360/299
f 2606/361/299 2614/370/307 2615/371/308 2607/362/300
f 2607/362/300 2615/371/308 2616/372/309 2608/363/301
f 2608/363/301 2616/372/309 2617/373/310 2609/364/302
f 2609/364/302 2617/373/310 2610/365/303 2602/356/295
f 2610/365/303 2618/284/311 2619/374/312 2611/366/304
f 2611/366/304 2619/374/312 2620/375/313 2612/367/305
f 2612/367/305 2620/375/313 2621/376/314 2613/368/306
f 2613/368/306 2621/376/314 2622/187/315 2614/369/307
f 2614/370/307 2622/377/315 2623/378/316 2615/371/308
f 2615/371/308 2623/378/316 2624/379/317 2616/372/309
f 2616/372/309 2624/379/317 2625/380/318 2617/373/310
f 2617/373/310 2625/380/318 2618/284/311 2610/365/303
f 2618/284/311 2626/381/319 2627/382/320 2619/374/312
f 2619/374/312 2627/382/320 2628/383/321 2620/375/313
f 2620/375/313 2628/383/321 2629/384/322 2621/376/314
f 2621/376/314 2629/384/322 2630/385/323 2622/187/315
f 2622/377/315 2630/386/323 2631/387/324 2623/378/316
f 2623/378/316 2631/387/324 2632/388/325 2624/379/317
f 2624/379/317 2632/388/325 2633/389/326 2625/380/318
f 2625/380/318 2633/389/326 2626/381/319 2618/284/311
f 2626/381/319 2634/390/327 2635/391/328 2627/382/320
f 2627/382/320 2635/391/328 2636/392/329 2628/383/321
f 2628/383/321 2636/392/329 2637/393/330 2629/384/322
f 2629/384/322 2637/393/330 2638/394/331 2630/385/323
f 2630/386/323 2638/395/331 2639/396/332 2631/387/324
f 2631/387/324 2639/396/332 2640/397/333 2632/388/325
f 2632/388/325 2640/397/333 2641/398/334 2633/389/326
f 2633/389/326 2641/398/334 2634/390/327 2626/381/319
f 2634/390/327 2642/282/237 2643/399/335 2635/391/328
f 2635/391/328 2643/399/335 2644/400/336 2636/392/329
f 2636/392/329 2644/400/336 2645/401/337 2637/393/330
f 2637/393/330 2645/401/337 2646/184/229 2638/394/331
f 2638/395/331 2646/402/229 2647/403/338 2639/396/332
f 2639/396/332 2647/403/338 2648/404/339 2640/397/333
f 2640/397/333 2648/404/339 2649/405/340 2641/398/334
f 2641/398/334 2649/405/340 2642/282/237 2634/390/327
f 2642/406/237 2650/407/341 2651/408/342 2643/409/335
f 2643/409/335 2651/408/342 2652/410/343 2644/411/336
f 2644/411/336 2652/410/343 2653/412/344 2645/413/337
f 2645/413/337 2653/412/344 2654/414/345 2646/415/229
f 2646/416/229 2654/417/345 2655/418/346 2647/419/338
f 2647/419/338 2655/418/346 2656/420/347 2648/421/339
f 2648/421/339 2656/420/347 2657/422/348 2649/423/340
f 2649/423/340 2657/422/348 2650/407/341 2642/406/237
f 2650/407/341 2658/424/349 2659/425/350 2651/408/342
f 2651/408/342 2659/425/350 2660/426/351 2652/410/343
f 2652/410/343 2660/426/351 2661/427/352 2653/412/344
f 2653/412/344 2661/427/352 2662/428/353 2654/414/345
f 2654/417/345 2662/429/353 2663/430/354 2655/418/346
f 2655/418/346 2663/430/354 2664/431/355 2656/420/347
f 2656/420/347 2664/431/355 2665/432/356 2657/422/348
f 2657/422/348 2665/432/356 2658/424/349 2650/407/341
f 2658/424/349 2666/296/357 2667/433/358 2659/425/350
f 2659/425/350 2667/433/358 2668/434/359 2660/426/351
f 2660/426/351 2668/434/359 2669/435/360 2661/427/352
f 2661/427/352 2669/435/360 2670/211/361 2662/428/353
f 2662/429/353 2670/436/361 2671/437/362 2663/430/354
f 2663/430/354 2671/437/362 2672/438/363 2664/431/355
f 2664/431/355 2672/438/363 2673/439/364 2665/432/356
f 2665/432/356 2673/439/364 2666/296/357 2658/424/349
f 2666/296/357 2674/440/365 2675/441/366 2667/433/358
f 2667/433/358 2675/441/366 2676/442/367 2668/434/359
f 2668/434/359 2676/442/367 2677/443/368 2669/435/360
f 2669/435/360 2677/443/368 2678/444/369 2670/211/361
f 2670/436/361 2678/445/369 2679/446/370 2671/437/362
f 2671/437/362 2679/446/370 2680/447/371 2672/438/363
f 2672/438/363 2680/447/371 2681/448/372 2673/439/364
f 2673/439/364 2681/448/372 2674/440/365 2666/296/357
f 2674/440/365 2682/449/373 2683/450/374 2675/441/366
f 2675/441/366 2683/450/374 2684/451/375 2676/442/367
f 2676/442/367 2684/451/375 2685/452/376 2677/443/368
f 2677/443/368 2685/452/376 2686/453/377 2678/444/369
f 2678/445/369 2686/454/377 2687/455/378 2679/446/370
f 2679/446/370 2687/455/378 2688/456/379 2680/447/371
f 2680/447/371 2688/456/379 2689/457/380 2681/448/372
f 2681/448/372 2689/457/380 2682/449/373 2674/440/365
f 2682/449/373 2690/294/47 2691/458/381 2683/450/374
f 2683/450/374 2691/458/381 2692/459/382 2684/451/375
f 2684/451/375 2692/459/382 2693/460/383 2685/452/376
f 2685/452/376 2693/460/383 2694/207/288 2686/453/377
f 2686/454/377 2694/461/288 2695/462/384 2687/455/378
f 2687/455/378 2695/462/384 2696/463/385 2688/456/379
f 2688/456/379 2696/463/385 2697/464/386 2689/457/380
f 2689/457/380 2697/464/386 2690/294/47 2682/449/373
f 2690/294/47 2698/465/387 2699/466/388 2691/458/381
f 2691/458/381 2699/466/388 2700/467/389 2692/459/382
f 2692/459/382 2700/467/389 2701/468/390 2693/460/383
f 2693/460/383 2701/468/390 2702/469/391 2694/207/288
f 2694/461/288 2702/470/391 2703/471/392 2695/462/384
f 2695/462/384 2703/471/392 2704/472/393 2696/463/385
f 2696/463/385 2704/472/393 2705/473/394 2697/464/386
f 2697/464/386 2705/473/394 2698/465/387 2690/294/47
f 2698/465/387 2706/474/395 2707/475/396 2699/466/388
f 2699/466/388 2707/475/396 2708/476/397 2700/467/389
f 2700/467/389 2708/476/397 2709/477/398 2701/468/390
f 2701/468/390 2709/477/398 2710/478/399 2702/469/391
f 2702/470/391 2710/479/399 2711/480/400 2703/471/392
f 2703/471/392 2711/480/400 2712/481/401 2704/472/393
f 2704/472/393 2712/481/401 2713/482/402 2705/473/394
f 2705/473/394 2713/482/402 2706/474/395 2698/465/387
f 2706/474/395 2714/292/403 2715/483/404 2707/475/396
f 2707/475/396 2715/483/404 2716/484/405 2708/476/397
f 2708/476/397 2716/484/405 2717/485/406 2709/477/398
f 2709/477/398 2717/485/406 2718/203/407 2710/478/399
f 2710/479/399 2718/486/407 2719/487/408 2711/480/400
f 2711/480/400 2719/487/408 2720/488/409 2712/481/401
f 2712/481/401 2720/488/409 2721/489/410 2713/482/402
f 2713/482/402 2721/489/410 2714/292/403 2706/474/395
f 2714/292/403 2722/490/411 2723/491/412 2715/483/404
f 2715/483/404 2723/491/412 2724/492/413 2716/484/405
f 2716/484/405 2724/492/413 2725/493/414 2717/485/406
f 2717/485/406 2725/493/414 2726/494/415 2718/203/407
f 2718/486/407 2726/495/415 2727/496/416 2719/487/408
f 2719/487/408 2727/496/416 2728/497/417 2720/488/409
f 2720/488/409 2728/497/417 2729/498/418 2721/489/410
f 2721/489/410 2729/498/418 2722/490/411 2714/292/403
f 2722/490/411 2730/499/419 2731/500/617 2723/491/412
f 2723/491/412 2731/500/617 2732/501/421 2724/492/413
f 2724/492/413 2732/501/421 2733/502/422 2725/493/414
f 2725/493/414 2733/502/422 2734/503/423 2726/494/415
f 2726/495/415 2734/504/423 2735/505/424 2727/496/416
f 2727/496/416 2735/505/424 2736/506/425 2728/497/417
f 2728/497/417 2736/506/425 2737/507/622 2729/498/418
f 2729/498/418 2737/507/622 2730/499/419 2722/490/411
f 2730/499/419 2546/290/229 2547/301/242 2731/500/617
f 2731/500/617 2547/301/242 2548/303/243 2732/501/421
f 2732/501/421 2548/303/243 2549/305/244 2733/502/422
f 2733/502/422 2549/305/244 2550/199/237 2734/503/423
f 2734/504/423 2550/307/237 2551/310/245 2735/505/424
f 2735/505/424 2551/310/245 2552/312/246 2736/506/425
f 2736/506/425 2552/312/246 2553/314/247 2737/507/622
f 2737/507/622 2553/314/247 2546/290/229 2730/499/419
f 2738/290/241 2746/299/433 2747/300/434 2739/301/427
f 2739/301/427 2747/300/434 2748/302/435 2740/303/428
f 2740/303/428 2748/302/435 2749/304/436 2741/305/429
f 2741/305/429 2749/304/436 2750/306/437 2742/199/233
f 2742/307/233 2750/308/437 2751/309/438 2743/310/430
f 2743/310/430 2751/309/438 2752/311/439 2744/312/431
f 2744/312/431 2752/311/439 2753/313/440 2745/314/432
f 2745/314/432 2753/313/440 2746/299/433 2738/290/241
f 2746/299/433 2754/315/441 2755/316/442 2747/300/434
f 2747/300/434 2755/316/442 2756/317/443 2748/302/435
f 2748/302/435 2756/317/443 2757/318/444 2749/304/436
f 2749/304/436 2757/318/444 2758/319/445 2750/306/437
f 2750/308/437 2758/320/445 2759/321/446 2751/309/438
f 2751/309/438 2759/321/446 2760/322/447 2752/311/439
f 2752/311/439 2760/322/447 2761/323/448 2753/313/440
f 2753/313/440 2761/323/448 2754/315/441 2746/299/433
f 2754/315/441 2762/288/449 2763/324/450 2755/316/442
f 2755/316/442 2763/324/450 2764/325/451 2756/317/443
f 2756/317/443 2764/325/451 2765/326/452 2757/318/444
f 2757/318/444 2765/326/452 2766/195/453 2758/319/445
f 2758/320/445 2766/327/453 2767/328/454 2759/321/446
f 2759/321/446 2767/328/454 2768/329/455 2760/322/447
f 2760/322/447 2768/329/455 2769/330/456 2761/323/448
f 2761/323/448 2769/330/456 2762/288/449 2754/315/441
f 2762/288/449 2770/331/457 2771/332/458 2763/324/450
f 2763/324/450 2771/332/458 2772/333/459 2764/325/451
f 2764/325/451 2772/333/459 2773/334/460 2765/326/452
f 2765/326/452 2773/334/460 2774/335/461 2766/195/453
f 2766/327/453 2774/336/461 2775/337/462 2767/328/454
f 2767/328/454 2775/337/462 2776/338/463 2768/329/455
f 2768/329/455 2776/338/463 2777/339/464 2769/330/456
f 2769/330/456 2777/339/464 2770/331/457 2762/288/449
f 2770/331/457 2778/340/465 2779/341/466 2771/332/458
f 2771/332/458 2779/341/466 2780/342/467 2772/333/459
f 2772/333/459 2780/342/467 2781/343/468 2773/334/460
f 2773/334/460 2781/343/468 2782/344/469 2774/335/461
f 2774/336/461 2782/345/469 2783/346/470 2775/337/462
f 2775/337/462 2783/346/470 2784/347/471 2776/338/463
f 2776/338/463 2784/347/471 2785/348/472 2777/339/464
f 2777/339/464 2785/348/472 2778/340/465 2770/331/457
f 2778/340/465 2786/286/288 2787/349/473 2779/341/466
f 2779/341/466 2787/349/473 2788/350/474 2780/342/467
f 2780/342/467 2788/350/474 2789/351/475 2781/343/468
f 2781/343/468 2789/351/475 2790/191/47 2782/344/469
f 2782/345/469 2790/352/47 2791/353/476 2783/346/470
f 2783/346/470 2791/353/476 2792/354/477 2784/347/471
f 2784/347/471 2792/354/477 2793/355/478 2785/348/472
f 2785/348/472 2793/355/478 2786/286/288 2778/340/465
f 2786/286/288 2794/356/479 2795/357/480 2787/349/473
f 2787/349/473 2795/357/480 2796/358/623 2788/350/474
f 2788/350/474 2796/358/623 2797/359/482 2789/351/475
f 2789/351/475 2797/359/482 2798/360/483 2790/191/47
f 2790/352/47 2798/361/483 2799/362/484 2791/353/476
f 2791/353/476 2799/362/484 2800/363/485 2792/354/477
f 2792/354/477 2800/363/485 2801/364/486 2793/355/478
f 2793/355/478 2801/364/486 2794/356/479 2786/286/288
f 2794/356/479 2802/365/487 2803/366/488 2795/357/480
f 2795/357/480 2803/366/488 2804/367/489 2796/358/623
f 2796/358/623 2804/367/489 2805/368/490 2797/359/482
f 2797/359/482 2805/368/490 2806/369/491 2798/360/483
f 2798/361/483 2806/370/491 2807/371/492 2799/362/484
f 2799/362/484 2807/371/492 2808/372/493 2800/363/485
f 2800/363/485 2808/372/493 2809/373/494 2801/364/486
f 2801/364/486 2809/373/494 2802/365/487 2794/356/479
f 2802/365/487 2810/284/495 2811/374/496 2803/366/488
f 2803/366/488 2811/374/496 2812/375/497 2804/367/489
f 2804/367/489 2812/375/497 2813/376/498 2805/368/490
f 2805/368/490 2813/376/498 2814/187/499 2806/369/491
f 2806/370/491 2814/377/499 2815/378/500 2807/371/492
f 2807/371/492 2815/378/500 2816/379/501 2808/372/493
f 2808/372/493 2816/379/501 2817/380/502 2809/373/494
f 2809/373/494 2817/380/502 2810/284/495 2802/365/487
f 2810/284/495 2818/381/503 2819/382/504 2811/374/496
f 2811/374/496 2819/382/504 2820/383/505 2812/375/497
f 2812/375/497 2820/383/505 2821/384/506 2813/376/498
f 2813/376/498 2821/384/506 2822/385/507 2814/187/499
f 2814/377/499 2822/386/507 2823/387/508 2815/378/500
f 2815/378/500 2823/387/508 2824/388/509 2816/379/501
f 2816/379/501 2824/388/509 2825/389/510 2817/380/502
f 2817/380/502 2825/389/510 2818/381/503 2810/284/495
f 2818/381/503 2826/390/511 2827/391/512 2819/382/504
f 2819/382/504 2827/391/512 2828/392/513 2820/383/505
f 2820/383/505 2828/392/513 2829/393/514 2821/384/506
f 2821/384/506 2829/393/514 2830/394/515 2822/385/507
f 2822/386/507 2830/395/515 2831/396/516 2823/387/508
f 2823/387/508 2831/396/516 2832/397/517 2824/388/509
f 2824/388/509 2832/397/517 2833/398/518 2825/389/510
f 2825/389/510 2833/398/518 2826/390/511 2818/381/503
f 2826/390/511 2834/282/233 2835/399/519 2827/391/512
f 2827/391/512 2835/399/519 2836/400/520 2828/392/513
f 2828/392/513 2836/400/520 2837/401/521 2829/393/514
f 2829/393/514 2837/401/521 2838/184/241 2830/394/515
f 2830/395/515 2838/402/241 2839/403/522 2831/396/516
f 2831/396/516 2839/403/522 2840/404/523 2832/397/517
f 2832/397/517 2840/404/523 2841/405/524 2833/398/518
f 2833/398/518 2841/405/524 2834/282/233 2826/390/511
f 2834/406/233 2842/407/525 2843/408/526 2835/409/519
f 2835/409/519 2843/408/526 2844/410/527 2836/411/520
f 2836/411/520 2844/410/527 2845/412/528 2837/413/521
f 2837/413/521 2845/412/528 2846/414/529 2838/415/241
f 2838/416/241 2846/417/529 2847/418/530 2839/419/522
f 2839/419/522 2847/418/530 2848/420/531 2840/421/523
f 2840/421/523 2848/420/531 2849/422/532 2841/423/524
f 2841/423/524 2849/422/532 2842/407/525 2834/406/233
f 2842/407/525 2850/424/533 2851/425/534 2843/408/526
f 2843/408/526 2851/425/534 2852/426/535 2844/410/527
f 2844/410/527 2852/426/535 2853/427/536 2845/412/528
f 2845/412/528 2853/427/536 2854/428/537 2846/414/529
f 2846/417/529 2854/429/537 2855/430/538 2847/418/530
f 2847/418/530 2855/430/538 2856/431/539 2848/420/531
f 2848/420/531 2856/431/539 2857/432/540 2849/422/532
f 2849/422/532 2857/432/540 2850/424/533 2842/407/525
f 2850/424/533 2858/296/541 2859/433/542 2851/425/534
f 2851/425/534 2859/433/542 2860/434/543 2852/426/535
f 2852/426/535 2860/434/543 2861/435/544 2853/427/536
f 2853/427/536 2861/435/544 2862/211/545 2854/428/537
f 2854/429/537 2862/436/545 2863/437/546 2855/430/538
f 2855/430/538 2863/437/546 2864/438/547 2856/431/539
f 2856/431/539 2864/438/547 2865/439/548 2857/432/540
f 2857/432/540 2865/439/548 2858/296/541 2850/424/533
f 2858/296/541 2866/440/549 2867/441/550 2859/433/542
f 2859/433/542 2867/441/550 2868/442/551 2860/434/543
f 2860/434/543 2868/442/551 2869/443/552 2861/435/544
f 2861/435/544 2869/443/552 2870/444/553 2862/211/545
f 2862/436/545 2870/445/553 2871/446/554 2863/437/546
f 2863/437/546 2871/446/554 2872/447/555 2864/438/547
f 2864/438/547 2872/447/555 2873/448/556 2865/439/548
f 2865/439/548 2873/448/556 2866/440/549 2858/296/541
f 2866/440/549 2874/449/557 2875/450/558 2867/441/550
f 2867/441/550 2875/450/558 2876/451/613 2868/442/551
f 2868/442/551 2876/451/613 2877/452/560 2869/443/552
f 2869/443/552 2877/452/560 2878/453/561 2870/444/553
f 2870/445/553 2878/454/561 2879/455/562 2871/446/554
f 2871/446/554 2879/455/562 2880/456/563 2872/447/555
f 2872/447/555 2880/456/563 2881/457/564 2873/448/556
f 2873/448/556 2881/457/564 2874/449/557 2866/440/549
f 2874/449/557 2882/294/47 2883/458/565 2875/450/558
f 2875/450/558 2883/458/565 2884/459/566 2876/451/613
f 2876/451/613 2884/459/566 2885/460/567 2877/452/560
f 2877/452/560 2885/460/567 2886/207/288 2878/453/561
f 2878/454/561 2886/461/288 2887/462/568 2879/455/562
f 2879/455/562 2887/462/568 2888/463/569 2880/456/563
f 2880/456/563 2888/463/569 2889/464/570 2881/457/564
f 2881/457/564 2889/464/570 2882/294/47 2874/449/557
f 2882/294/47 2890/465/571 2891/466/572 2883/458/565
f 2883/458/565 2891/466/572 2892/467/573 2884/459/566
f 2884/459/566 2892/467/573 2893/468/574 2885/460/567
f 2885/460/567 2893/468/574 2894/469/575 2886/207/288
f 2886/461/288 2894/470/575 2895/471/576 2887/462/568
f 2887/462/568 2895/471/576 2896/472/577 2888/463/569
f 2888/463/569 2896/472/577 2897/473/578 2889/464/570
f 2889/464/570 2897/473/578 2890/465/571 2882/294/47
f 2890/465/571 2898/474/579 2899/475/580 2891/466/572
f 2891/466/572 2899/475/580 2900/476/581 2892/467/573
f 2892/467/573 2900/476/581 2901/477/582 2893/468/574
f 2893/468/574 2901/477/582 2902/478/583 2894/469/575
f 2894/470/575 2902/479/583 2903/480/584 2895/471/576
f 2895/471/576 2903/480/584 2904/481/585 2896/472/577
f 2896/472/577 2904/481/585 2905/482/586 2897/473/578
f 2897/473/578 2905/482/586 2898/474/579 2890/465/571
f 2898/474/579 2906/292/587 2907/483/588 2899/475/580
f 2899/475/580 2907/483/588 2908/484/589 2900/476/581
f 2900/476/581 2908/484/589 2909/485/590 2901/477/582
f 2901/477/582 2909/485/590 2910/203/591 2902/478/583
f 2902/479/583 2910/486/591 2911/487/592 2903/480/584
f 2903/480/584 2911/487/592 2912/488/593 2904/481/585
f 2904/481/585 2912/488/593 2913/489/594 2905/482/586
f 2905/482/586 2913/489/594 2906/292/587 2898/474/579
f 2906/292/587 2914/490/595 2915/491/596 2907/483/588
f 2907/483/588 2915/491/596 2916/492/597 2908/484/589
f 2908/484/589 2916/492/597 2917/493/598 2909/485/590
f 2909/485/590 2917/493/598 2918/494/599 2910/203/591
f 2910/486/591 2918/495/599 2919/496/600 2911/487/592
f 2911/487/592 2919/496/600 2920/497/601 2912/488/593
f 2912/488/593 2920/497/601 2921/498/602 2913/489/594
f 2913/489/594 2921/498/602 2914/490/595 2906/292/587
f 2914/490/595 2922/499/603 2923/500/604 2915/491/596
f 2915/491/596 2923/500/604 2924/501/605 2916/492/597
f 2916/492/597 2924/501/605 2925/502/606 2917/493/598
f 2917/493/598 2925/502/606 2926/503/607 2918/494/599
f 2918/495/599 2926/504/607 2927/505/608 2919/496/600
f 2919/496/600 2927/505/608 2928/506/609 2920/497/601
f 2920/497/601 2928/506/609 2929/507/610 2921/498/602
f 2921/498/602 2929/507/610 2922/499/603 2914/490/595
f 2922/499/603 2738/290/241 2739/301/427 2923/500/604
f 2923/500/604 2739/301/427 2740/303/428 2924/501/605
f 2924/501/605 2740/303/428 2741/305/429 2925/502/606
f 2925/502/606 2741/305/429 2742/199/233 2926/503/607
f 2926/504/607 2742/307/233 2743/310/430 2927/505/608
f 2927/505/608 2743/310/430 2744/312/431 2928/506/609
f 2928/506/609 2744/312/431 2745/314/432 2929/507/610
f 2929/507/610 2745/314/432 2738/290/241 2922/499/603
f 2930/290/229 2938/299/248 2939/300/249 2931/301/242
f 2931/301/242 2939/300/249 2940/302/250 2932/303/243
f 2932/303/243 2940/302/250 2941/304/251 2933/305/244
f 2933/305/244 2941/304/251 2942/306/252 2934/199/237
f 2934/307/237 2942/308/252 2943/309/253 2935/310/245
f 2935/310/245 2943/309/253 2944/311/254 2936/312/246
f 2936/312/246 2944/311/254 2945/313/621 2937/314/247
f 2937/314/247 2945/313/621 2938/299/248 2930/290/229
f 2938/299/248 2946/315/256 2947/316/257 2939/300/249
f 2939/300/249 2947/316/257 2948/317/258 2940/302/250
f 2940/302/250 2948/317/258 2949/318/259 2941/304/251
f 2941/304/251 2949/318/259 2950/319/260 2942/306/252
f 2942/308/252 2950/320/260 2951/321/261 2943/309/253
f 2943/309/253 2951/321/261 2952/322/262 2944/311/254
f 2944/311/254 2952/322/262 2953/323/263 2945/313/621
f 2945/313/621 2953/323/263 2946/315/256 2938/299/248
f 2946/315/256 2954/288/264 2955/324/265 2947/316/257
f 2947/316/257 2955/324/265 2956/325/266 2948/317/258
f 2948/317/258 2956/325/266 2957/326/267 2949/318/259
f 2949/318/259 2957/326/267 2958/195/268 2950/319/260
f 2950/320/260 2958/327/268 2959/328/269 2951/321/261
f 2951/321/261 2959/328/269 2960/329/270 2952/322/262
f 2952/322/262 2960/329/270 2961/330/271 2953/323/263
f 2953/323/263 2961/330/271 2954/288/264 2946/315/256
f 2954/288/264 2962/331/272 2963/332/273 2955/324/265
f 2955/324/265 2963/332/273 2964/333/274 2956/325/266
f 2956/325/266 2964/333/274 2965/334/275 2957/326/267
f 2957/326/267 2965/334/275 2966/335/276 2958/195/268
f 2958/327/268 2966/336/276 2967/337/277 2959/328/269
f 2959/328/269 2967/337/277 2968/338/278 2960/329/270
f 2960/329/270 2968/338/278 2969/339/279 2961/330/271
f 2961/330/271 2969/339/279 2962/331/272 2954/288/264
f 2962/331/272 2970/340/280 2971/341/281 2963/332/273
f 2963/332/273 2971/341/281 2972/342/282 2964/333/274
f 2964/333/274 2972/342/282 2973/343/283 2965/334/275
f 2965/334/275 2973/343/283 2974/344/284 2966/335/276
f 2966/336/276 2974/345/284 2975/346/285 2967/337/277
f 2967/337/277 2975/346/285 2976/347/286 2968/338/278
f 2968/338/278 2976/347/286 2977/348/287 2969/339/279
f 2969/339/279 2977/348/287 2970/340/280 2962/331/272
f 2970/340/280 2978/286/288 2979/349/289 2971/341/281
f 2971/341/281 2979/349/289 2980/350/290 2972/342/282
f 2972/342/282 2980/350/290 2981/351/291 2973/343/283
f 2973/343/283 2981/351/291 2982/191/47 2974/344/284
f 2974/345/284 2982/352/47 2983/353/292 2975/346/285
f 2975/346/285 2983/353/292 2984/354/293 2976/347/286
f 2976/347/286 2984/354/293 2985/355/294 2977/348/287
f 2977/348/287 2985/355/294 2978/286/288 2970/340/280
f 2978/286/288 2986/356/295 2987/357/296 2979/349/289
f 2979/349/289 2987/357/296 2988/358/297 2980/350/290
f 2980/350/290 2988/358/297 2989/359/298 2981/351/291
f 2981/351/291 2989/359/298 2990/360/299 2982/191/47
f 2982/352/47 2990/361/299 2991/362/300 2983/353/292
f 2983/353/292 2991/362/300 2992/363/301 2984/354/293
f 2984/354/293 2992/363/301 2993/364/302 2985/355/294
f 2985/355/294 2993/364/302 2986/356/295 2978/286/288
f 2986/356/295 2994/365/303 2995/366/304 2987/357/296
f 2987/357/296 2995/366/304 2996/367/305 2988/358/297
f 2988/358/297 2996/367/305 2997/368/306 2989/359/298
f 2989/359/298 2997/368/306 2998/369/307 2990/360/299
f 2990/361/299 2998/370/307 2999/371/308 2991/362/300
f 2991/362/300 2999/371/308 3000/372/309 2992/363/301
f 2992/363/301 3000/372/309 3001/373/616 2993/364/302
f 2993/364/302 3001/373/616 2994/365/303 2986/356/295
f 2994/365/303 3002/284/311 3003/374/312 2995/366/304
f 2995/366/304 3003/374/312 3004/375/313 2996/367/305
f 2996/367/305 3004/375/313 3005/376/314 2997/368/306
f 2997/368/306 3005/376/314 3006/187/315 2998/369/307
f 2998/370/307 3006/377/315 3007/378/316 2999/371/308
f 2999/371/308 3007/378/316 3008/379/317 3000/372/309
f 3000/372/309 3008/379/317 3009/380/318 3001/373/616
f 3001/373/616 3009/380/318 3002/284/311 2994/365/303
f 3002/284/311 3010/381/319 3011/382/320 3003/374/312
f 3003/374/312 3011/382/320 3012/383/321 3004/375/313
f 3004/375/313 3012/383/321 3013/384/322 3005/376/314
f 3005/376/314 3013/384/322 3014/385/323 3006/187/315
f 3006/377/315 3014/386/323 3015/387/324 3007/378/316
f 3007/378/316 3015/387/324 3016/388/325 3008/379/317
f 3008/379/317 3016/388/325 3017/389/326 3009/380/318
f 3009/380/318 3017/389/326 3010/381/319 3002/284/311
f 3010/381/319 3018/390/327 3019/391/328 3011/382/320
f 3011/382/320 3019/391/328 3020/392/329 3012/383/321
f 3012/383/321 3020/392/329 3021/393/330 3013/384/322
f 3013/384/322 3021/393/330 3022/394/331 3014/385/323
f 3014/386/323 3022/395/331 3023/396/332 3015/387/324
f 3015/387/324 3023/396/332 3024/397/333 3016/388/325
f 3016/388/325 3024/397/333 3025/398/334 3017/389/326
f 3017/389/326 3025/398/334 3018/390/327 3010/381/319
f 3018/390/327 3026/282/237 3027/399/335 3019/391/328
f 3019/391/328 3027/399/335 3028/400/336 3020/392/329
f 3020/392/329 3028/400/336 3029/401/337 3021/393/330
f 3021/393/330 3029/401/337 3030/184/229 3022/394/331
f 3022/395/331 3030/402/229 3031/403/338 3023/396/332
f 3023/396/332 3031/403/338 3032/404/339 3024/397/333
f 3024/397/333 3032/404/339 3033/405/340 3025/398/334
f 3025/398/334 3033/405/340 3026/282/237 3018/390/327
f 3026/406/237 3034/407/341 3035/408/342 3027/409/335
f 3027/409/335 3035/408/342 3036/410/343 3028/411/336
f 3028/411/336 3036/410/343 3037/412/344 3029/413/337
f 3029/413/337 3037/412/344 3038/414/345 3030/415/229
f 3030/416/229 3038/417/345 3039/418/346 3031/419/338
f 3031/419/338 3039/418/346 3040/420/347 3032/421/339
f 3032/421/339 3040/420/347 3041/422/348 3033/423/340
f 3033/423/340 3041/422/348 3034/407/341 3026/406/237
f 3034/407/341 3042/424/349 3043/425/350 3035/408/342
f 3035/408/342 3043/425/350 3044/426/351 3036/410/343
f 3036/410/343 3044/426/351 3045/427/352 3037/412/344
f 3037/412/344 3045/427/352 3046/428/353 3038/414/345
f 3038/417/345 3046/429/353 3047/430/354 3039/418/346
f 3039/418/346 3047/430/354 3048/431/355 3040/420/347
f 3040/420/347 3048/431/355 3049/432/356 3041/422/348
f 3041/422/348 3049/432/356 3042/424/349 3034/407/341
f 3042/424/349 3050/296/357 3051/433/358 3043/425/350
f 3043/425/350 3051/433/358 3052/434/359 3044/426/351
f 3044/426/351 3052/434/359 3053/435/360 3045/427/352
f 3045/427/352 3053/435/360 3054/211/361 3046/428/353
f 3046/429/353 3054/436/361 3055/437/362 3047/430/354
f 3047/430/354 3055/437/362 3056/438/363 3048/431/355
f 3048/431/355 3056/438/363 3057/439/364 3049/432/356
f 3049/432/356 3057/439/364 3050/296/357 3042/424/349
f 3050/296/357 3058/440/365 3059/441/366 3051/433/358
f 3051/433/358 3059/441/366 3060/442/367 3052/434/359
f 3052/434/359 3060/442/367 3061/443/368 3053/435/360
f 3053/435/360 3061/443/368 3062/444/369 3054/211/361
f 3054/436/361 3062/445/369 3063/446/370 3055/437/362
f 3055/437/362 3063/446/370 3064/447/371 3056/438/363
f 3056/438/363 3064/447/371 3065/448/372 3057/439/364
f 3057/439/364 3065/448/372 3058/440/365 3050/296/357
f 3058/440/365 3066/449/373 3067/450/374 3059/441/366
f 3059/441/366 3067/450/374 3068/451/375 3060/442/367
f 3060/442/367 3068/451/375 3069/452/376 3061/443/368
f 3061/443/368 3069/452/376 3070/453/377 3062/444/369
f 3062/445/369 3070/454/377 3071/455/378 3063/446/370
f 3063/446/370 3071/455/378 3072/456/379 3064/447/371
f 3064/447/371 3072/456/379 3073/457/380 3065/448/372
f 3065/448/372 3073/457/380 3066/449/373 3058/440/365
f 3066/449/373 3074/294/47 3075/458/381 3067/450/374
f 3067/450/374 3075/458/381 3076/459/382 3068/451/375
f 3068/451/375 3076/459/382 3077/460/383 3069/452/376
f 3069/452/376 3077/460/383 3078/207/288 3070/453/377
f 3070/454/377 3078/461/288 3079/462/384 3071/455/378
f 3071/455/378 3079/462/384 3080/463/385 3072/456/379
f 3072/456/379 3080/463/385 3081/464/386 3073/457/380
f 3073/457/380 3081/464/386 3074/294/47 3066/449/373
f 3074/294/47 3082/465/387 3083/466/388 3075/458/381
f 3075/458/381 3083/466/388 3084/467/389 3076/459/382
f 3076/459/382 3084/467/389 3085/468/390 3077/460/383
f 3077/460/383 3085/468/390 3086/469/391 3078/207/288
f 3078/461/288 3086/470/391 3087/471/392 3079/462/384
f 3079/462/384 3087/471/392 3088/472/393 3080/463/385
f 3080/463/385 3088/472/393 3089/473/394 3081/464/386
f 3081/464/386 3089/473/394 3082/465/387 3074/294/47
f 3082/465/387 3090/474/395 3091/475/396 3083/466/388
f 3083/466/388 3091/475/396 3092/476/397 3084/467/389
f 3084/467/389 3092/476/397 3093/477/398 3085/468/390
f 3085/468/390 3093/477/398 3094/478/399 3086/469/391
f 3086/470/391 3094/479/399 3095/480/400 3087/471/392
f 3087/471/392 3095/480/400 3096/481/401 3088/472/393
f 3088/472/393 3096/481/401 3097/482/402 3089/473/394
f 3089/473/394 3097/482/402 3090/474/395 3082/465/387
f 3090/474/395 3098/292/403 3099/483/404 3091/475/396
f 3091/475/396 3099/483/404 3100/484/405 3092/476/397
f 3092/476/397 3100/484/405 3101/485/406 3093/477/398
f 3093/477/398 3101/485/406 3102/203/407 3094/478/399
f 3094/479/399 3102/486/407 3103/487/408 3095/480/400
f 3095/480/400 3103/487/408 3104/488/409 3096/481/401
f 3096/481/401 3104/488/409 3105/489/410 3097/482/402
f 3097/482/402 3105/489/410 3098/292/403 3090/474/395
f 3098/292/403 3106/490/411 3107/491/412 3099/483/404
f 3099/483/404 3107/491/412 3108/492/413 3100/484/405
f 3100/484/405 3108/492/413 3109/493/414 3101/485/406
f 3101/485/406 3109/493/414 3110/494/415 3102/203/407
f 3102/486/407 3110/495/415 3111/496/416 3103/487/408
f 3103/487/408 3111/496/416 3112/497/417 3104/488/409
f 3104/488/409 3112/497/417 3113/498/418 3105/489/410
f 3105/489/410 3113/498/418 3106/490/411 3098/292/403
f 3106/490/411 3114/499/419 3115/500/420 3107/491/412
f 3107/491/412 3115/500/420 3116/501/421 3108/492/413
f 3108/492/413 3116/501/421 3117/502/422 3109/493/414
f 3109/493/414 3117/502/422 3118/503/423 3110/494/415
f 3110/495/415 3118/504/423 3119/505/424 3111/496/416
f 3111/496/416 3119/505/424 3120/506/425 3112/497/417
f 3112/497/417 3120/506/425 3121/507/622 3113/498/418
f 3113/498/418 3121/507/622 3114/499/419 3106/490/411
f 3114/499/419 2930/290/229 2931/301/242 3115/500/420
f 3115/500/420 2931/301/242 2932/303/243 3116/501/421
f 3116/501/421 2932/303/243 2933/305/244 3117/502/422
f 3117/502/422 2933/305/244 2934/199/237 3118/503/423
f 3118/504/423 2934/307/237 2935/310/245 3119/505/424
f 3119/505/424 2935/310/245 2936/312/246 3120/506/425
f 3120/506/425 2936/312/246 2937/314/247 3121/507/622
f 3121/507/622 2937/314/247 2930/290/229 3114/499/419
f 3122/290/241 3130/299/433 3131/300/434 3123/301/427
f 3123/301/427 3131/300/434 3132/302/435 3124/303/428
f 3124/303/428 3132/302/435 3133/304/436 3125/305/429
f 3125/305/429 3133/304/436 3134/306/437 3126/199/233
f 3126/307/233 3134/308/437 3135/309/438 3127/310/430
f 3127/310/430 3135/309/438 3136/311/439 3128/312/431
f 3128/312/431 3136/311/439 3137/313/440 3129/314/432
f 3129/314/432 3137/313/440 3130/299/433 3122/290/241
f 3130/299/433 3138/315/441 3139/316/442 3131/300/434
f 3131/300/434 3139/316/442 3140/317/443 3132/302/435
f 3132/302/435 3140/317/443 3141/318/444 3133/304/436
f 3133/304/436 3141/318/444 3142/319/445 3134/306/437
f 3134/308/437 3142/320/445 3143/321/446 3135/309/438
f 3135/309/438 3143/321/446 3144/322/447 3136/311/439
f 3136/311/439 3144/322/447 3145/323/448 3137/313/440
f 3137/313/440 3145/323/448 3138/315/441 3130/299/433
f 3138/315/441 3146/288/449 3147/324/450 3139/316/442
f 3139/316/442 3147/324/450 3148/325/451 3140/317/443
f 3140/317/443 3148/325/451 3149/326/452 3141/318/444
f 3141/318/444 3149/326/452 3150/195/453 3142/319/445
f 3142/320/445 3150/327/453 3151/328/454 3143/321/446
f 3143/321/446 3151/328/454 3152/329/455 3144/322/447
f 3144/322/447 3152/329/455 3153/330/456 3145/323/448
f 3145/323/448 3153/330/456 3146/288/449 3138/315/441
f 3146/288/449 3154/331/457 3155/332/458 3147/324/450
f 3147/324/450 3155/332/458 3156/333/459 3148/325/451
f 3148/325/451 3156/333/459 3157/334/460 3149/326/452
f 3149/326/452 3157/334/460 3158/335/461 3150/195/453
f 3150/327/453 3158/336/461 3159/337/462 3151/328/454
f 3151/328/454 3159/337/462 3160/338/463 3152/329/455
f 3152/329/455 3160/338/463 3161/339/464 3153/330/456
f 3153/330/456 3161/339/464 3154/331/457 3146/288/449
f 3154/331/457 3162/340/465 3163/341/466 3155/332/458
f 3155/332/458 3163/341/466 3164/342/624 3156/333/459
f 3156/333/459 3164/342/624 3165/343/468 3157/334/460
f 3157/334/460 3165/343/468 3166/344/469 3158/335/461
f 3158/336/461 3166/345/469 3167/346/470 3159/337/462
f 3159/337/462 3167/346/470 3168/347/471 3160/338/463
f 3160/338/463 3168/347/471 3169/348/472 3161/339/464
f 3161/339/464 3169/348/472 3162/340/465 3154/331/457
f 3162/340/465 3170/286/288 3171/349/473 3163/341/466
f 3163/341/466 3171/349/473 3172/350/474 3164/342/624
f 3164/342/624 3172/350/474 3173/351/475 3165/343/468
f 3165/343/468 3173/351/475 3174/191/47 3166/344/469
f 3166/345/469 3174/352/47 3175/353/476 3167/346/470
f 3167/346/470 3175/353/476 3176/354/477 3168/347/471
f 3168/347/471 3176/354/477 3177/355/478 3169/348/472
f 3169/348/472 3177/355/478 3170/286/288 3162/340/465
f 3170/286/288 3178/356/479 3179/357/480 3171/349/473
f 3171/349/473 3179/357/480 3180/358/623 3172/350/474
f 3172/350/474 3180/358/623 3181/359/482 3173/351/475
f 3173/351/475 3181/359/482 3182/360/483 3174/191/47
f 3174/352/47 3182/361/483 3183/362/484 3175/353/476
f 3175/353/476 3183/362/484 3184/363/485 3176/354/477
f 3176/354/477 3184/363/485 3185/364/486 3177/355/478
f 3177/355/478 3185/364/486 3178/356/479 3170/286/288
f 3178/356/479 3186/365/487 3187/366/488 3179/357/480
f 3179/357/480 3187/366/488 3188/367/489 3180/358/623
f 3180/358/623 3188/367/489 3189/368/490 3181/359/482
f 3181/359/482 3189/368/490 3190/369/491 3182/360/483
f 3182/361/483 3190/370/491 3191/371/492 3183/362/484
f 3183/362/484 3191/371/492 3192/372/493 3184/363/485
f 3184/363/485 3192/372/493 3193/373/494 3185/364/486
f 3185/364/486 3193/373/494 3186/365/487 3178/356/479
f 3186/365/487 3194/284/495 3195/374/496 3187/366/488
f 3187/366/488 3195/374/496 3196/375/497 3188/367/489
f 3188/367/489 3196/375/497 3197/376/498 3189/368/490
f 3189/368/490 3197/376/498 3198/187/499 3190/369/491
f 3190/370/491 3198/377/499 3199/378/500 3191/371/492
f 3191/371/492 3199/378/500 3200/379/501 3192/372/493
f 3192/372/493 3200/379/501 3201/380/502 3193/373/494
f 3193/373/494 3201/380/502 3194/284/495 3186/365/487
f 3194/284/495 3202/381/503 3203/382/504 3195/374/496
f 3195/374/496 3203/382/504 3204/383/505 3196/375/497
f 3196/375/497 3204/383/505 3205/384/506 3197/376/498
f 3197/376/498 3205/384/506 3206/385/507 3198/187/499
f 3198/377/499 3206/386/507 3207/387/508 3199/378/500
f 3199/378/500 3207/387/508 3208/388/509 3200/379/501
f 3200/379/501 3208/388/509 3209/389/510 3201/380/502
f 3201/380/502 3209/389/510 3202/381/503 3194/284/495
f 3202/381/503 3210/390/511 3211/391/512 3203/382/504
f 3203/382/504 3211/391/512 3212/392/513 3204/383/505
f 3204/383/505 3212/392/513 3213/393/514 3205/384/506
f 3205/384/506 3213/393/514 3214/394/515 3206/385/507
f 3206/386/507 3214/395/515 3215/396/516 3207/387/508
f 3207/387/508 3215/396/516 3216/397/517 3208/388/509
f 3208/388/509 3216/397/517 3217/398/518 3209/389/510
f 3209/389/510 3217/398/518 3210/390/511 3202/381/503
f 3210/390/511 3218/282/233 3219/399/519 3211/391/512
f 3211/391/512 3219/399/519 3220/400/520 3212/392/513
f 3212/392/513 3220/400/520 3221/401/521 3213/393/514
f 3213/393/514 3221/401/521 3222/184/241 3214/394/515
f 3214/395/515 3222/402/241 3223/403/522 3215/396/516
f 3215/396/516 3223/403/522 3224/404/523 3216/397/517
f 3216/397/517 3224/404/523 3225/405/524 3217/398/518
f 3217/398/518 3225/405/524 3218/282/233 3210/390/511
f 3218/406/233 3226/407/525 3227/408/526 3219/409/519
f 3219/409/519 3227/408/526 3228/410/527 3220/411/520
f 3220/411/520 3228/410/527 3229/412/528 3221/413/521
f 3221/413/521 3229/412/528 3230/414/529 3222/415/241
f 3222/416/241 3230/417/529 3231/418/530 3223/419/522
f 3223/419/522 3231/418/530 3232/420/531 3224/421/523
f 3224/421/523 3232/420/531 3233/422/532 3225/423/524
f 3225/423/524 3233/422/532 3226/407/525 3218/406/233
f 3226/407/525 3234/424/533 3235/425/534 3227/408/526
f 3227/408/526 3235/425/534 3236/426/535 3228/410/527
f 3228/410/527 3236/426/535 3237/427/536 3229/412/528
f 3229/412/528 3237/427/536 3238/428/537 3230/414/529
f 3230/417/529 3238/429/537 3239/430/538 3231/418/530
f 3231/418/530 3239/430/538 3240/431/539 3232/420/531
f 3232/420/531 3240/431/539 3241/432/540 3233/422/532
f 3233/422/532 3241/432/540 3234/424/533 3226/407/525
f 3234/424/533 3242/296/541 3243/433/542 3235/425/534
f 3235/425/534 3243/433/542 3244/434/543 3236/426/535
f 3236/426/535 3244/434/543 3245/435/544 3237/427/536
f 3237/427/536 3245/435/544 3246/211/545 3238/428/537
f 3238/429/537 3246/436/545 3247/437/546 3239/430/538
f 3239/430/538 3247/437/546 3248/438/547 3240/431/539
f 3240/431/539 3248/438/547 3249/439/548 3241/432/540
f 3241/432/540 3249/439/548 3242/296/541 3234/424/533
f 3242/296/541 3250/440/549 3251/441/550 3243/433/542
f 3243/433/542 3251/441/550 3252/442/551 3244/434/543
f 3244/434/543 3252/442/551 3253/443/552 3245/435/544
f 3245/435/544 3253/443/552 3254/444/553 3246/211/545
f 3246/436/545 3254/445/553 3255/446/554 3247/437/546
f 3247/437/546 3255/446/554 3256/447/555 3248/438/547
f 3248/438/547 3256/447/555 3257/448/556 3249/439/548
f 3249/439/548 3257/448/556 3250/440/549 3242/296/541
f 3250/440/549 3258/449/557 3259/450/558 3251/441/550
f 3251/441/550 3259/450/558 3260/451/559 3252/442/551
f 3252/442/551 3260/451/559 3261/452/560 3253/443/552
f 3253/443/552 3261/452/560 3262/453/561 3254/444/553
f 3254/445/553 3262/454/561 3263/455/562 3255/446/554
f 3255/446/554 3263/455/562 3264/456/618 3256/447/555
f 3256/447/555 3264/456/618 3265/457/564 3257/448/556
f 3257/448/556 3265/457/564 3258/449/557 3250/440/549
f 3258/449/557 3266/294/47 3267/458/565 3259/450/558
f 3259/450/558 3267/458/565 3268/459/566 3260/451/559
f 3260/451/559 3268/459/566 3269/460/567 3261/452/560
f 3261/452/560 3269/460/567 3270/207/288 3262/453/561
f 3262/454/561 3270/461/288 3271/462/568 3263/455/562
f 3263/455/562 3271/462/568 3272/463/569 3264/456/618
f 3264/456/618 3272/463/569 3273/464/570 3265/457/564
f 3265/457/564 3273/464/570 3266/294/47 3258/449/557
f 3266/294/47 3274/465/571 3275/466/572 3267/458/565
f 3267/458/565 3275/466/572 3276/467/619 3268/459/566
f 3268/459/566 3276/467/619 3277/468/574 3269/460/567
f 3269/460/567 3277/468/574 3278/469/575 3270/207/288
f 3270/461/288 3278/470/575 3279/471/576 3271/462/568
f 3271/462/568 3279/471/576 3280/472/620 3272/463/569
f 3272/463/569 3280/472/620 3281/473/578 3273/464/570
f 3273/464/570 3281/473/578 3274/465/571 3266/294/47
f 3274/465/571 3282/474/579 3283/475/580 3275/466/572
f 3275/466/572 3283/475/580 3284/476/581 3276/467/619
f 3276/467/619 3284/476/581 3285/477/582 3277/468/574
f 3277/468/574 3285/477/582 3286/478/583 3278/469/575
f 3278/470/575 3286/479/583 3287/480/584 3279/471/576
f 3279/471/576 3287/480/584 3288/481/585 3280/472/620
f 3280/472/620 3288/481/585 3289/482/586 3281/473/578
f 3281/473/578 3289/482/586 3282/474/579 3274/465/571
f 3282/474/579 3290/292/587 3291/483/588 3283/475/580
f 3283/475/580 3291/483/588 3292/484/589 3284/476/581
f 3284/476/581 3292/484/589 3293/485/590 3285/477/582
f 3285/477/582 3293/485/590 3294/203/591 3286/478/583
f 3286/479/583 3294/486/591 3295/487/592 3287/480/584
f 3287/480/584 3295/487/592 3296/488/593 3288/481/585
f 3288/481/585 3296/488/593 3297/489/594 3289/482/586
f 3289/482/586 3297/489/594 3290/292/587 3282/474/579
f 3290/292/587 3298/490/595 3299/491/596 3291/483/588
f 3291/483/588 3299/491/596 3300/492/597 3292/484/589
f 3292/484/589 3300/492/597 3301/493/598 3293/485/590
f 3293/485/590 3301/493/598 3302/494/599 3294/203/591
f 3294/486/591 3302/495/599 3303/496/600 3295/487/592
f 3295/487/592 3303/496/600 3304/497/601 3296/488/593
f 3296/488/593 3304/497/601 3305/498/602 3297/489/594
f 3297/489/594 3305/498/602 3298/490/595 3290/292/587
f 3298/490/595 3306/499/603 3307/500/604 3299/491/596
f 3299/491/596 3307/500/604 3308/501/605 3300/492/597
f 3300/492/597 3308/501/605 3309/502/606 3301/493/598
f 3301/493/598 3309/502/606 3310/503/607 3302/494/599
f 3302/495/599 3310/504/607 3311/505/608 3303/496/600
f 3303/496/600 3311/505/608 3312/506/609 3304/497/601
f 3304/497/601 3312/506/609 3313/507/610 3305/498/602
f 3305/498/602 3313/507/610 3306/499/603 3298/490/595
f 3306/499/603 3122/290/241 3123/301/427 3307/500/604
f 3307/500/604 3123/301/427 3124/303/428 3308/501/605
f 3308/501/605 3124/303/428 3125/305/429 3309/502/606
f 3309/502/606 3125/305/429 3126/199/233 3310/503/607
f 3310/504/607 3126/307/233 3127/310/430 3311/505/608
f 3311/505/608 3127/310/430 3128/312/431 3312/506/609
f 3312/506/609 3128/312/431 3129/314/432 3313/507/610
f 3313/507/610 3129/314/432 3122/290/241 3306/499/603
f 3314/290/229 3322/299/248 3323/300/249 3315/301/242
f 3315/301/242 3323/300/249 3324/302/250 3316/303/243
f 3316/303/243 3324/302/250 3325/304/251 3317/305/244
f 3317/305/244 3325/304/251 3326/306/252 3318/199/237
f 3318/307/237 3326/308/252 3327/309/253 3319/310/245
f 3319/310/245 3327/309/253 3328/311/254 3320/312/246
f 3320/312/246 3328/311/254 3329/313/621 3321/314/247
f 3321/314/247 3329/313/621 3322/299/248 3314/290/229
f 3322/299/248 3330/315/256 3331/316/257 3323/300/249
f 3323/300/249 3331/316/257 3332/317/258 3324/302/250
f 3324/302/250 3332/317/258 3333/318/259 3325/304/251
f 3325/304/251 3333/318/259 3334/319/260 3326/306/252
f 3326/308/252 3334/320/260 3335/321/261 3327/309/253
f 3327/309/253 3335/321/261 3336/322/262 3328/311/254
f 3328/311/254 3336/322/262 3337/323/263 3329/313/621
f 3329/313/621 3337/323/263 3330/315/256 3322/299/248
f 3330/315/256 3338/288/264 3339/324/265 3331/316/257
f 3331/316/257 3339/324/265 3340/325/266 3332/317/258
f 3332/317/258 3340/325/266 3341/326/267 3333/318/259
f 3333/318/259 3341/326/267 3342/195/268 3334/319/260
f 3334/320/260 3342/327/268 3343/328/269 3335/321/261
f 3335/321/261 3343/328/269 3344/329/270 3336/322/262
f 3336/322/262 3344/329/270 3345/330/271 3337/323/263
f 3337/323/263 3345/330/271 3338/288/264 3330/315/256
f 3338/288/264 3346/331/272 3347/332/273 3339/324/265
f 3339/324/265 3347/332/273 3348/333/274 3340/325/266
f 3340/325/266 3348/333/274 3349/334/275 3341/326/267
f 3341/326/267 3349/334/275 3350/335/276 3342/195/268
f 3342/327/268 3350/336/276 3351/337/277 3343/328/269
f 3343/328/269 3351/337/277 3352/338/278 3344/329/270
f 3344/329/270 3352/338/278 3353/339/279 3345/330/271
f 3345/330/271 3353/339/279 3346/331/272 3338/288/264
f 3346/331/272 3354/340/280 3355/341/281 3347/332/273
f 3347/332/273 3355/341/281 3356/342/282 3348/333/274
f 3348/333/274 3356/342/282 3357/343/283 3349/334/275
f 3349/334/275 3357/343/283 3358/344/284 3350/335/276
f 3350/336/276 3358/345/284 3359/346/285 3351/337/277
f 3351/337/277 3359/346/285 3360/347/286 3352/338/278
f 3352/338/278 3360/347/286 3361/348/287 3353/339/279
f 3353/339/279 3361/348/287 3354/340/280 3346/331/272
f 3354/340/280 3362/286/288 3363/349/289 3355/341/281
f 3355/341/281 3363/349/289 3364/350/290 3356/342/282
f 3356/342/282 3364/350/290 3365/351/291 3357/343/283
f 3357/343/283 3365/351/291 3366/191/47 3358/344/284
f 3358/345/284 3366/352/47 3367/353/292 3359/346/285
f 3359/346/285 3367/353/292 3368/354/293 3360/347/286
f 3360/347/286 3368/354/293 3369/355/294 3361/348/287
f 3361/348/287 3369/355/294 3362/286/288 3354/340/280
f 3362/286/288 3370/356/295 3371/357/296 3363/349/289
f 3363/349/289 3371/357/296 3372/358/297 3364/350/290
f 3364/350/290 3372/358/297 3373/359/298 3365/351/291
f 3365/351/291 3373/359/298 3374/360/299 3366/191/47
f 3366/352/47 3374/361/299 3375/362/300 3367/353/292
f 3367/353/292 3375/362/300 3376/363/301 3368/354/293
f 3368/354/293 3376/363/301 3377/364/302 3369/355/294
f 3369/355/294 3377/364/302 3370/356/295 3362/286/288
f 3370/356/295 3378/365/303 3379/366/304 3371/357/296
f 3371/357/296 3379/366/304 3380/367/305 3372/358/297
f 3372/358/297 3380/367/305 3381/368/306 3373/359/298
f 3373/359/298 3381/368/306 3382/369/307 3374/360/299
f 3374/361/299 3382/370/307 3383/371/308 3375/362/300
f 3375/362/300 3383/371/308 3384/372/309 3376/363/301
f 3376/363/301 3384/372/309 3385/373/310 3377/364/302
f 3377/364/302 3385/373/310 3378/365/303 3370/356/295
f 3378/365/303 3386/284/311 3387/374/312 3379/366/304
f 3379/366/304 3387/374/312 3388/375/313 3380/367/305
f 3380/367/305 3388/375/313 3389/376/314 3381/368/306
f 3381/368/306 3389/376/314 3390/187/315 3382/369/307
f 3382/370/307 3390/377/315 3391/378/316 3383/371/308
f 3383/371/308 3391/378/316 3392/379/317 3384/372/309
f 3384/372/309 3392/379/317 3393/380/318 3385/373/310
f 3385/373/310 3393/380/318 3386/284/311 3378/365/303
f 3386/284/311 3394/381/319 3395/382/320 3387/374/312
f 3387/374/312 3395/382/320 3396/383/321 3388/375/313
f 3388/375/313 3396/383/321 3397/384/322 3389/376/314
f 3389/376/314 3397/384/322 3398/385/323 3390/187/315
f 3390/377/315 3398/386/323 3399/387/324 3391/378/316
f 3391/378/316 3399/387/324 3400/388/325 3392/379/317
f 3392/379/317 3400/388/325 3401/389/326 3393/380/318
f 3393/380/318 3401/389/326 3394/381/319 3386/284/311
f 3394/381/319 3402/390/327 3403/391/328 3395/382/320
f 3395/382/320 3403/391/328 3404/392/329 3396/383/321
f 3396/383/321 3404/392/329 3405/393/330 3397/384/322
f 3397/384/322 3405/393/330 3406/394/331 3398/385/323
f 3398/386/323 3406/395/331 3407/396/332 3399/387/324
f 3399/387/324 3407/396/332 3408/397/333 3400/388/325
f 3400/388/325 3408/397/333 3409/398/334 3401/389/326
f 3401/389/326 3409/398/334 3402/390/327 3394/381/319
f 3402/390/327 3410/282/237 3411/399/335 3403/391/328
f 3403/391/328 3411/399/335 3412/400/336 3404/392/329
f 3404/392/329 3412/400/336 3413/401/337 3405/393/330
f 3405/393/330 3413/401/337 3414/184/229 3406/394/331
f 3406/395/331 3414/402/229 3415/403/338 3407/396/332
f 3407/396/332 3415/403/338 3416/404/339 3408/397/333
f 3408/397/333 3416/404/339 3417/405/340 3409/398/334
f 3409/398/334 3417/405/340 3410/282/237 3402/390/327
f 3410/406/237 3418/407/341 3419/408/342 3411/409/335
f 3411/409/335 3419/408/342 3420/410/343 3412/411/336
f 3412/411/336 3420/410/343 3421/412/344 3413/413/337
f 3413/413/337 3421/412/344 3422/414/345 3414/415/229
f 3414/416/229 3422/417/345 3423/418/346 3415/419/338
f 3415/419/338 3423/418/346 3424/420/347 3416/421/339
f 3416/421/339 3424/420/347 3425/422/348 3417/423/340
f 3417/423/340 3425/422/348 3418/407/341 3410/406/237
f 3418/407/341 3426/424/349 3427/425/350 3419/408/342
f 3419/408/342 3427/425/350 3428/426/351 3420/410/343
f 3420/410/343 3428/426/351 3429/427/352 3421/412/344
f 3421/412/344 3429/427/352 3430/428/353 3422/414/345
f 3422/417/345 3430/429/353 3431/430/354 3423/418/346
f 3423/418/346 3431/430/354 3432/431/355 3424/420/347
f 3424/420/347 3432/431/355 3433/432/356 3425/422/348
f 3425/422/348 3433/432/356 3426/424/349 3418/407/341
f 3426/424/349 3434/296/357 3435/433/358 3427/425/350
f 3427/425/350 3435/433/358 3436/434/359 3428/426/351
f 3428/426/351 3436/434/359 3437/435/360 3429/427/352
f 3429/427/352 3437/435/360 3438/211/361 3430/428/353
f 3430/429/353 3438/436/361 3439/437/362 3431/430/354
f 3431/430/354 3439/437/362 3440/438/363 3432/431/355
f 3432/431/355 3440/438/363 3441/439/364 3433/432/356
f 3433/432/356 3441/439/364 3434/296/357 3426/424/349
f 3434/296/357 3442/440/365 3443/441/366 3435/433/358
f 3435/433/358 3443/441/366 3444/442/367 3436/434/359
f 3436/434/359 3444/442/367 3445/443/368 3437/435/360
f 3437/435/360 3445/443/368 3446/444/369 3438/211/361
f 3438/436/361 3446/445/369 3447/446/370 3439/437/362
f 3439/437/362 3447/446/370 3448/447/371 3440/438/363
f 3440/438/363 3448/447/371 3449/448/372 3441/439/364
f 3441/439/364 3449/448/372 3442/440/365 3434/296/357
f 3442/440/365 3450/449/373 3451/450/374 3443/441/366
f 3443/441/366 3451/450/374 3452/451/375 3444/442/367
f 3444/442/367 3452/451/375 3453/452/376 3445/443/368
f 3445/443/368 3453/452/376 3454/453/377 3446/444/369
f 3446/445/369 3454/454/377 3455/455/378 3447/446/370
f 3447/446/370 3455/455/378 3456/456/379 3448/447/371
f 3448/447/371 3456/456/379 3457/457/380 3449/448/372
f 3449/448/372 3457/457/380 3450/449/373 3442/440/365
f 3450/449/373 3458/294/47 3459/458/381 3451/450/374
f 3451/450/374 3459/458/381 3460/459/382 3452/451/375
f 3452/451/375 3460/459/382 3461/460/383 3453/452/376
f 3453/452/376 3461/460/383 3462/207/288 3454/453/377
f 3454/454/377 3462/461/288 3463/462/384 3455/455/378
f 3455/455/378 3463/462/384 3464/463/385 3456/456/379
f 3456/456/379 3464/463/385 3465/464/386 3457/457/380
f 3457/457/380 3465/464/386 3458/294/47 3450/449/373
f 3458/294/47 3466/465/387 3467/466/388 3459/458/381
f 3459/458/381 3467/466/388 3468/467/389 3460/459/382
f 3460/459/382 3468/467/389 3469/468/390 3461/460/383
f 3461/460/383 3469/468/390 3470/469/391 3462/207/288
f 3462/461/288 3470/470/391 3471/471/392 3463/462/384
f 3463/462/384 3471/471/392 3472/472/393 3464/463/385
f 3464/463/385 3472/472/393 3473/473/394 3465/464/386
f 3465/464/386 3473/473/394 3466/465/387 3458/294/47
f 3466/465/387 3474/474/395 3475/475/396 3467/466/388
f 3467/466/388 3475/475/396 3476/476/397 3468/467/389
f 3468/467/389 3476/476/397 3477/477/398 3469/468/390
f 3469/468/390 3477/477/398 3478/478/399 3470/469/391
f 3470/470/391 3478/479/399 3479/480/400 3471/471/392
f 3471/471/392 3479/480/400 3480/481/401 3472/472/393
f 3472/472/393 3480/481/401 3481/482/402 3473/473/394
f 3473/473/394 3481/482/402 3474/474/395 3466/465/387
f 3474/474/395 3482/292/403 3483/483/404 3475/475/396
f 3475/475/396 3483/483/404 3484/484/405 3476/476/397
f 3476/476/397 3484/484/405 3485/485/406 3477/477/398
f 3477/477/398 3485/485/406 3486/203/407 3478/478/399
f 3478/479/399 3486/486/407 3487/487/408 3479/480/400
f 3479/480/400 3487/487/408 3488/488/409 3480/481/401
f 3480/481/401 3488/488/409 3489/489/410 3481/482/402
f 3481/482/402 3489/489/410 3482/292/403 3474/474/395
f 3482/292/403 3490/490/411 3491/491/412 3483/483/404
f 3483/483/404 3491/491/412 3492/492/413 3484/484/405
f 3484/484/405 3492/492/413 3493/493/414 3485/485/406
f 3485/485/406 3493/493/414 3494/494/415 3486/203/407
f 3486/486/407 3494/495/415 3495/496/416 3487/487/408
f 3487/487/408 3495/496/416 3496/497/417 3488/488/409
f 3488/488/409 3496/497/417 3497/498/418 3489/489/410
f 3489/489/410 3497/498/418 3490/490/411 3482/292/403
f 3490/490/411 3498/499/419 3499/500/420 3491/491/412
f 3491/491/412 3499/500/420 3500/501/421 3492/492/413
f 3492/492/413 3500/501/421 3501/502/422 3493/493/414
f 3493/493/414 3501/502/422 3502/503/423 3494/494/415
f 3494/495/415 3502/504/423 3503/505/424 3495/496/416
f 3495/496/416 3503/505/424 3504/506/425 3496/497/417
f 3496/497/417 3504/506/425 3505/507/622 3497/498/418
f 3497/498/418 3505/507/622 3498/499/419 3490/490/411
f 3498/499/419 3314/290/229 3315/301/242 3499/500/420
f 3499/500/420 3315/301/242 3316/303/243 3500/501/421
f 3500/501/421 3316/303/243 3317/305/244 3501/502/422
f 3501/502/422 3317/305/244 3318/199/237 3502/503/423
f 3502/504/423 3318/307/237 3319/310/245 3503/505/424
f 3503/505/424 3319/310/245 3320/312/246 3504/506/425
f 3504/506/425 3320/312/246 3321/314/247 3505/507/622
f 3505/507/622 3321/314/247 3314/290/229 3498/499/419
f 3506/290/241 3514/299/433 3515/300/434 3507/301/427
f 3507/301/427 3515/300/434 3516/302/435 3508/303/428
f 3508/303/428 3516/302/435 3517/304/436 3509/305/429
f 3509/305/429 3517/304/436 3518/306/437 3510/199/233
f 3510/307/233 3518/308/437 3519/309/438 3511/310/430
f 3511/310/430 3519/309/438 3520/311/439 3512/312/431
f 3512/312/431 3520/311/439 3521/313/440 3513/314/432
f 3513/314/432 3521/313/440 3514/299/433 3506/290/241
f 3514/299/433 3522/315/441 3523/316/442 3515/300/434
f 3515/300/434 3523/316/442 3524/317/443 3516/302/435
f 3516/302/435 3524/317/443 3525/318/444 3517/304/436
f 3517/304/436 3525/318/444 3526/319/445 3518/306/437
f 3518/308/437 3526/320/445 3527/321/446 3519/309/438
f 3519/309/438 3527/321/446 3528/322/447 3520/311/439
f 3520/311/439 3528/322/447 3529/323/448 3521/313/440
f 3521/313/440 3529/323/448 3522/315/441 3514/299/433
f 3522/315/441 3530/288/449 3531/324/450 3523/316/442
f 3523/316/442 3531/324/450 3532/325/451 3524/317/443
f 3524/317/443 3532/325/451 3533/326/452 3525/318/444
f 3525/318/444 3533/326/452 3534/195/453 3526/319/445
f 3526/320/445 3534/327/453 3535/328/454 3527/321/446
f 3527/321/446 3535/328/454 3536/329/455 3528/322/447
f 3528/322/447 3536/329/455 3537/330/456 3529/323/448
f 3529/323/448 3537/330/456 3530/288/449 3522/315/441
f 3530/288/449 3538/331/457 3539/332/458 3531/324/450
f 3531/324/450 3539/332/458 3540/333/459 3532/325/451
f 3532/325/451 3540/333/459 3541/334/460 3533/326/452
f 3533/326/452 3541/334/460 3542/335/461 3534/195/453
f 3534/327/453 3542/336/461 3543/337/462 3535/328/454
f 3535/328/454 3543/337/462 3544/338/463 3536/329/455
f 3536/329/455 3544/338/463 3545/339/464 3537/330/456
f 3537/330/456 3545/339/464 3538/331/457 3530/288/449
f 3538/331/457 3546/340/465 3547/341/466 3539/332/458
f 3539/332/458 3547/341/466 3548/342/467 3540/333/459
f 3540/333/459 3548/342/467 3549/343/468 3541/334/460
f 3541/334/460 3549/343/468 3550/344/469 3542/335/461
f 3542/336/461 3550/345/469 3551/346/470 3543/337/462
f 3543/337/462 3551/346/470 3552/347/471 3544/338/463
f 3544/338/463 3552/347/471 3553/348/472 3545/339/464
f 3545/339/464 3553/348/472 3546/340/465 3538/331/457
f 3546/340/465 3554/286/288 3555/349/473 3547/341/466
f 3547/341/466 3555/349/473 3556/350/474 3548/342/467
f 3548/342/467 3556/350/474 3557/351/475 3549/343/468
f 3549/343/468 3557/351/475 3558/191/47 3550/344/469
f 3550/345/469 3558/352/47 3559/353/476 3551/346/470
f 3551/346/470 3559/353/476 3560/354/477 3552/347/471
f 3552/347/471 3560/354/477 3561/355/478 3553/348/472
f 3553/348/472 3561/355/478 3554/286/288 3546/340/465
f 3554/286/288 3562/356/479 3563/357/480 3555/349/473
f 3555/349/473 3563/357/480 3564/358/481 3556/350/474
f 3556/350/474 3564/358/481 3565/359/482 3557/351/475
f 3557/351/475 3565/359/482 3566/360/483 3558/191/47
f 3558/352/47 3566/361/483 3567/362/484 3559/353/476
f 3559/353/476 3567/362/484 3568/363/485 3560/354/477
f 3560/354/477 3568/363/485 3569/364/486 3561/355/478
f 3561/355/478 3569/364/486 3562/356/479 3554/286/288
f 3562/356/479 3570/365/487 3571/366/488 3563/357/480
f 3563/357/480 3571/366/488 3572/367/489 3564/358/481
f 3564/358/481 3572/367/489 3573/368/490 3565/359/482
f 3565/359/482 3573/368/490 3574/369/491 3566/360/483
f 3566/361/483 3574/370/491 3575/371/492 3567/362/484
f 3567/362/484 3575/371/492 3576/372/493 3568/363/485
f 3568/363/485 3576/372/493 3577/373/494 3569/364/486
f 3569/364/486 3577/373/494 3570/365/487 3562/356/479
f 3570/365/487 3578/284/495 3579/374/496 3571/366/488
f 3571/366/488 3579/374/496 3580/375/497 3572/367/489
f 3572/367/489 3580/375/497 3581/376/498 3573/368/490
f 3573/368/490 3581/376/498 3582/187/499 3574/369/491
f 3574/370/491 3582/377/499 3583/378/500 3575/371/492
f 3575/371/492 3583/378/500 3584/379/501 3576/372/493
f 3576/372/493 3584/379/501 3585/380/502 3577/373/494
f 3577/373/494 3585/380/502 3578/284/495 3570/365/487
f 3578/284/495 3586/381/503 3587/382/504 3579/374/496
f 3579/374/496 3587/382/504 3588/383/505 3580/375/497
f 3580/375/497 3588/383/505 3589/384/506 3581/376/498
f 3581/376/498 3589/384/506 3590/385/507 3582/187/499
f 3582/377/499 3590/386/507 3591/387/508 3583/378/500
f 3583/378/500 3591/387/508 3592/388/509 3584/379/501
f 3584/379/501 3592/388/509 3593/389/510 3585/380/502
f 3585/380/502 3593/389/510 3586/381/503 3578/284/495
f 3586/381/503 3594/390/511 3595/391/512 3587/382/504
f 3587/382/504 3595/391/512 3596/392/513 3588/383/505
f 3588/383/505 3596/392/513 3597/393/514 3589/384/506
f 3589/384/506 3597/393/514 3598/394/515 3590/385/507
f 3590/386/507 3598/395/515 3599/396/516 3591/387/508
f 3591/387/508 3599/396/516 3600/397/517 3592/388/509
f 3592/388/509 3600/397/517 3601/398/518 3593/389/510
f 3593/389/510 3601/398/518 3594/390/511 3586/381/503
f 3594/390/511 3602/282/233 3603/399/519 3595/391/512
f 3595/391/512 3603/399/519 3604/400/520 3596/392/513
f 3596/392/513 3604/400/520 3605/401/521 3597/393/514
f 3597/393/514 3605/401/521 3606/184/241 3598/394/515
f 3598/395/515 3606/402/241 3607/403/522 3599/396/516
f 3599/396/516 3607/403/522 3608/404/523 3600/397/517
f 3600/397/517 3608/404/523 3609/405/524 3601/398/518
f 3601/398/518 3609/405/524 3602/282/233 3594/390/511
f 3602/406/233 3610/407/525 3611/408/526 3603/409/519
f 3603/409/519 3611/408/526 3612/410/527 3604/411/520
f 3604/411/520 3612/410/527 3613/412/528 3605/413/521
f 3605/413/521 3613/412/528 3614/414/529 3606/415/241
f 3606/416/241 3614/417/529 3615/418/530 3607/419/522
f 3607/419/522 3615/418/530 3616/420/531 3608/421/523
f 3608/421/523 3616/420/531 3617/422/532 3609/423/524
f 3609/423/524 3617/422/532 3610/407/525 3602/406/233
f 3610/407/525 3618/424/533 3619/425/534 3611/408/526
f 3611/408/526 3619/425/534 3620/426/535 3612/410/527
f 3612/410/527 3620/426/535 3621/427/536 3613/412/528
f 3613/412/528 3621/427/536 3622/428/537 3614/414/529
f 3614/417/529 3622/429/537 3623/430/538 3615/418/530
f 3615/418/530 3623/430/538 3624/431/539 3616/420/531
f 3616/420/531 3624/431/539 3625/432/540 3617/422/532
f 3617/422/532 3625/432/540 3618/424/533 3610/407/525
f 3618/424/533 3626/296/541 3627/433/542 3619/425/534
f 3619/425/534 3627/433/542 3628/434/543 3620/426/535
f 3620/426/535 3628/434/543 3629/435/544 3621/427/536
f 3621/427/536 3629/435/544 3630/211/545 3622/428/537
f 3622/429/537 3630/436/545 3631/437/546 3623/430/538
f 3623/430/538 3631/437/546 3632/438/547 3624/431/539
f 3624/431/539 3632/438/547 3633/439/548 3625/432/540
f 3625/432/540 3633/439/548 3626/296/541 3618/424/533
f 3626/296/541 3634/440/549 3635/441/550 3627/433/542
f 3627/433/542 3635/441/550 3636/442/551 3628/434/543
f 3628/434/543 3636/442/551 3637/443/552 3629/435/544
f 3629/435/544 3637/443/552 3638/444/553 3630/211/545
f 3630/436/545 3638/445/553 3639/446/554 3631/437/546
f 3631/437/546 3639/446/554 3640/447/555 3632/438/547
f 3632/438/547 3640/447/555 3641/448/556 3633/439/548
f 3633/439/548 3641/448/556 3634/440/549 3626/296/541
f 3634/440/549 3642/449/557 3643/450/558 3635/441/550
f 3635/441/550 3643/450/558 3644/451/559 3636/442/551
f 3636/442/551 3644/451/559 3645/452/560 3637/443/552
f 3637/443/552 3645/452/560 3646/453/561 3638/444/553
f 3638/445/553 3646/454/561 3647/455/562 3639/446/554
f 3639/446/554 3647/455/562 3648/456/618 3640/447/555
f 3640/447/555 3648/456/618 3649/457/564 3641/448/556
f 3641/448/556 3649/457/564 3642/449/557 3634/440/549
f 3642/449/557 3650/294/47 3651/458/565 3643/450/558
f 3643/450/558 3651/458/565 3652/459/566 3644/451/559
f 3644/451/559 3652/459/566 3653/460/567 3645/452/560
f 3645/452/560 3653/460/567 3654/207/288 3646/453/561
f 3646/454/561 3654/461/288 3655/462/568 3647/455/562
f 3647/455/562 3655/462/568 3656/463/569 3648/456/618
f 3648/456/618 3656/463/569 3657/464/570 3649/457/564
f 3649/457/564 3657/464/570 3650/294/47 3642/449/557
f 3650/294/47 3658/465/571 3659/466/572 3651/458/565
f 3651/458/565 3659/466/572 3660/467/619 3652/459/566
f 3652/459/566 3660/467/619 3661/468/574 3653/460/567
f 3653/460/567 3661/468/574 3662/469/575 3654/207/288
f 3654/461/288 3662/470/575 3663/471/576 3655/462/568
f 3655/462/568 3663/471/576 3664/472/620 3656/463/569
f 3656/463/569 3664/472/620 3665/473/578 3657/464/570
f 3657/464/570 3665/473/578 3658/465/571 3650/294/47
f 3658/465/571 3666/474/579 3667/475/580 3659/466/572
f 3659/466/572 3667/475/580 3668/476/581 3660/467/619
f 3660/467/619 3668/476/581 3669/477/582 3661/468/574
f 3661/468/574 3669/477/582 3670/478/583 3662/469/575
f 3662/470/575 3670/479/583 3671/480/584 3663/471/576
f 3663/471/576 3671/480/584 3672/481/585 3664/472/620
f 3664/472/620 3672/481/585 3673/482/586 3665/473/578
f 3665/473/578 3673/482/586 3666/474/579 3658/465/571
f 3666/474/579 3674/292/587 3675/483/588 3667/475/580
f 3667/475/580 3675/483/588 3676/484/589 3668/476/581
f 3668/476/581 3676/484/589 3677/485/590 3669/477/582
f 3669/477/582 3677/485/590 3678/203/591 3670/478/583
f 3670/479/583 3678/486/591 3679/487/592 3671/480/584
f 3671/480/584 3679/487/592 3680/488/593 3672/481/585
f 3672/481/585 3680/488/593 3681/489/594 3673/482/586
f 3673/482/586 3681/489/594 3674/292/587 3666/474/579
f 3674/292/587 3682/490/595 3683/491/596 3675/483/588
f 3675/483/588 3683/491/596 3684/492/597 3676/484/589
f 3676/484/589 3684/492/597 3685/493/598 3677/485/590
f 3677/485/590 3685/493/598 3686/494/599 3678/203/591
f 3678/486/591 3686/495/599 3687/496/600 3679/487/592
f 3679/487/592 3687/496/600 3688/497/601 3680/488/593
f 3680/488/593 3688/497/601 3689/498/602 3681/489/594
f 3681/489/594 3689/498/602 3682/490/595 3674/292/587
f 3682/490/595 3690/499/603 3691/500/604 3683/491/596
f 3683/491/596 3691/500/604 3692/501/605 3684/492/597
f 3684/492/597 3692/501/605 3693/502/606 3685/493/598
f 3685/493/598 3693/502/606 3694/503/607 3686/494/599
f 3686/495/599 3694/504/607 3695/505/608 3687/496/600
f 3687/496/600 3695/505/608 3696/506/609 3688/497/601
f 3688/497/601 3696/506/609 3697/507/610 3689/498/602
f 3689/498/602 3697/507/610 3690/499/603 3682/490/595
f 3690/499/603 3506/290/241 3507/301/427 3691/500/604
f 3691/500/604 3507/301/427 3508/303/428 3692/501/605
f 3692/501/605 3508/303/428 3509/305/429 3693/502/606
f 3693/502/606 3509/305/429 3510/199/233 3694/503/607
f 3694/504/607 3510/307/233 3511/310/430 3695/505/608
f 3695/505/608 3511/310/430 3512/312/431 3696/506/609
f 3696/506/609 3512/312/431 3513/314/432 3697/507/610
f 3697/507/610 3513/314/432 3506/290/241 3690/499/603
f 3698/290/229 3706/299/248 3707/300/249 3699/301/242
f 3699/301/242 3707/300/249 3708/302/250 3700/303/243
f 3700/303/243 3708/302/250 3709/304/251 3701/305/244
f 3701/305/244 3709/304/251 3710/306/252 3702/199/237
f 3702/307/237 3710/308/252 3711/309/253 3703/310/245
f 3703/310/245 3711/309/253 3712/311/254 3704/312/246
f 3704/312/246 3712/311/254 3713/313/255 3705/314/247
f 3705/314/247 3713/313/255 3706/299/248 3698/290/229
f 3706/299/248 3714/315/256 3715/316/257 3707/300/249
f 3707/300/249 3715/316/257 3716/317/258 3708/302/250
f 3708/302/250 3716/317/258 3717/318/259 3709/304/251
f 3709/304/251 3717/318/259 3718/319/260 3710/306/252
f 3710/308/252 3718/320/260 3719/321/261 3711/309/253
f 3711/309/253 3719/321/261 3720/322/262 3712/311/254
f 3712/311/254 3720/322/262 3721/323/263 3713/313/255
f 3713/313/255 3721/323/263 3714/315/256 3706/299/248
f 3714/315/256 3722/288/264 3723/324/265 3715/316/257
f 3715/316/257 3723/324/265 3724/325/266 3716/317/258
f 3716/317/258 3724/325/266 3725/326/267 3717/318/259
f 3717/318/259 3725/326/267 3726/195/268 3718/319/260
f 3718/320/260 3726/327/268 3727/328/269 3719/321/261
f 3719/321/261 3727/328/269 3728/329/270 3720/322/262
f 3720/322/262 3728/329/270 3729/330/271 3721/323/263
f 3721/323/263 3729/330/271 3722/288/264 3714/315/256
f 3722/288/264 3730/331/272 3731/332/273 3723/324/265
f 3723/324/265 3731/332/273 3732/333/274 3724/325/266
f 3724/325/266 3732/333/274 3733/334/275 3725/326/267
f 3725/326/267 3733/334/275 3734/335/276 3726/195/268
f 3726/327/268 3734/336/276 3735/337/277 3727/328/269
f 3727/328/269 3735/337/277 3736/338/278 3728/329/270
f 3728/329/270 3736/338/278 3737/339/279 3729/330/271
f 3729/330/271 3737/339/279 3730/331/272 3722/288/264
f 3730/331/272 3738/340/280 3739/341/281 3731/332/273
f 3731/332/273 3739/341/281 3740/342/282 3732/333/274
f 3732/333/274 3740/342/282 3741/343/283 3733/334/275
f 3733/334/275 3741/343/283 3742/344/284 3734/335/276
f 3734/336/276 3742/345/284 3743/346/285 3735/337/277
f 3735/337/277 3743/346/285 3744/347/286 3736/338/278
f 3736/338/278 3744/347/286 3745/348/287 3737/339/279
f 3737/339/279 3745/348/287 3738/340/280 3730/331/272
f 3738/340/280 3746/286/288 3747/349/289 3739/341/281
f 3739/341/281 3747/349/289 3748/350/290 3740/342/282
f 3740/342/282 3748/350/290 3749/351/291 3741/343/283
f 3741/343/283 3749/351/291 3750/191/47 3742/344/284
f 3742/345/284 3750/352/47 3751/353/292 3743/346/285
f 3743/346/285 3751/353/292 3752/354/293 3744/347/286
f 3744/347/286 3752/354/293 3753/355/294 3745/348/287
f 3745/348/287 3753/355/294 3746/286/288 3738/340/280
f 3746/286/288 3754/356/295 3755/357/296 3747/349/289
f 3747/349/289 3755/357/296 3756/358/297 3748/350/290
f 3748/350/290 3756/358/297 3757/359/298 3749/351/291
f 3749/351/291 3757/359/298 3758/360/299 3750/191/47
f 3750/352/47 3758/361/299 3759/362/300 3751/353/292
f 3751/353/292 3759/362/300 3760/363/301 3752/354/293
f 3752/354/293 3760/363/301 3761/364/302 3753/355/294
f 3753/355/294 3761/364/302 3754/356/295 3746/286/288
f 3754/356/295 3762/365/303 3763/366/304 3755/357/296
f 3755/357/296 3763/366/304 3764/367/305 3756/358/297
f 3756/358/297 3764/367/305 3765/368/306 3757/359/298
f 3757/359/298 3765/368/306 3766/369/307 3758/360/299
f 3758/361/299 3766/370/307 3767/371/308 3759/362/300
f 3759/362/300 3767/371/308 3768/372/309 3760/363/301
f 3760/363/301 3768/372/309 3769/373/310 3761/364/302
f 3761/364/302 3769/373/310 3762/365/303 3754/356/295
f 3762/365/303 3770/284/311 3771/374/312 3763/366/304
f 3763/366/304 3771/374/312 3772/375/313 3764/367/305
f 3764/367/305 3772/375/313 3773/376/314 3765/368/306
f 3765/368/306 3773/376/314 3774/187/315 3766/369/307
f 3766/370/307 3774/377/315 3775/378/316 3767/371/308
f 3767/371/308 3775/378/316 3776/379/317 3768/372/309
f 3768/372/309 3776/379/317 3777/380/318 3769/373/310
f 3769/373/310 3777/380/318 3770/284/311 3762/365/303
f 3770/284/311 3778/381/319 3779/382/320 3771/374/312
f 3771/374/312 3779/382/320 3780/383/321 3772/375/313
f 3772/375/313 3780/383/321 3781/384/322 3773/376/314
f 3773/376/314 3781/384/322 3782/385/323 3774/187/315
f 3774/377/315 3782/386/323 3783/387/324 3775/378/316
f 3775/378/316 3783/387/324 3784/388/325 3776/379/317
f 3776/379/317 3784/388/325 3785/389/326 3777/380/318
f 3777/380/318 3785/389/326 3778/381/319 3770/284/311
f 3778/381/319 3786/390/327 3787/391/328 3779/382/320
f 3779/382/320 3787/391/328 3788/392/329 3780/383/321
f 3780/383/321 3788/392/329 3789/393/330 3781/384/322
f 3781/384/322 3789/393/330 3790/394/331 3782/385/323
f 3782/386/323 3790/395/331 3791/396/332 3783/387/324
f 3783/387/324 3791/396/332 3792/397/333 3784/388/325
f 3784/388/325 3792/397/333 3793/398/334 3785/389/326
f 3785/389/326 3793/398/334 3786/390/327 3778/381/319
f 3786/390/327 3794/282/237 3795/399/335 3787/391/328
f 3787/391/328 3795/399/335 3796/400/336 3788/392/329
f 3788/392/329 3796/400/336 3797/401/337 3789/393/330
f 3789/393/330 3797/401/337 3798/184/229 3790/394/331
f 3790/395/331 3798/402/229 3799/403/338 3791/396/332
f 3791/396/332 3799/403/338 3800/404/339 3792/397/333
f 3792/397/333 3800/404/339 3801/405/340 3793/398/334
f 3793/398/334 3801/405/340 3794/282/237 3786/390/327
f 3794/406/237 3802/407/341 3803/408/342 3795/409/335
f 3795/409/335 3803/408/342 3804/410/343 3796/411/336
f 3796/411/336 3804/410/343 3805/412/344 3797/413/337
f 3797/413/337 3805/412/344 3806/414/345 3798/415/229
f 3798/416/229 3806/417/345 3807/418/346 3799/419/338
f 3799/419/338 3807/418/346 3808/420/347 3800/421/339
f 3800/421/339 3808/420/347 3809/422/348 3801/423/340
f 3801/423/340 3809/422/348 3802/407/341 3794/406/237
f 3802/407/341 3810/424/349 3811/425/350 3803/408/342
f 3803/408/342 3811/425/350 3812/426/351 3804/410/343
f 3804/410/343 3812/426/351 3813/427/352 3805/412/344
f 3805/412/344 3813/427/352 3814/428/353 3806/414/345
f 3806/417/345 3814/429/353 3815/430/354 3807/418/346
f 3807/418/346 3815/430/354 3816/431/355 3808/420/347
f 3808/420/347 3816/431/355 3817/432/356 3809/422/348
f 3809/422/348 3817/432/356 3810/424/349 3802/407/341
f 3810/424/349 3818/296/357 3819/433/358 3811/425/350
f 3811/425/350 3819/433/358 3820/434/359 3812/426/351
f 3812/426/351 3820/434/359 3821/435/360 3813/427/352
f 3813/427/352 3821/435/360 3822/211/361 3814/428/353
f 3814/429/353 3822/436/361 3823/437/362 3815/430/354
f 3815/430/354 3823/437/362 3824/438/363 3816/431/355
f 3816/431/355 3824/438/363 3825/439/364 3817/432/356
f 3817/432/356 3825/439/364 3818/296/357 3810/424/349
f 3818/296/357 3826/440/365 3827/441/366 3819/433/358
f 3819/433/358 3827/441/366 3828/442/367 3820/434/359
f 3820/434/359 3828/442/367 3829/443/368 3821/435/360
f 3821/435/360 3829/443/368 3830/444/369 3822/211/361
f 3822/436/361 3830/445/369 3831/446/370 3823/437/362
f 3823/437/362 3831/446/370 3832/447/371 3824/438/363
f 3824/438/363 3832/447/371 3833/448/372 3825/439/364
f 3825/439/364 3833/448/372 3826/440/365 3818/296/357
f 3826/440/365 3834/449/373 3835/450/374 3827/441/366
f 3827/441/366 3835/450/374 3836/451/375 3828/442/367
f 3828/442/367 3836/451/375 3837/452/376 3829/443/368
f 3829/443/368 3837/452/376 3838/453/377 3830/444/369
f 3830/445/369 3838/454/377 3839/455/378 3831/446/370
f 3831/446/370 3839/455/378 3840/456/379 3832/447/371
f 3832/447/371 3840/456/379 3841/457/380 3833/448/372
f 3833/448/372 3841/457/380 3834/449/373 3826/440/365
f 3834/449/373 3842/294/47 3843/458/381 3835/450/374
f 3835/450/374 3843/458/381 3844/459/382 3836/451/375
f 3836/451/375 3844/459/382 3845/460/383 3837/452/376
f 3837/452/376 3845/460/383 3846/207/288 3838/453/377
f 3838/454/377 3846/461/288 3847/462/384 3839/455/378
f 3839/455/378 3847/462/384 3848/463/385 3840/456/379
f 3840/456/379 3848/463/385 3849/464/386 3841/457/380
f 3841/457/380 3849/464/386 3842/294/47 3834/449/373
f 3842/294/47 3850/465/387 3851/466/388 3843/458/381
f 3843/458/381 3851/466/388 3852/467/389 3844/459/382
f 3844/459/382 3852/467/389 3853/468/390 3845/460/383
f 3845/460/383 3853/468/390 3854/469/391 3846/207/288
f 3846/461/288 3854/470/391 3855/471/392 3847/462/384
f 3847/462/384 3855/471/392 3856/472/393 3848/463/385
f 3848/463/385 3856/472/393 3857/473/394 3849/464/386
f 3849/464/386 3857/473/394 3850/465/387 3842/294/47
f 3850/465/387 3858/474/395 3859/475/396 3851/466/388
f 3851/466/388 3859/475/396 3860/476/397 3852/467/389
f 3852/467/389 3860/476/397 3861/477/398 3853/468/390
f 3853/468/390 3861/477/398 3862/478/399 3854/469/391
f 3854/470/391 3862/479/399 3863/480/400 3855/471/392
f 3855/471/392 3863/480/400 3864/481/401 3856/472/393
f 3856/472/393 3864/481/401 3865/482/402 3857/473/394
f 3857/473/394 3865/482/402 3858/474/395 3850/465/387
f 3858/474/395 3866/292/403 3867/483/404 3859/475/396
f 3859/475/396 3867/483/404 3868/484/405 3860/476/397
f 3860/476/397 3868/484/405 3869/485/406 3861/477/398
f 3861/477/398 3869/485/406 3870/203/407 3862/478/399
f 3862/479/399 3870/486/407 3871/487/408 3863/480/400
f 3863/480/400 3871/487/408 3872/488/409 3864/481/401
f 3864/481/401 3872/488/409 3873/489/410 3865/482/402
f 3865/482/402 3873/489/410 3866/292/403 3858/474/395
f 3866/292/403 3874/490/411 3875/491/412 3867/483/404
f 3867/483/404 3875/491/412 3876/492/413 3868/484/405
f 3868/484/405 3876/492/413 3877/493/414 3869/485/406
f 3869/485/406 3877/493/414 3878/494/415 3870/203/407
f 3870/486/407 3878/495/415 3879/496/416 3871/487/408
f 3871/487/408 3879/496/416 3880/497/417 3872/488/409
f 3872/488/409 3880/497/417 3881/498/418 3873/489/410
f 3873/489/410 3881/498/418 3874/490/411 3866/292/403
f 3874/490/411 3882/499/419 3883/500/420 3875/491/412
f 3875/491/412 3883/500/420 3884/501/421 3876/492/413
f 3876/492/413 3884/501/421 3885/502/422 3877/493/414
f 3877/493/414 3885/502/422 3886/503/423 3878/494/415
f 3878/495/415 3886/504/423 3887/505/424 3879/496/416
f 3879/496/416 3887/505/424 3888/506/425 3880/497/417
f 3880/497/417 3888/506/425 3889/507/426 3881/498/418
f 3881/498/418 3889/507/426 3882/499/419 3874/490/411
f 3882/499/419 3698/290/229 3699/301/242 3883/500/420
f 3883/500/420 3699/301/242 3700/303/243 3884/501/421
f 3884/501/421 3700/303/243 3701/305/244 3885/502/422
f 3885/502/422 3701/305/244 3702/199/237 3886/503/423
f 3886/504/423 3702/307/237 3703/310/245 3887/505/424
f 3887/505/424 3703/310/245 3704/312/246 3888/506/425
f 3888/506/425 3704/312/246 3705/314/247 3889/507/426
f 3889/507/426 3705/314/247 3698/290/229 3882/499/419
f 3890/290/241 3898/299/433 3899/300/434 3891/301/427
f 3891/301/427 3899/300/434 3900/302/435 3892/303/428
f 3892/303/428 3900/302/435 3901/304/436 3893/305/429
f 3893/305/429 3901/304/436 3902/306/437 3894/199/233
f 3894/307/233 3902/308/437 3903/309/438 3895/310/430
f 3895/310/430 3903/309/438 3904/311/439 3896/312/431
f 3896/312/431 3904/311/439 3905/313/440 3897/314/432
f 3897/314/432 3905/313/440 3898/299/433 3890/290/241
f 3898/299/433 3906/315/441 3907/316/442 3899/300/434
f 3899/300/434 3907/316/442 3908/317/443 3900/302/435
f 3900/302/435 3908/317/443 3909/318/444 3901/304/436
f 3901/304/436 3909/318/444 3910/319/445 3902/306/437
f 3902/308/437 3910/320/445 3911/321/446 3903/309/438
f 3903/309/438 3911/321/446 3912/322/447 3904/311/439
f 3904/311/439 3912/322/447 3913/323/448 3905/313/440
f 3905/313/440 3913/323/448 3906/315/441 3898/299/433
f 3906/315/441 3914/288/449 3915/324/450 3907/316/442
f 3907/316/442 3915/324/450 3916/325/451 3908/317/443
f 3908/317/443 3916/325/451 3917/326/452 3909/318/444
f 3909/318/444 3917/326/452 3918/195/453 3910/319/445
f 3910/320/445 3918/327/453 3919/328/454 3911/321/446
f 3911/321/446 3919/328/454 3920/329/455 3912/322/447
f 3912/322/447 3920/329/455 3921/330/456 3913/323/448
f 3913/323/448 3921/330/456 3914/288/449 3906/315/441
f 3914/288/449 3922/331/457 3923/332/458 3915/324/450
f 3915/324/450 3923/332/458 3924/333/459 3916/325/451
f 3916/325/451 3924/333/459 3925/334/460 3917/326/452
f 3917/326/452 3925/334/460 3926/335/461 3918/195/453
f 3918/327/453 3926/336/461 3927/337/462 3919/328/454
f 3919/328/454 3927/337/462 3928/338/463 3920/329/455
f 3920/329/455 3928/338/463 3929/339/464 3921/330/456
f 3921/330/456 3929/339/464 3922/331/457 3914/288/449
f 3922/331/457 3930/340/465 3931/341/466 3923/332/458
f 3923/332/458 3931/341/466 3932/342/624 3924/333/459
f 3924/333/459 3932/342/624 3933/343/468 3925/334/460
f 3925/334/460 3933/343/468 3934/344/469 3926/335/461
f 3926/336/461 3934/345/469 3935/346/470 3927/337/462
f 3927/337/462 3935/346/470 3936/347/471 3928/338/463
f 3928/338/463 3936/347/471 3937/348/472 3929/339/464
f 3929/339/464 3937/348/472 3930/340/465 3922/331/457
f 3930/340/465 3938/286/288 3939/349/473 3931/341/466
f 3931/341/466 3939/349/473 3940/350/474 3932/342/624
f 3932/342/624 3940/350/474 3941/351/475 3933/343/468
f 3933/343/468 3941/351/475 3942/191/47 3934/344/469
f 3934/345/469 3942/352/47 3943/353/476 3935/346/470
f 3935/346/470 3943/353/476 3944/354/477 3936/347/471
f 3936/347/471 3944/354/477 3945/355/478 3937/348/472
f 3937/348/472 3945/355/478 3938/286/288 3930/340/465
f 3938/286/288 3946/356/479 3947/357/480 3939/349/473
f 3939/349/473 3947/357/480 3948/358/481 3940/350/474
f 3940/350/474 3948/358/481 3949/359/482 3941/351/475
f 3941/351/475 3949/359/482 3950/360/483 3942/191/47
f 3942/352/47 3950/361/483 3951/362/484 3943/353/476
f 3943/353/476 3951/362/484 3952/363/485 3944/354/477
f 3944/354/477 3952/363/485 3953/364/486 3945/355/478
f 3945/355/478 3953/364/486 3946/356/479 3938/286/288
f 3946/356/479 3954/365/487 3955/366/488 3947/357/480
f 3947/357/480 3955/366/488 3956/367/489 3948/358/481
f 3948/358/481 3956/367/489 3957/368/490 3949/359/482
f 3949/359/482 3957/368/490 3958/369/491 3950/360/483
f 3950/361/483 3958/370/491 3959/371/492 3951/362/484
f 3951/362/484 3959/371/492 3960/372/493 3952/363/485
f 3952/363/485 3960/372/493 3961/373/494 3953/364/486
f 3953/364/486 3961/373/494 3954/365/487 3946/356/479
f 3954/365/487 3962/284/495 3963/374/496 3955/366/488
f 3955/366/488 3963/374/496 3964/375/497 3956/367/489
f 3956/367/489 3964/375/497 3965/376/498 3957/368/490
f 3957/368/490 3965/376/498 3966/187/499 3958/369/491
f 3958/370/491 3966/377/499 3967/378/500 3959/371/492
f 3959/371/492 3967/378/500 3968/379/501 3960/372/493
f 3960/372/493 3968/379/501 3969/380/502 3961/373/494
f 3961/373/494 3969/380/502 3962/284/495 3954/365/487
f 3962/284/495 3970/381/503 3971/382/504 3963/374/496
f 3963/374/496 3971/382/504 3972/383/505 3964/375/497
f 3964/375/497 3972/383/505 3973/384/506 3965/376/498
f 3965/376/498 3973/384/506 3974/385/507 3966/187/499
f 3966/377/499 3974/386/507 3975/387/508 3967/378/500
f 3967/378/500 3975/387/508 3976/388/509 3968/379/501
f 3968/379/501 3976/388/509 3977/389/510 3969/380/502
f 3969/380/502 3977/389/510 3970/381/503 3962/284/495
f 3970/381/503 3978/390/511 3979/391/512 3971/382/504
f 3971/382/504 3979/391/512 3980/392/513 3972/383/505
f 3972/383/505 3980/392/513 3981/393/514 3973/384/506
f 3973/384/506 3981/393/514 3982/394/515 3974/385/507
f 3974/386/507 3982/395/515 3983/396/516 3975/387/508
f 3975/387/508 3983/396/516 3984/397/517 3976/388/509
f 3976/388/509 3984/397/517 3985/398/518 3977/389/510
f 3977/389/510 3985/398/518 3978/390/511 3970/381/503
f 3978/390/511 3986/282/233 3987/399/519 3979/391/512
f 3979/391/512 3987/399/519 3988/400/520 3980/392/513
f 3980/392/513 3988/400/520 3989/401/521 3981/393/514
f 3981/393/514 3989/401/521 3990/184/241 3982/394/515
f 3982/395/515 3990/402/241 3991/403/522 3983/396/516
f 3983/396/516 3991/403/522 3992/404/523 3984/397/517
f 3984/397/517 3992/404/523 3993/405/524 3985/398/518
f 3985/398/518 3993/405/524 3986/282/233 3978/390/511
f 3986/406/233 3994/407/525 3995/408/526 3987/409/519
f 3987/409/519 3995/408/526 3996/410/527 3988/411/520
f 3988/411/520 3996/410/527 3997/412/528 3989/413/521
f 3989/413/521 3997/412/528 3998/414/529 3990/415/241
f 3990/416/241 3998/417/529 3999/418/530 3991/419/522
f 3991/419/522 3999/418/530 4000/420/531 3992/421/523
f 3992/421/523 4000/420/531 4001/422/532 3993/423/524
f 3993/423/524 4001/422/532 3994/407/525 3986/406/233
f 3994/407/525 4002/424/533 4003/425/534 3995/408/526
f 3995/408/526 4003/425/534 4004/426/535 3996/410/527
f 3996/410/527 4004/426/535 4005/427/536 3997/412/528
f 3997/412/528 4005/427/536 4006/428/537 3998/414/529
f 3998/417/529 4006/429/537 4007/430/538 3999/418/530
f 3999/418/530 4007/430/538 4008/431/539 4000/420/531
f 4000/420/531 4008/431/539 4009/432/540 4001/422/532
f 4001/422/532 4009/432/540 4002/424/533 3994/407/525
f 4002/424/533 4010/296/541 4011/433/542 4003/425/534
f 4003/425/534 4011/433/542 4012/434/543 4004/426/535
f 4004/426/535 4012/434/543 4013/435/544 4005/427/536
f 4005/427/536 4013/435/544 4014/211/545 4006/428/537
f 4006/429/537 4014/436/545 4015/437/546 4007/430/538
f 4007/430/538 4015/437/546 4016/438/547 4008/431/539
f 4008/431/539 4016/438/547 4017/439/548 4009/432/540
f 4009/432/540 4017/439/548 4010/296/541 4002/424/533
f 4010/296/541 4018/440/549 4019/441/550 4011/433/542
f 4011/433/542 4019/441/550 4020/442/551 4012/434/543
f 4012/434/543 4020/442/551 4021/443/552 4013/435/544
f 4013/435/544 4021/443/552 4022/444/553 4014/211/545
f 4014/436/545 4022/445/553 4023/446/554 4015/437/546
f 4015/437/546 4023/446/554 4024/447/555 4016/438/547
f 4016/438/547 4024/447/555 4025/448/556 4017/439/548
f 4017/439/548 4025/448/556 4018/440/549 4010/296/541
f 4018/440/549 4026/449/557 4027/450/558 4019/441/550
f 4019/441/550 4027/450/558 4028/451/559 4020/442/551
f 4020/442/551 4028/451/559 4029/452/560 4021/443/552
f 4021/443/552 4029/452/560 4030/453/561 4022/444/553
f 4022/445/553 4030/454/561 4031/455/562 4023/446/554
f 4023/446/554 4031/455/562 4032/456/618 4024/447/555
f 4024/447/555 4032/456/618 4033/457/564 4025/448/556
f 4025/448/556 4033/457/564 4026/449/557 4018/440/549
f 4026/449/557 4034/294/47 4035/458/565 4027/450/558
f 4027/450/558 4035/458/565 4036/459/566 4028/451/559
f 4028/451/559 4036/459/566 4037/460/567 4029/452/560
f 4029/452/560 4037/460/567 4038/207/288 4030/453/561
f 4030/454/561 4038/461/288 4039/462/568 4031/455/562
f 4031/455/562 4039/462/568 4040/463/569 4032/456/618
f 4032/456/618 4040/463/569 4041/464/570 4033/457/564
f 4033/457/564 4041/464/570 4034/294/47 4026/449/557
f 4034/294/47 4042/465/571 4043/466/572 4035/458/565
f 4035/458/565 4043/466/572 4044/467/619 4036/459/566
f 4036/459/566 4044/467/619 4045/468/574 4037/460/567
f 4037/460/567 4045/468/574 4046/469/575 4038/207/288
f 4038/461/288 4046/470/575 4047/471/576 4039/462/568
f 4039/462/568 4047/471/576 4048/472/620 4040/463/569
f 4040/463/569 4048/472/620 4049/473/578 4041/464/570
f 4041/464/570 4049/473/578 4042/465/571 4034/294/47
f 4042/465/571 4050/474/579 4051/475/580 4043/466/572
f 4043/466/572 4051/475/580 4052/476/581 4044/467/619
f 4044/467/619 4052/476/581 4053/477/582 4045/468/574
f 4045/468/574 4053/477/582 4054/478/583 4046/469/575
f 4046/470/575 4054/479/583 4055/480/584 4047/471/576
f 4047/471/576 4055/480/584 4056/481/585 4048/472/620
f 4048/472/620 4056/481/585 4057/482/586 4049/473/578
f 4049/473/578 4057/482/586 4050/474/579 4042/465/571
f 4050/474/579 4058/292/587 4059/483/588 4051/475/580
f 4051/475/580 4059/483/588 4060/484/589 4052/476/581
f 4052/476/581 4060/484/589 4061/485/590 4053/477/582
f 4053/477/582 4061/485/590 4062/203/591 4054/478/583
f 4054/479/583 4062/486/591 4063/487/592 4055/480/584
f 4055/480/584 4063/487/592 4064/488/593 4056/481/585
f 4056/481/585 4064/488/593 4065/489/594 4057/482/586
f 4057/482/586 4065/489/594 4058/292/587 4050/474/579
f 4058/292/587 4066/490/595 4067/491/596 4059/483/588
f 4059/483/588 4067/491/596 4068/492/597 4060/484/589
f 4060/484/589 4068/492/597 4069/493/598 4061/485/590
f 4061/485/590 4069/493/598 4070/494/599 4062/203/591
f 4062/486/591 4070/495/599 4071/496/600 4063/487/592
f 4063/487/592 4071/496/600 4072/497/601 4064/488/593
f 4064/488/593 4072/497/601 4073/498/602 4065/489/594
f 4065/489/594 4073/498/602 4066/490/595 4058/292/587
f 4066/490/595 4074/499/603 4075/500/604 4067/491/596
f 4067/491/596 4075/500/604 4076/501/605 4068/492/597
f 4068/492/597 4076/501/605 4077/502/606 4069/493/598
f 4069/493/598 4077/502/606 4078/503/607 4070/494/599
f 4070/495/599 4078/504/607 4079/505/608 4071/496/600
f 4071/496/600 4079/505/608 4080/506/609 4072/497/601
f 4072/497/601 4080/506/609 4081/507/610 4073/498/602
f 4073/498/602 4081/507/610 4074/499/603 4066/490/595
f 4074/499/603 3890/290/241 3891/301/427 4075/500/604
f 4075/500/604 3891/301/427 3892/303/428 4076/501/605
f 4076/501/605 3892/303/428 3893/305/429 4077/502/606
f 4077/502/606 3893/305/429 3894/199/233 4078/503/607
f 4078/504/607 3894/307/233 3895/310/430 4079/505/608
f 4079/505/608 3895/310/430 3896/312/431 4080/506/609
f 4080/506/609 3896/312/431 3897/314/432 4081/507/610
f 4081/507/610 3897/314/432 3890/290/241 4074/499/603
f 4082/290/229 4090/299/248 4091/300/249 4083/301/242
f 4083/301/242 4091/300/249 4092/302/250 4084/303/243
f 4084/303/243 4092/302/250 4093/304/251 4085/305/244
f 4085/305/244 4093/304/251 4094/306/252 4086/199/237
f 4086/307/237 4094/308/252 4095/309/253 4087/310/245
f 4087/310/245 4095/309/253 4096/311/254 4088/312/246
f 4088/312/246 4096/311/254 4097/313/255 4089/314/247
f 4089/314/247 4097/313/255 4090/299/248 4082/290/229
f 4090/299/248 4098/315/256 4099/316/257 4091/300/249
f 4091/300/249 4099/316/257 4100/317/258 4092/302/250
f 4092/302/250 4100/317/258 4101/318/259 4093/304/251
f 4093/304/251 4101/318/259 4102/319/260 4094/306/252
f 4094/308/252 4102/320/260 4103/321/261 4095/309/253
f 4095/309/253 4103/321/261 4104/322/262 4096/311/254
f 4096/311/254 4104/322/262 4105/323/263 4097/313/255
f 4097/313/255 4105/323/263 4098/315/256 4090/299/248
f 4098/315/256 4106/288/264 4107/324/265 4099/316/257
f 4099/316/257 4107/324/265 4108/325/266 4100/317/258
f 4100/317/258 4108/325/266 4109/326/267 4101/318/259
f 4101/318/259 4109/326/267 4110/195/268 4102/319/260
f 4102/320/260 4110/327/268 4111/328/269 4103/321/261
f 4103/321/261 4111/328/269 4112/329/270 4104/322/262
f 4104/322/262 4112/329/270 4113/330/271 4105/323/263
f 4105/323/263 4113/330/271 4106/288/264 4098/315/256
f 4106/288/264 4114/331/272 4115/332/273 4107/324/265
f 4107/324/265 4115/332/273 4116/333/274 4108/325/266
f 4108/325/266 4116/333/274 4117/334/275 4109/326/267
f 4109/326/267 4117/334/275 4118/335/276 4110/195/268
f 4110/327/268 4118/336/276 4119/337/277 4111/328/269
f 4111/328/269 4119/337/277 4120/338/278 4112/329/270
f 4112/329/270 4120/338/278 4121/339/279 4113/330/271
f 4113/330/271 4121/339/279 4114/331/272 4106/288/264
f 4114/331/272 4122/340/280 4123/341/281 4115/332/273
f 4115/332/273 4123/341/281 4124/342/282 4116/333/274
f 4116/333/274 4124/342/282 4125/343/283 4117/334/275
f 4117/334/275 4125/343/283 4126/344/284 4118/335/276
f 4118/336/276 4126/345/284 4127/346/285 4119/337/277
f 4119/337/277 4127/346/285 4128/347/286 4120/338/278
f 4120/338/278 4128/347/286 4129/348/287 4121/339/279
f 4121/339/279 4129/348/287 4122/340/280 4114/331/272
f 4122/340/280 4130/286/288 4131/349/289 4123/341/281
f 4123/341/281 4131/349/289 4132/350/290 4124/342/282
f 4124/342/282 4132/350/290 4133/351/291 4125/343/283
f 4125/343/283 4133/351/291 4134/191/47 4126/344/284
f 4126/345/284 4134/352/47 4135/353/292 4127/346/285
f 4127/346/285 4135/353/292 4136/354/293 4128/347/286
f 4128/347/286 4136/354/293 4137/355/294 4129/348/287
f 4129/348/287 4137/355/294 4130/286/288 4122/340/280
f 4130/286/288 4138/356/295 4139/357/296 4131/349/289
f 4131/349/289 4139/357/296 4140/358/297 4132/350/290
f 4132/350/290 4140/358/297 4141/359/298 4133/351/291
f 4133/351/291 4141/359/298 4142/360/299 4134/191/47
f 4134/352/47 4142/361/299 4143/362/300 4135/353/292
f 4135/353/292 4143/362/300 4144/363/301 4136/354/293
f 4136/354/293 4144/363/301 4145/364/302 4137/355/294
f 4137/355/294 4145/364/302 4138/356/295 4130/286/288
f 4138/356/295 4146/365/303 4147/366/304 4139/357/296
f 4139/357/296 4147/366/304 4148/367/305 4140/358/297
f 4140/358/297 4148/367/305 4149/368/306 4141/359/298
f 4141/359/298 4149/368/306 4150/369/307 4142/360/299
f 4142/361/299 4150/370/307 4151/371/308 4143/362/300
f 4143/362/300 4151/371/308 4152/372/309 4144/363/301
f 4144/363/301 4152/372/309 4153/373/310 4145/364/302
f 4145/364/302 4153/373/310 4146/365/303 4138/356/295
f 4146/365/303 4154/284/311 4155/374/312 4147/366/304
f 4147/366/304 4155/374/312 4156/375/313 4148/367/305
f 4148/367/305 4156/375/313 4157/376/314 4149/368/306
f 4149/368/306 4157/376/314 4158/187/315 4150/369/307
f 4150/370/307 4158/377/315 4159/378/316 4151/371/308
f 4151/371/308 4159/378/316 4160/379/317 4152/372/309
f 4152/372/309 4160/379/317 4161/380/318 4153/373/310
f 4153/373/310 4161/380/318 4154/284/311 4146/365/303
f 4154/284/311 4162/381/319 4163/382/320 4155/374/312
f 4155/374/312 4163/382/320 4164/383/321 4156/375/313
f 4156/375/313 4164/383/321 4165/384/322 4157/376/314
f 4157/376/314 4165/384/322 4166/385/323 4158/187/315
f 4158/377/315 4166/386/323 4167/387/324 4159/378/316
f 4159/378/316 4167/387/324 4168/388/325 4160/379/317
f 4160/379/317 4168/388/325 4169/389/326 4161/380/318
f 4161/380/318 4169/389/326 4162/381/319 4154/284/311
f 4162/381/319 4170/390/327 4171/391/328 4163/382/320
f 4163/382/320 4171/391/328 4172/392/329 4164/383/321
f 4164/383/321 4172/392/329 4173/393/330 4165/384/322
f 4165/384/322 4173/393/330 4174/394/331 4166/385/323
f 4166/386/323 4174/395/331 4175/396/332 4167/387/324
f 4167/387/324 4175/396/332 4176/397/333 4168/388/325
f 4168/388/325 4176/397/333 4177/398/334 4169/389/326
f 4169/389/326 4177/398/334 4170/390/327 4162/381/319
f 4170/390/327 4178/282/237 4179/399/335 4171/391/328
f 4171/391/328 4179/399/335 4180/400/336 4172/392/329
f 4172/392/329 4180/400/336 4181/401/337 4173/393/330
f 4173/393/330 4181/401/337 4182/184/229 4174/394/331
f 4174/395/331 4182/402/229 4183/403/338 4175/396/332
f 4175/396/332 4183/403/338 4184/404/339 4176/397/333
f 4176/397/333 4184/404/339 4185/405/340 4177/398/334
f 4177/398/334 4185/405/340 4178/282/237 4170/390/327
f 4178/406/237 4186/407/341 4187/408/342 4179/409/335
f 4179/409/335 4187/408/342 4188/410/343 4180/411/336
f 4180/411/336 4188/410/343 4189/412/344 4181/413/337
f 4181/413/337 4189/412/344 4190/414/345 4182/415/229
f 4182/416/229 4190/417/345 4191/418/346 4183/419/338
f 4183/419/338 4191/418/346 4192/420/347 4184/421/339
f 4184/421/339 4192/420/347 4193/422/348 4185/423/340
f 4185/423/340 4193/422/348 4186/407/341 4178/406/237
f 4186/407/341 4194/424/349 4195/425/350 4187/408/342
f 4187/408/342 4195/425/350 4196/426/351 4188/410/343
f 4188/410/343 4196/426/351 4197/427/352 4189/412/344
f 4189/412/344 4197/427/352 4198/428/353 4190/414/345
f 4190/417/345 4198/429/353 4199/430/354 4191/418/346
f 4191/418/346 4199/430/354 4200/431/355 4192/420/347
f 4192/420/347 4200/431/355 4201/432/356 4193/422/348
f 4193/422/348 4201/432/356 4194/424/349 4186/407/341
f 4194/424/349 4202/296/357 4203/433/358 4195/425/350
f 4195/425/350 4203/433/358 4204/434/359 4196/426/351
f 4196/426/351 4204/434/359 4205/435/360 4197/427/352
f 4197/427/352 4205/435/360 4206/211/361 4198/428/353
f 4198/429/353 4206/436/361 4207/437/362 4199/430/354
f 4199/430/354 4207/437/362 4208/438/363 4200/431/355
f 4200/431/355 4208/438/363 4209/439/364 4201/432/356
f 4201/432/356 4209/439/364 4202/296/357 4194/424/349
f 4202/296/357 4210/440/365 4211/441/366 4203/433/358
f 4203/433/358 4211/441/366 4212/442/367 4204/434/359
f 4204/434/359 4212/442/367 4213/443/368 4205/435/360
f 4205/435/360 4213/443/368 4214/444/369 4206/211/361
f 4206/436/361 4214/445/369 4215/446/370 4207/437/362
f 4207/437/362 4215/446/370 4216/447/371 4208/438/363
f 4208/438/363 4216/447/371 4217/448/372 4209/439/364
f 4209/439/364 4217/448/372 4210/440/365 4202/296/357
f 4210/440/365 4218/449/373 4219/450/374 4211/441/366
f 4211/441/366 4219/450/374 4220/451/375 4212/442/367
f 4212/442/367 4220/451/375 4221/452/376 4213/443/368
f 4213/443/368 4221/452/376 4222/453/377 4214/444/369
f 4214/445/369 4222/454/377 4223/455/378 4215/446/370
f 4215/446/370 4223/455/378 4224/456/379 4216/447/371
f 4216/447/371 4224/456/379 4225/457/380 4217/448/372
f 4217/448/372 4225/457/380 4218/449/373 4210/440/365
f 4218/449/373 4226/294/47 4227/458/381 4219/450/374
f 4219/450/374 4227/458/381 4228/459/382 4220/451/375
f 4220/451/375 4228/459/382 4229/460/383 4221/452/376
f 4221/452/376 4229/460/383 4230/207/288 4222/453/377
f 4222/454/377 4230/461/288 4231/462/384 4223/455/378
f 4223/455/378 4231/462/384 4232/463/385 4224/456/379
f 4224/456/379 4232/463/385 4233/464/386 4225/457/380
f 4225/457/380 4233/464/386 4226/294/47 4218/449/373
f 4226/294/47 4234/465/387 4235/466/388 4227/458/381
f 4227/458/381 4235/466/388 4236/467/389 4228/459/382
f 4228/459/382 4236/467/389 4237/468/390 4229/460/383
f 4229/460/383 4237/468/390 4238/469/391 4230/207/288
f 4230/461/288 4238/470/391 4239/471/392 4231/462/384
f 4231/462/384 4239/471/392 4240/472/393 4232/463/385
f 4232/463/385 4240/472/393 4241/473/394 4233/464/386
f 4233/464/386 4241/473/394 4234/465/387 4226/294/47
f 4234/465/387 4242/474/395 4243/475/396 4235/466/388
f 4235/466/388 4243/475/396 4244/476/397 4236/467/389
f 4236/467/389 4244/476/397 4245/477/398 4237/468/390
f 4237/468/390 4245/477/398 4246/478/399 4238/469/391
f 4238/470/391 4246/479/399 4247/480/400 4239/471/392
f 4239/471/392 4247/480/400 4248/481/401 4240/472/393
f 4240/472/393 4248/481/401 4249/482/402 4241/473/394
f 4241/473/394 4249/482/402 4242/474/395 4234/465/387
f 4242/474/395 4250/292/403 4251/483/404 4243/475/396
f 4243/475/396 4251/483/404 4252/484/405 4244/476/397
f 4244/476/397 4252/484/405 4253/485/406 4245/477/398
f 4245/477/398 4253/485/406 4254/203/407 4246/478/399
f 4246/479/399 4254/486/407 4255/487/408 4247/480/400
f 4247/480/400 4255/487/408 4256/488/409 4248/481/401
f 4248/481/401 4256/488/409 4257/489/410 4249/482/402
f 4249/482/402 4257/489/410 4250/292/403 4242/474/395
f 4250/292/403 4258/490/411 4259/491/412 4251/483/404
f 4251/483/404 4259/491/412 4260/492/413 4252/484/405
f 4252/484/405 4260/492/413 4261/493/414 4253/485/406
f 4253/485/406 4261/493/414 4262/494/415 4254/203/407
f 4254/486/407 4262/495/415 4263/496/416 4255/487/408
f 4255/487/408 4263/496/416 4264/497/417 4256/488/409
f 4256/488/409 4264/497/417 4265/498/418 4257/489/410
f 4257/489/410 4265/498/418 4258/490/411 4250/292/403
f 4258/490/411 4266/499/419 4267/500/420 4259/491/412
f 4259/491/412 4267/500/420 4268/501/421 4260/492/413
f 4260/492/413 4268/501/421 4269/502/422 4261/493/414
f 4261/493/414 4269/502/422 4270/503/423 4262/494/415
f 4262/495/415 4270/504/423 4271/505/424 4263/496/416
f 4263/496/416 4271/505/424 4272/506/425 4264/497/417
f 4264/497/417 4272/506/425 4273/507/426 4265/498/418
f 4265/498/418 4273/507/426 4266/499/419 4258/490/411
f 4266/499/419 4082/290/229 4083/301/242 4267/500/420
f 4267/500/420 4083/301/242 4084/303/243 4268/501/421
f 4268/501/421 4084/303/243 4085/305/244 4269/502/422
f 4269/502/422 4085/305/244 4086/199/237 4270/503/423
f 4270/504/423 4086/307/237 4087/310/245 4271/505/424
f 4271/505/424 4087/310/245 4088/312/246 4272/506/425
f 4272/506/425 4088/312/246 4089/314/247 4273/507/426
f 4273/507/426 4089/314/247 4082/290/229 4266/499/419
f 4274/290/241 4282/299/433 4283/300/434 4275/301/427
f 4275/301/427 4283/300/434 4284/302/435 4276/303/428
f 4276/303/428 4284/302/435 4285/304/436 4277/305/429
f 4277/305/429 4285/304/436 4286/306/437 4278/199/233
f 4278/307/233 4286/308/437 4287/309/438 4279/310/430
f 4279/310/430 4287/309/438 4288/311/439 4280/312/431
f 4280/312/431 4288/311/439 4289/313/440 4281/314/432
f 4281/314/432 4289/313/440 4282/299/433 4274/290/241
f 4282/299/433 4290/315/441 4291/316/442 4283/300/434
f 4283/300/434 4291/316/442 4292/317/443 4284/302/435
f 4284/302/435 4292/317/443 4293/318/444 4285/304/436
f 4285/304/436 4293/318/444 4294/319/445 4286/306/437
f 4286/308/437 4294/320/445 4295/321/446 4287/309/438
f 4287/309/438 4295/321/446 4296/322/447 4288/311/439
f 4288/311/439 4296/322/447 4297/323/448 4289/313/440
f 4289/313/440 4297/323/448 4290/315/441 4282/299/433
f 4290/315/441 4298/288/449 4299/324/450 4291/316/442
f 4291/316/442 4299/324/450 4300/325/451 4292/317/443
f 4292/317/443 4300/325/451 4301/326/452 4293/318/444
f 4293/318/444 4301/326/452 4302/195/453 4294/319/445
f 4294/320/445 4302/327/453 4303/328/454 4295/321/446
f 4295/321/446 4303/328/454 4304/329/455 4296/322/447
f 4296/322/447 4304/329/455 4305/330/456 4297/323/448
f 4297/323/448 4305/330/456 4298/288/449 4290/315/441
f 4298/288/449 4306/331/457 4307/332/625 4299/324/450
f 4299/324/450 4307/332/625 4308/333/459 4300/325/451
f 4300/325/451 4308/333/459 4309/334/460 4301/326/452
f 4301/326/452 4309/334/460 4310/335/461 4302/195/453
f 4302/327/453 4310/336/461 4311/337/462 4303/328/454
f 4303/328/454 4311/337/462 4312/338/463 4304/329/455
f 4304/329/455 4312/338/463 4313/339/626 4305/330/456
f 4305/330/456 4313/339/626 4306/331/457 4298/288/449
f 4306/331/457 4314/340/465 4315/341/466 4307/332/625
f 4307/332/625 4315/341/466 4316/342/624 4308/333/459
f 4308/333/459 4316/342/624 4317/343/468 4309/334/460
f 4309/334/460 4317/343/468 4318/344/469 4310/335/461
f 4310/336/461 4318/345/469 4319/346/470 4311/337/462
f 4311/337/462 4319/346/470 4320/347/471 4312/338/463
f 4312/338/463 4320/347/471 4321/348/472 4313/339/626
f 4313/339/626 4321/348/472 4314/340/465 4306/331/457
f 4314/340/465 4322/286/288 4323/349/473 4315/341/466
f 4315/341/466 4323/349/473 4324/350/474 4316/342/624
f 4316/342/624 4324/350/474 4325/351/475 4317/343/468
f 4317/343/468 4325/351/475 4326/191/47 4318/344/469
f 4318/345/469 4326/352/47 4327/353/476 4319/346/470
f 4319/346/470 4327/353/476 4328/354/477 4320/347/471
f 4320/347/471 4328/354/477 4329/355/478 4321/348/472
f 4321/348/472 4329/355/478 4322/286/288 4314/340/465
f 4322/286/288 4330/356/479 4331/357/480 4323/349/473
f 4323/349/473 4331/357/480 4332/358/481 4324/350/474
f 4324/350/474 4332/358/481 4333/359/482 4325/351/475
f 4325/351/475 4333/359/482 4334/360/483 4326/191/47
f 4326/352/47 4334/361/483 4335/362/484 4327/353/476
f 4327/353/476 4335/362/484 4336/363/485 4328/354/477
f 4328/354/477 4336/363/485 4337/364/486 4329/355/478
f 4329/355/478 4337/364/486 4330/356/479 4322/286/288
f 4330/356/479 4338/365/487 4339/366/627 4331/357/480
f 4331/357/480 4339/366/627 4340/367/489 4332/358/481
f 4332/358/481 4340/367/489 4341/368/490 4333/359/482
f 4333/359/482 4341/368/490 4342/369/491 4334/360/483
f 4334/361/483 4342/370/491 4343/371/492 4335/362/484
f 4335/362/484 4343/371/492 4344/372/493 4336/363/485
f 4336/363/485 4344/372/493 4345/373/628 4337/364/486
f 4337/364/486 4345/373/628 4338/365/487 4330/356/479
f 4338/365/487 4346/284/495 4347/374/496 4339/366/627
f 4339/366/627 4347/374/496 4348/375/497 4340/367/489
f 4340/367/489 4348/375/497 4349/376/498 4341/368/490
f 4341/368/490 4349/376/498 4350/187/499 4342/369/491
f 4342/370/491 4350/377/499 4351/378/500 4343/371/492
f 4343/371/492 4351/378/500 4352/379/501 4344/372/493
f 4344/372/493 4352/379/501 4353/380/502 4345/373/628
f 4345/373/628 4353/380/502 4346/284/495 4338/365/487
f 4346/284/495 4354/381/503 4355/382/504 4347/374/496
f 4347/374/496 4355/382/504 4356/383/505 4348/375/497
f 4348/375/497 4356/383/505 4357/384/506 4349/376/498
f 4349/376/498 4357/384/506 4358/385/507 4350/187/499
f 4350/377/499 4358/386/507 4359/387/508 4351/378/500
f 4351/378/500 4359/387/508 4360/388/509 4352/379/501
f 4352/379/501 4360/388/509 4361/389/510 4353/380/502
f 4353/380/502 4361/389/510 4354/381/503 4346/284/495
f 4354/381/503 4362/390/511 4363/391/512 4355/382/504
f 4355/382/504 4363/391/512 4364/392/513 4356/383/505
f 4356/383/505 4364/392/513 4365/393/514 4357/384/506
f 4357/384/506 4365/393/514 4366/394/515 4358/385/507
f 4358/386/507 4366/395/515 4367/396/516 4359/387/508
f 4359/387/508 4367/396/516 4368/397/517 4360/388/509
f 4360/388/509 4368/397/517 4369/398/518 4361/389/510
f 4361/389/510 4369/398/518 4362/390/511 4354/381/503
f 4362/390/511 4370/282/233 4371/399/519 4363/391/512
f 4363/391/512 4371/399/519 4372/400/520 4364/392/513
f 4364/392/513 4372/400/520 4373/401/521 4365/393/514
f 4365/393/514 4373/401/521 4374/184/241 4366/394/515
f 4366/395/515 4374/402/241 4375/403/522 4367/396/516
f 4367/396/516 4375/403/522 4376/404/523 4368/397/517
f 4368/397/517 4376/404/523 4377/405/524 4369/398/518
f 4369/398/518 4377/405/524 4370/282/233 4362/390/511
f 4370/406/233 4378/407/525 4379/408/526 4371/409/519
f 4371/409/519 4379/408/526 4380/410/527 4372/411/520
f 4372/411/520 4380/410/527 4381/412/528 4373/413/521
f 4373/413/521 4381/412/528 4382/414/529 4374/415/241
f 4374/416/241 4382/417/529 4383/418/530 4375/419/522
f 4375/419/522 4383/418/530 4384/420/531 4376/421/523
f 4376/421/523 4384/420/531 4385/422/532 4377/423/524
f 4377/423/524 4385/422/532 4378/407/525 4370/406/233
f 4378/407/525 4386/424/533 4387/425/534 4379/408/526
f 4379/408/526 4387/425/534 4388/426/535 4380/410/527
f 4380/410/527 4388/426/535 4389/427/536 4381/412/528
f 4381/412/528 4389/427/536 4390/428/537 4382/414/529
f 4382/417/529 4390/429/537 4391/430/538 4383/418/530
f 4383/418/530 4391/430/538 4392/431/539 4384/420/531
f 4384/420/531 4392/431/539 4393/432/540 4385/422/532
f 4385/422/532 4393/432/540 4386/424/533 4378/407/525
f 4386/424/533 4394/296/541 4395/433/542 4387/425/534
f 4387/425/534 4395/433/542 4396/434/543 4388/426/535
f 4388/426/535 4396/434/543 4397/435/544 4389/427/536
f 4389/427/536 4397/435/544 4398/211/545 4390/428/537
f 4390/429/537 4398/436/545 4399/437/546 4391/430/538
f 4391/430/538 4399/437/546 4400/438/547 4392/431/539
f 4392/431/539 4400/438/547 4401/439/548 4393/432/540
f 4393/432/540 4401/439/548 4394/296/541 4386/424/533
f 4394/296/541 4402/440/549 4403/441/550 4395/433/542
f 4395/433/542 4403/441/550 4404/442/551 4396/434/543
f 4396/434/543 4404/442/551 4405/443/552 4397/435/544
f 4397/435/544 4405/443/552 4406/444/553 4398/211/545
f 4398/436/545 4406/445/553 4407/446/554 4399/437/546
f 4399/437/546 4407/446/554 4408/447/555 4400/438/547
f 4400/438/547 4408/447/555 4409/448/556 4401/439/548
f 4401/439/548 4409/448/556 4402/440/549 4394/296/541
f 4402/440/549 4410/449/557 4411/450/558 4403/441/550
f 4403/441/550 4411/450/558 4412/451/559 4404/442/551
f 4404/442/551 4412/451/559 4413/452/560 4405/443/552
f 4405/443/552 4413/452/560 4414/453/561 4406/444/553
f 4406/445/553 4414/454/561 4415/455/562 4407/446/554
f 4407/446/554 4415/455/562 4416/456/618 4408/447/555
f 4408/447/555 4416/456/618 4417/457/564 4409/448/556
f 4409/448/556 4417/457/564 4410/449/557 4402/440/549
f 4410/449/557 4418/294/47 4419/458/565 4411/450/558
f 4411/450/558 4419/458/565 4420/459/566 4412/451/559
f 4412/451/559 4420/459/566 4421/460/567 4413/452/560
f 4413/452/560 4421/460/567 4422/207/288 4414/453/561
f 4414/454/561 4422/461/288 4423/462/568 4415/455/562
f 4415/455/562 4423/462/568 4424/463/569 4416/456/618
f 4416/456/618 4424/463/569 4425/464/570 4417/457/564
f 4417/457/564 4425/464/570 4418/294/47 4410/449/557
f 4418/294/47 4426/465/571 4427/466/572 4419/458/565
f 4419/458/565 4427/466/572 4428/467/619 4420/459/566
f 4420/459/566 4428/467/619 4429/468/574 4421/460/567
f 4421/460/567 4429/468/574 4430/469/575 4422/207/288
f 4422/461/288 4430/470/575 4431/471/576 4423/462/568
f 4423/462/568 4431/471/576 4432/472/577 4424/463/569
f 4424/463/569 4432/472/577 4433/473/578 4425/464/570
f 4425/464/570 4433/473/578 4426/465/571 4418/294/47
f 4426/465/571 4434/474/579 4435/475/580 4427/466/572
f 4427/466/572 4435/475/580 4436/476/581 4428/467/619
f 4428/467/619 4436/476/581 4437/477/582 4429/468/574
f 4429/468/574 4437/477/582 4438/478/583 4430/469/575
f 4430/470/575 4438/479/583 4439/480/584 4431/471/576
f 4431/471/576 4439/480/584 4440/481/585 4432/472/577
f 4432/472/577 4440/481/585 4441/482/586 4433/473/578
f 4433/473/578 4441/482/586 4434/474/579 4426/465/571
f 4434/474/579 4442/292/587 4443/483/588 4435/475/580
f 4435/475/580 4443/483/588 4444/484/589 4436/476/581
f 4436/476/581 4444/484/589 4445/485/590 4437/477/582
f 4437/477/582 4445/485/590 4446/203/591 4438/478/583
f 4438/479/583 4446/486/591 4447/487/592 4439/480/584
f 4439/480/584 4447/487/592 4448/488/593 4440/481/585
f 4440/481/585 4448/488/593 4449/489/594 4441/482/586
f 4441/482/586 4449/489/594 4442/292/587 4434/474/579
f 4442/292/587 4450/490/595 4451/491/596 4443/483/588
f 4443/483/588 4451/491/596 4452/492/597 4444/484/589
f 4444/484/589 4452/492/597 4453/493/598 4445/485/590
f 4445/485/590 4453/493/598 4454/494/599 4446/203/591
f 4446/486/591 4454/495/599 4455/496/600 4447/487/592
f 4447/487/592 4455/496/600 4456/497/601 4448/488/593
f 4448/488/593 4456/497/601 4457/498/602 4449/489/594
f 4449/489/594 4457/498/602 4450/490/595 4442/292/587
f 4450/490/595 4458/499/603 4459/500/604 4451/491/596
f 4451/491/596 4459/500/604 4460/501/605 4452/492/597
f 4452/492/597 4460/501/605 4461/502/606 4453/493/598
f 4453/493/598 4461/502/606 4462/503/607 4454/494/599
f 4454/495/599 4462/504/607 4463/505/608 4455/496/600
f 4455/496/600 4463/505/608 4464/506/609 4456/497/601
f 4456/497/601 4464/506/609 4465/507/610 4457/498/602
f 4457/498/602 4465/507/610 4458/499/603 4450/490/595
f 4458/499/603 4274/290/241 4275/301/427 4459/500/604
f 4459/500/604 4275/301/427 4276/303/428 4460/501/605
f 4460/501/605 4276/303/428 4277/305/429 4461/502/606
f 4461/502/606 4277/305/429 4278/199/233 4462/503/607
f 4462/504/607 4278/307/233 4279/310/430 4463/505/608
f 4463/505/608 4279/310/430 4280/312/431 4464/506/609
f 4464/506/609 4280/312/431 4281/314/432 4465/507/610
f 4465/507/610 4281/314/432 4274/290/241 4458/499/603
f 4466/290/229 4474/299/248 4475/300/249 4467/301/242
f 4467/301/242 4475/300/249 4476/302/250 4468/303/243
f 4468/303/243 4476/302/250 4477/304/251 4469/305/244
f 4469/305/244 4477/304/251 4478/306/252 4470/199/237
f 4470/307/237 4478/308/252 4479/309/253 4471/310/245
f 4471/310/245 4479/309/253 4480/311/254 4472/312/246
f 4472/312/246 4480/311/254 4481/313/255 4473/314/247
f 4473/314/247 4481/313/255 4474/299/248 4466/290/229
f 4474/299/248 4482/315/256 4483/316/257 4475/300/249
f 4475/300/249 4483/316/257 4484/317/258 4476/302/250
f 4476/302/250 4484/317/258 4485/318/259 4477/304/251
f 4477/304/251 4485/318/259 4486/319/260 4478/306/252
f 4478/308/252 4486/320/260 4487/321/261 4479/309/253
f 4479/309/253 4487/321/261 4488/322/262 4480/311/254
f 4480/311/254 4488/322/262 4489/323/263 4481/313/255
f 4481/313/255 4489/323/263 4482/315/256 4474/299/248
f 4482/315/256 4490/288/264 4491/324/265 4483/316/257
f 4483/316/257 4491/324/265 4492/325/266 4484/317/258
f 4484/317/258 4492/325/266 4493/326/267 4485/318/259
f 4485/318/259 4493/326/267 4494/195/268 4486/319/260
f 4486/320/260 4494/327/268 4495/328/269 4487/321/261
f 4487/321/261 4495/328/269 4496/329/270 4488/322/262
f 4488/322/262 4496/329/270 4497/330/271 4489/323/263
f 4489/323/263 4497/330/271 4490/288/264 4482/315/256
f 4490/288/264 4498/331/272 4499/332/273 4491/324/265
f 4491/324/265 4499/332/273 4500/333/274 4492/325/266
f 4492/325/266 4500/333/274 4501/334/275 4493/326/267
f 4493/326/267 4501/334/275 4502/335/276 4494/195/268
f 4494/327/268 4502/336/276 4503/337/277 4495/328/269
f 4495/328/269 4503/337/277 4504/338/278 4496/329/270
f 4496/329/270 4504/338/278 4505/339/279 4497/330/271
f 4497/330/271 4505/339/279 4498/331/272 4490/288/264
f 4498/331/272 4506/340/280 4507/341/281 4499/332/273
f 4499/332/273 4507/341/281 4508/342/282 4500/333/274
f 4500/333/274 4508/342/282 4509/343/283 4501/334/275
f 4501/334/275 4509/343/283 4510/344/284 4502/335/276
f 4502/336/276 4510/345/284 4511/346/285 4503/337/277
f 4503/337/277 4511/346/285 4512/347/286 4504/338/278
f 4504/338/278 4512/347/286 4513/348/287 4505/339/279
f 4505/339/279 4513/348/287 4506/340/280 4498/331/272
f 4506/340/280 4514/286/288 4515/349/289 4507/341/281
f 4507/341/281 4515/349/289 4516/350/290 4508/342/282
f 4508/342/282 4516/350/290 4517/351/291 4509/343/283
f 4509/343/283 4517/351/291 4518/191/47 4510/344/284
f 4510/345/284 4518/352/47 4519/353/292 4511/346/285
f 4511/346/285 4519/353/292 4520/354/293 4512/347/286
f 4512/347/286 4520/354/293 4521/355/294 4513/348/287
f 4513/348/287 4521/355/294 4514/286/288 4506/340/280
f 4514/286/288 4522/356/295 4523/357/296 4515/349/289
f 4515/349/289 4523/357/296 4524/358/297 4516/350/290
f 4516/350/290 4524/358/297 4525/359/298 4517/351/291
f 4517/351/291 4525/359/298 4526/360/299 4518/191/47
f 4518/352/47 4526/361/299 4527/362/300 4519/353/292
f 4519/353/292 4527/362/300 4528/363/301 4520/354/293
f 4520/354/293 4528/363/301 4529/364/302 4521/355/294
f 4521/355/294 4529/364/302 4522/356/295 4514/286/288
f 4522/356/295 4530/365/303 4531/366/304 4523/357/296
f 4523/357/296 4531/366/304 4532/367/305 4524/358/297
f 4524/358/297 4532/367/305 4533/368/306 4525/359/298
f 4525/359/298 4533/368/306 4534/369/307 4526/360/299
f 4526/361/299 4534/370/307 4535/371/308 4527/362/300
f 4527/362/300 4535/371/308 4536/372/309 4528/363/301
f 4528/363/301 4536/372/309 4537/373/310 4529/364/302
f 4529/364/302 4537/373/310 4530/365/303 4522/356/295
f 4530/365/303 4538/284/311 4539/374/312 4531/366/304
f 4531/366/304 4539/374/312 4540/375/313 4532/367/305
f 4532/367/305 4540/375/313 4541/376/314 4533/368/306
f 4533/368/306 4541/376/314 4542/187/315 4534/369/307
f 4534/370/307 4542/377/315 4543/378/316 4535/371/308
f 4535/371/308 4543/378/316 4544/379/317 4536/372/309
f 4536/372/309 4544/379/317 4545/380/318 4537/373/310
f 4537/373/310 4545/380/318 4538/284/311 4530/365/303
f 4538/284/311 4546/381/319 4547/382/320 4539/374/312
f 4539/374/312 4547/382/320 4548/383/321 4540/375/313
f 4540/375/313 4548/383/321 4549/384/322 4541/376/314
f 4541/376/314 4549/384/322 4550/385/611 4542/187/315
f 4542/377/315 4550/386/611 4551/387/324 4543/378/316
f 4543/378/316 4551/387/324 4552/388/325 4544/379/317
f 4544/379/317 4552/388/325 4553/389/326 4545/380/318
f 4545/380/318 4553/389/326 4546/381/319 4538/284/311
f 4546/381/319 4554/390/327 4555/391/328 4547/382/320
f 4547/382/320 4555/391/328 4556/392/329 4548/383/321
f 4548/383/321 4556/392/329 4557/393/330 4549/384/322
f 4549/384/322 4557/393/330 4558/394/331 4550/385/611
f 4550/386/611 4558/395/331 4559/396/332 4551/387/324
f 4551/387/324 4559/396/332 4560/397/333 4552/388/325
f 4552/388/325 4560/397/333 4561/398/334 4553/389/326
f 4553/389/326 4561/398/334 4554/390/327 4546/381/319
f 4554/390/327 4562/282/237 4563/399/335 4555/391/328
f 4555/391/328 4563/399/335 4564/400/336 4556/392/329
f 4556/392/329 4564/400/336 4565/401/337 4557/393/330
f 4557/393/330 4565/401/337 4566/184/229 4558/394/331
f 4558/395/331 4566/402/229 4567/403/338 4559/396/332
f 4559/396/332 4567/403/338 4568/404/339 4560/397/333
f 4560/397/333 4568/404/339 4569/405/340 4561/398/334
f 4561/398/334 4569/405/340 4562/282/237 4554/390/327
f 4562/406/237 4570/407/341 4571/408/342 4563/409/335
f 4563/409/335 4571/408/342 4572/410/343 4564/411/336
f 4564/411/336 4572/410/343 4573/412/344 4565/413/337
f 4565/413/337 4573/412/344 4574/414/345 4566/415/229
f 4566/416/229 4574/417/345 4575/418/346 4567/419/338
f 4567/419/338 4575/418/346 4576/420/347 4568/421/339
f 4568/421/339 4576/420/347 4577/422/348 4569/423/340
f 4569/423/340 4577/422/348 4570/407/341 4562/406/237
f 4570/407/341 4578/424/349 4579/425/350 4571/408/342
f 4571/408/342 4579/425/350 4580/426/351 4572/410/343
f 4572/410/343 4580/426/351 4581/427/352 4573/412/344
f 4573/412/344 4581/427/352 4582/428/612 4574/414/345
f 4574/417/345 4582/429/612 4583/430/354 4575/418/346
f 4575/418/346 4583/430/354 4584/431/355 4576/420/347
f 4576/420/347 4584/431/355 4585/432/356 4577/422/348
f 4577/422/348 4585/432/356 4578/424/349 4570/407/341
f 4578/424/349 4586/296/357 4587/433/358 4579/425/350
f 4579/425/350 4587/433/358 4588/434/359 4580/426/351
f 4580/426/351 4588/434/359 4589/435/360 4581/427/352
f 4581/427/352 4589/435/360 4590/211/361 4582/428/612
f 4582/429/612 4590/436/361 4591/437/362 4583/430/354
f 4583/430/354 4591/437/362 4592/438/363 4584/431/355
f 4584/431/355 4592/438/363 4593/439/364 4585/432/356
f 4585/432/356 4593/439/364 4586/296/357 4578/424/349
f 4586/296/357 4594/440/365 4595/441/366 4587/433/358
f 4587/433/358 4595/441/366 4596/442/367 4588/434/359
f 4588/434/359 4596/442/367 4597/443/368 4589/435/360
f 4589/435/360 4597/443/368 4598/444/369 4590/211/361
f 4590/436/361 4598/445/369 4599/446/370 4591/437/362
f 4591/437/362 4599/446/370 4600/447/371 4592/438/363
f 4592/438/363 4600/447/371 4601/448/372 4593/439/364
f 4593/439/364 4601/448/372 4594/440/365 4586/296/357
f 4594/440/365 4602/449/373 4603/450/374 4595/441/366
f 4595/441/366 4603/450/374 4604/451/375 4596/442/367
f 4596/442/367 4604/451/375 4605/452/376 4597/443/368
f 4597/443/368 4605/452/376 4606/453/377 4598/444/369
f 4598/445/369 4606/454/377 4607/455/378 4599/446/370
f 4599/446/370 4607/455/378 4608/456/379 4600/447/371
f 4600/447/371 4608/456/379 4609/457/380 4601/448/372
f 4601/448/372 4609/457/380 4602/449/373 4594/440/365
f 4602/449/373 4610/294/47 4611/458/381 4603/450/374
f 4603/450/374 4611/458/381 4612/459/382 4604/451/375
f 4604/451/375 4612/459/382 4613/460/383 4605/452/376
f 4605/452/376 4613/460/383 4614/207/288 4606/453/377
f 4606/454/377 4614/461/288 4615/462/384 4607/455/378
f 4607/455/378 4615/462/384 4616/463/385 4608/456/379
f 4608/456/379 4616/463/385 4617/464/386 4609/457/380
f 4609/457/380 4617/464/386 4610/294/47 4602/449/373
f 4610/294/47 4618/465/387 4619/466/388 4611/458/381
f 4611/458/381 4619/466/388 4620/467/389 4612/459/382
f 4612/459/382 4620/467/389 4621/468/390 4613/460/383
f 4613/460/383 4621/468/390 4622/469/391 4614/207/288
f 4614/461/288 4622/470/391 4623/471/392 4615/462/384
f 4615/462/384 4623/471/392 4624/472/393 4616/463/385
f 4616/463/385 4624/472/393 4625/473/394 4617/464/386
f 4617/464/386 4625/473/394 4618/465/387 4610/294/47
f 4618/465/387 4626/474/395 4627/475/396 4619/466/388
f 4619/466/388 4627/475/396 4628/476/397 4620/467/389
f 4620/467/389 4628/476/397 4629/477/398 4621/468/390
f 4621/468/390 4629/477/398 4630/478/399 4622/469/391
f 4622/470/391 4630/479/399 4631/480/400 4623/471/392
f 4623/471/392 4631/480/400 4632/481/401 4624/472/393
f 4624/472/393 4632/481/401 4633/482/402 4625/473/394
f 4625/473/394 4633/482/402 4626/474/395 4618/465/387
f 4626/474/395 4634/292/403 4635/483/404 4627/475/396
f 4627/475/396 4635/483/404 4636/484/405 4628/476/397
f 4628/476/397 4636/484/405 4637/485/406 4629/477/398
f 4629/477/398 4637/485/406 4638/203/407 4630/478/399
f 4630/479/399 4638/486/407 4639/487/408 4631/480/400
f 4631/480/400 4639/487/408 4640/488/409 4632/481/401
f 4632/481/401 4640/488/409 4641/489/410 4633/482/402
f 4633/482/402 4641/489/410 4634/292/403 4626/474/395
f 4634/292/403 4642/490/411 4643/491/412 4635/483/404
f 4635/483/404 4643/491/412 4644/492/413 4636/484/405
f 4636/484/405 4644/492/413 4645/493/414 4637/485/406
f 4637/485/406 4645/493/414 4646/494/415 4638/203/407
f 4638/486/407 4646/495/415 4647/496/416 4639/487/408
f 4639/487/408 4647/496/416 4648/497/417 4640/488/409
f 4640/488/409 4648/497/417 4649/498/418 4641/489/410
f 4641/489/410 4649/498/418 4642/490/411 4634/292/403
f 4642/490/411 4650/499/419 4651/500/420 4643/491/412
f 4643/491/412 4651/500/420 4652/501/421 4644/492/413
f 4644/492/413 4652/501/421 4653/502/422 4645/493/414
f 4645/493/414 4653/502/422 4654/503/423 4646/494/415
f 4646/495/415 4654/504/423 4655/505/424 4647/496/416
f 4647/496/416 4655/505/424 4656/506/425 4648/497/417
f 4648/497/417 4656/506/425 4657/507/426 4649/498/418
f 4649/498/418 4657/507/426 4650/499/419 4642/490/411
f 4650/499/419 4466/290/229 4467/301/242 4651/500/420
f 4651/500/420 4467/301/242 4468/303/243 4652/501/421
f 4652/501/421 4468/303/243 4469/305/244 4653/502/422
f 4653/502/422 4469/305/244 4470/199/237 4654/503/423
f 4654/504/423 4470/307/237 4471/310/245 4655/505/424
f 4655/505/424 4471/310/245 4472/312/246 4656/506/425
f 4656/506/425 4472/312/246 4473/314/247 4657/507/426
f 4657/507/426 4473/314/247 4466/290/229 4650/499/419
f 4658/290/241 4666/299/433 4667/300/434 4659/301/427
f 4659/301/427 4667/300/434 4668/302/435 4660/303/428
f 4660/303/428 4668/302/435 4669/304/436 4661/305/429
f 4661/305/429 4669/304/436 4670/306/437 4662/199/233
f 4662/307/233 4670/308/437 4671/309/438 4663/310/430
f 4663/310/430 4671/309/438 4672/311/439 4664/312/431
f 4664/312/431 4672/311/439 4673/313/440 4665/314/432
f 4665/314/432 4673/313/440 4666/299/433 4658/290/241
f 4666/299/433 4674/315/441 4675/316/442 4667/300/434
f 4667/300/434 4675/316/442 4676/317/443 4668/302/435
f 4668/302/435 4676/317/443 4677/318/444 4669/304/436
f 4669/304/436 4677/318/444 4678/319/445 4670/306/437
f 4670/308/437 4678/320/445 4679/321/446 4671/309/438
f 4671/309/438 4679/321/446 4680/322/447 4672/311/439
f 4672/311/439 4680/322/447 4681/323/448 4673/313/440
f 4673/313/440 4681/323/448 4674/315/441 4666/299/433
f 4674/315/441 4682/288/449 4683/324/450 4675/316/442
f 4675/316/442 4683/324/450 4684/325/451 4676/317/443
f 4676/317/443 4684/325/451 4685/326/452 4677/318/444
f 4677/318/444 4685/326/452 4686/195/453 4678/319/445
f 4678/320/445 4686/327/453 4687/328/454 4679/321/446
f 4679/321/446 4687/328/454 4688/329/455 4680/322/447
f 4680/322/447 4688/329/455 4689/330/456 4681/323/448
f 4681/323/448 4689/330/456 4682/288/449 4674/315/441
f 4682/288/449 4690/331/457 4691/332/458 4683/324/450
f 4683/324/450 4691/332/458 4692/333/459 4684/325/451
f 4684/325/451 4692/333/459 4693/334/460 4685/326/452
f 4685/326/452 4693/334/460 4694/335/461 4686/195/453
f 4686/327/453 4694/336/461 4695/337/462 4687/328/454
f 4687/328/454 4695/337/462 4696/338/463 4688/329/455
f 4688/329/455 4696/338/463 4697/339/464 4689/330/456
f 4689/330/456 4697/339/464 4690/331/457 4682/288/449
f 4690/331/457 4698/340/465 4699/341/466 4691/332/458
f 4691/332/458 4699/341/466 4700/342/624 4692/333/459
f 4692/333/459 4700/342/624 4701/343/468 4693/334/460
f 4693/334/460 4701/343/468 4702/344/469 4694/335/461
f 4694/336/461 4702/345/469 4703/346/470 4695/337/462
f 4695/337/462 4703/346/470 4704/347/471 4696/338/463
f 4696/338/463 4704/347/471 4705/348/472 4697/339/464
f 4697/339/464 4705/348/472 4698/340/465 4690/331/457
f 4698/340/465 4706/286/288 4707/349/473 4699/341/466
f 4699/341/466 4707/349/473 4708/350/474 4700/342/624
f 4700/342/624 4708/350/474 4709/351/475 4701/343/468
f 4701/343/468 4709/351/475 4710/191/47 4702/344/469
f 4702/345/469 4710/352/47 4711/353/476 4703/346/470
f 4703/346/470 4711/353/476 4712/354/477 4704/347/471
f 4704/347/471 4712/354/477 4713/355/478 4705/348/472
f 4705/348/472 4713/355/478 4706/286/288 4698/340/465
f 4706/286/288 4714/356/479 4715/357/480 4707/349/473
f 4707/349/473 4715/357/480 4716/358/623 4708/350/474
f 4708/350/474 4716/358/623 4717/359/482 4709/351/475
f 4709/351/475 4717/359/482 4718/360/483 4710/191/47
f 4710/352/47 4718/361/483 4719/362/484 4711/353/476
f 4711/353/476 4719/362/484 4720/363/485 4712/354/477
f 4712/354/477 4720/363/485 4721/364/486 4713/355/478
f 4713/355/478 4721/364/486 4714/356/479 4706/286/288
f 4714/356/479 4722/365/487 4723/366/488 4715/357/480
f 4715/357/480 4723/366/488 4724/367/489 4716/358/623
f 4716/358/623 4724/367/489 4725/368/490 4717/359/482
f 4717/359/482 4725/368/490 4726/369/491 4718/360/483
f 4718/361/483 4726/370/491 4727/371/492 4719/362/484
f 4719/362/484 4727/371/492 4728/372/493 4720/363/485
f 4720/363/485 4728/372/493 4729/373/494 4721/364/486
f 4721/364/486 4729/373/494 4722/365/487 4714/356/479
f 4722/365/487 4730/284/495 4731/374/496 4723/366/488
f 4723/366/488 4731/374/496 4732/375/497 4724/367/489
f 4724/367/489 4732/375/497 4733/376/498 4725/368/490
f 4725/368/490 4733/376/498 4734/187/499 4726/369/491
f 4726/370/491 4734/377/499 4735/378/500 4727/371/492
f 4727/371/492 4735/378/500 4736/379/501 4728/372/493
f 4728/372/493 4736/379/501 4737/380/502 4729/373/494
f 4729/373/494 4737/380/502 4730/284/495 4722/365/487
f 4730/284/495 4738/381/503 4739/382/504 4731/374/496
f 4731/374/496 4739/382/504 4740/383/505 4732/375/497
f 4732/375/497 4740/383/505 4741/384/506 4733/376/498
f 4733/376/498 4741/384/506 4742/385/507 4734/187/499
f 4734/377/499 4742/386/507 4743/387/508 4735/378/500
f 4735/378/500 4743/387/508 4744/388/509 4736/379/501
f 4736/379/501 4744/388/509 4745/389/510 4737/380/502
f 4737/380/502 4745/389/510 4738/381/503 4730/284/495
f 4738/381/503 4746/390/511 4747/391/512 4739/382/504
f 4739/382/504 4747/391/512 4748/392/513 4740/383/505
f 4740/383/505 4748/392/513 4749/393/514 4741/384/506
f 4741/384/506 4749/393/514 4750/394/515 4742/385/507
f 4742/386/507 4750/395/515 4751/396/516 4743/387/508
f 4743/387/508 4751/396/516 4752/397/517 4744/388/509
f 4744/388/509 4752/397/517 4753/398/518 4745/389/510
f 4745/389/510 4753/398/518 4746/390/511 4738/381/503
f 4746/390/511 4754/282/233 4755/399/519 4747/391/512
f 4747/391/512 4755/399/519 4756/400/520 4748/392/513
f 4748/392/513 4756/400/520 4757/401/521 4749/393/514
f 4749/393/514 4757/401/521 4758/184/241 4750/394/515
f 4750/395/515 4758/402/241 4759/403/522 4751/396/516
f 4751/396/516 4759/403/522 4760/404/523 4752/397/517
f 4752/397/517 4760/404/523 4761/405/524 4753/398/518
f 4753/398/518 4761/405/524 4754/282/233 4746/390/511
f 4754/406/233 4762/407/525 4763/408/526 4755/409/519
f 4755/409/519 4763/408/526 4764/410/527 4756/411/520
f 4756/411/520 4764/410/527 4765/412/528 4757/413/521
f 4757/413/521 4765/412/528 4766/414/529 4758/415/241
f 4758/416/241 4766/417/529 4767/418/530 4759/419/522
f 4759/419/522 4767/418/530 4768/420/531 4760/421/523
f 4760/421/523 4768/420/531 4769/422/532 4761/423/524
f 4761/423/524 4769/422/532 4762/407/525 4754/406/233
f 4762/407/525 4770/424/533 4771/425/534 4763/408/526
f 4763/408/526 4771/425/534 4772/426/535 4764/410/527
f 4764/410/527 4772/426/535 4773/427/536 4765/412/528
f 4765/412/528 4773/427/536 4774/428/537 4766/414/529
f 4766/417/529 4774/429/537 4775/430/538 4767/418/530
f 4767/418/530 4775/430/538 4776/431/539 4768/420/531
f 4768/420/531 4776/431/539 4777/432/540 4769/422/532
f 4769/422/532 4777/432/540 4770/424/533 4762/407/525
f 4770/424/533 4778/296/541 4779/433/542 4771/425/534
f 4771/425/534 4779/433/542 4780/434/543 4772/426/535
f 4772/426/535 4780/434/543 4781/435/544 4773/427/536
f 4773/427/536 4781/435/544 4782/211/545 4774/428/537
f 4774/429/537 4782/436/545 4783/437/546 4775/430/538
f 4775/430/538 4783/437/546 4784/438/547 4776/431/539
f 4776/431/539 4784/438/547 4785/439/548 4777/432/540
f 4777/432/540 4785/439/548 4778/296/541 4770/424/533
f 4778/296/541 4786/440/549 4787/441/550 4779/433/542
f 4779/433/542 4787/441/550 4788/442/551 4780/434/543
f 4780/434/543 4788/442/551 4789/443/552 4781/435/544
f 4781/435/544 4789/443/552 4790/444/553 4782/211/545
f 4782/436/545 4790/445/553 4791/446/554 4783/437/546
f 4783/437/546 4791/446/554 4792/447/555 4784/438/547
f 4784/438/547 4792/447/555 4793/448/556 4785/439/548
f 4785/439/548 4793/448/556 4786/440/549 4778/296/541
f 4786/440/549 4794/449/557 4795/450/558 4787/441/550
f 4787/441/550 4795/450/558 4796/451/613 4788/442/551
f 4788/442/551 4796/451/613 4797/452/560 4789/443/552
f 4789/443/552 4797/452/560 4798/453/561 4790/444/553
f 4790/445/553 4798/454/561 4799/455/562 4791/446/554
f 4791/446/554 4799/455/562 4800/456/563 4792/447/555
f 4792/447/555 4800/456/563 4801/457/564 4793/448/556
f 4793/448/556 4801/457/564 4794/449/557 4786/440/549
f 4794/449/557 4802/294/47 4803/458/565 4795/450/558
f 4795/450/558 4803/458/565 4804/459/566 4796/451/613
f 4796/451/613 4804/459/566 4805/460/567 4797/452/560
f 4797/452/560 4805/460/567 4806/207/288 4798/453/561
f 4798/454/561 4806/461/288 4807/462/568 4799/455/562
f 4799/455/562 4807/462/568 4808/463/569 4800/456/563
f 4800/456/563 4808/463/569 4809/464/570 4801/457/564
f 4801/457/564 4809/464/570 4802/294/47 4794/449/557
f 4802/294/47 4810/465/571 4811/466/572 4803/458/565
f 4803/458/565 4811/466/572 4812/467/573 4804/459/566
f 4804/459/566 4812/467/573 4813/468/574 4805/460/567
f 4805/460/567 4813/468/574 4814/469/575 4806/207/288
f 4806/461/288 4814/470/575 4815/471/576 4807/462/568
f 4807/462/568 4815/471/576 4816/472/577 4808/463/569
f 4808/463/569 4816/472/577 4817/473/578 4809/464/570
f 4809/464/570 4817/473/578 4810/465/571 4802/294/47
f 4810/465/571 4818/474/579 4819/475/580 4811/466/572
f 4811/466/572 4819/475/580 4820/476/581 4812/467/573
f 4812/467/573 4820/476/581 4821/477/582 4813/468/574
f 4813/468/574 4821/477/582 4822/478/583 4814/469/575
f 4814/470/575 4822/479/583 4823/480/584 4815/471/576
f 4815/471/576 4823/480/584 4824/481/585 4816/472/577
f 4816/472/577 4824/481/585 4825/482/586 4817/473/578
f 4817/473/578 4825/482/586 4818/474/579 4810/465/571
f 4818/474/579 4826/292/587 4827/483/588 4819/475/580
f 4819/475/580 4827/483/588 4828/484/589 4820/476/581
f 4820/476/581 4828/484/589 4829/485/590 4821/477/582
f 4821/477/582 4829/485/590 4830/203/591 4822/478/583
f 4822/479/583 4830/486/591 4831/487/592 4823/480/584
f 4823/480/584 4831/487/592 4832/488/593 4824/481/585
f 4824/481/585 4832/488/593 4833/489/594 4825/482/586
f 4825/482/586 4833/489/594 4826/292/587 4818/474/579
f 4826/292/587 4834/490/595 4835/491/596 4827/483/588
f 4827/483/588 4835/491/596 4836/492/597 4828/484/589
f 4828/484/589 4836/492/597 4837/493/598 4829/485/590
f 4829/485/590 4837/493/598 4838/494/599 4830/203/591
f 4830/486/591 4838/495/599 4839/496/600 4831/487/592
f 4831/487/592 4839/496/600 4840/497/601 4832/488/593
f 4832/488/593 4840/497/601 4841/498/602 4833/489/594
f 4833/489/594 4841/498/602 4834/490/595 4826/292/587
f 4834/490/595 4842/499/603 4843/500/604 4835/491/596
f 4835/491/596 4843/500/604 4844/501/605 4836/492/597
f 4836/492/597 4844/501/605 4845/502/606 4837/493/598
f 4837/493/598 4845/502/606 4846/503/607 4838/494/599
f 4838/495/599 4846/504/607 4847/505/608 4839/496/600
f 4839/496/600 4847/505/608 4848/506/609 4840/497/601
f 4840/497/601 4848/506/609 4849/507/610 4841/498/602
f 4841/498/602 4849/507/610 4842/499/603 4834/490/595
f 4842/499/603 4658/290/241 4659/301/427 4843/500/604
f 4843/500/604 4659/301/427 4660/303/428 4844/501/605
f 4844/501/605 4660/303/428 4661/305/429 4845/502/606
f 4845/502/606 4661/305/429 4662/199/233 4846/503/607
f 4846/504/607 4662/307/233 4663/310/430 4847/505/608
f 4847/505/608 4663/310/430 4664/312/431 4848/506/609
f 4848/506/609 4664/312/431 4665/314/432 4849/507/610
f 4849/507/610 4665/314/432 4658/290/241 4842/499/603
f 4850/290/229 4858/299/248 4859/300/249 4851/301/242
f 4851/301/242 4859/300/249 4860/302/250 4852/303/243
f 4852/303/243 4860/302/250 4861/304/251 4853/305/244
f 4853/305/244 4861/304/251 4862/306/252 4854/199/237
f 4854/307/237 4862/308/252 4863/309/253 4855/310/245
f 4855/310/245 4863/309/253 4864/311/254 4856/312/246
f 4856/312/246 4864/311/254 4865/313/255 4857/314/247
f 4857/314/247 4865/313/255 4858/299/248 4850/290/229
f 4858/299/248 4866/315/256 4867/316/257 4859/300/249
f 4859/300/249 4867/316/257 4868/317/258 4860/302/250
f 4860/302/250 4868/317/258 4869/318/259 4861/304/251
f 4861/304/251 4869/318/259 4870/319/260 4862/306/252
f 4862/308/252 4870/320/260 4871/321/261 4863/309/253
f 4863/309/253 4871/321/261 4872/322/262 4864/311/254
f 4864/311/254 4872/322/262 4873/323/263 4865/313/255
f 4865/313/255 4873/323/263 4866/315/256 4858/299/248
f 4866/315/256 4874/288/264 4875/324/265 4867/316/257
f 4867/316/257 4875/324/265 4876/325/266 4868/317/258
f 4868/317/258 4876/325/266 4877/326/267 4869/318/259
f 4869/318/259 4877/326/267 4878/195/268 4870/319/260
f 4870/320/260 4878/327/268 4879/328/269 4871/321/261
f 4871/321/261 4879/328/269 4880/329/270 4872/322/262
f 4872/322/262 4880/329/270 4881/330/271 4873/323/263
f 4873/323/263 4881/330/271 4874/288/264 4866/315/256
f 4874/288/264 4882/331/272 4883/332/273 4875/324/265
f 4875/324/265 4883/332/273 4884/333/274 4876/325/266
f 4876/325/266 4884/333/274 4885/334/275 4877/326/267
f 4877/326/267 4885/334/275 4886/335/276 4878/195/268
f 4878/327/268 4886/336/276 4887/337/277 4879/328/269
f 4879/328/269 4887/337/277 4888/338/278 4880/329/270
f 4880/329/270 4888/338/278 4889/339/279 4881/330/271
f 4881/330/271 4889/339/279 4882/331/272 4874/288/264
f 4882/331/272 4890/340/280 4891/341/281 4883/332/273
f 4883/332/273 4891/341/281 4892/342/282 4884/333/274
f 4884/333/274 4892/342/282 4893/343/283 4885/334/275
f 4885/334/275 4893/343/283 4894/344/284 4886/335/276
f 4886/336/276 4894/345/284 4895/346/285 4887/337/277
f 4887/337/277 4895/346/285 4896/347/286 4888/338/278
f 4888/338/278 4896/347/286 4897/348/287 4889/339/279
f 4889/339/279 4897/348/287 4890/340/280 4882/331/272
f 4890/340/280 4898/286/288 4899/349/289 4891/341/281
f 4891/341/281 4899/349/289 4900/350/290 4892/342/282
f 4892/342/282 4900/350/290 4901/351/291 4893/343/283
f 4893/343/283 4901/351/291 4902/191/47 4894/344/284
f 4894/345/284 4902/352/47 4903/353/292 4895/346/285
f 4895/346/285 4903/353/292 4904/354/293 4896/347/286
f 4896/347/286 4904/354/293 4905/355/294 4897/348/287
f 4897/348/287 4905/355/294 4898/286/288 4890/340/280
f 4898/286/288 4906/356/295 4907/357/296 4899/349/289
f 4899/349/289 4907/357/296 4908/358/297 4900/350/290
f 4900/350/290 4908/358/297 4909/359/298 4901/351/291
f 4901/351/291 4909/359/298 4910/360/299 4902/191/47
f 4902/352/47 4910/361/299 4911/362/300 4903/353/292
f 4903/353/292 4911/362/300 4912/363/301 4904/354/293
f 4904/354/293 4912/363/301 4913/364/302 4905/355/294
f 4905/355/294 4913/364/302 4906/356/295 4898/286/288
f 4906/356/295 4914/365/303 4915/366/304 4907/357/296
f 4907/357/296 4915/366/304 4916/367/305 4908/358/297
f 4908/358/297 4916/367/305 4917/368/306 4909/359/298
f 4909/359/298 4917/368/306 4918/369/307 4910/360/299
f 4910/361/299 4918/370/307 4919/371/308 4911/362/300
f 4911/362/300 4919/371/308 4920/372/309 4912/363/301
f 4912/363/301 4920/372/309 4921/373/310 4913/364/302
f 4913/364/302 4921/373/310 4914/365/303 4906/356/295
f 4914/365/303 4922/284/311 4923/374/312 4915/366/304
f 4915/366/304 4923/374/312 4924/375/313 4916/367/305
f 4916/367/305 4924/375/313 4925/376/314 4917/368/306
f 4917/368/306 4925/376/314 4926/187/315 4918/369/307
f 4918/370/307 4926/377/315 4927/378/316 4919/371/308
f 4919/371/308 4927/378/316 4928/379/317 4920/372/309
f 4920/372/309 4928/379/317 4929/380/318 4921/373/310
f 4921/373/310 4929/380/318 4922/284/311 4914/365/303
f 4922/284/311 4930/381/319 4931/382/320 4923/374/312
f 4923/374/312 4931/382/320 4932/383/321 4924/375/313
f 4924/375/313 4932/383/321 4933/384/322 4925/376/314
f 4925/376/314 4933/384/322 4934/385/611 4926/187/315
f 4926/377/315 4934/386/611 4935/387/324 4927/378/316
f 4927/378/316 4935/387/324 4936/388/325 4928/379/317
f 4928/379/317 4936/388/325 4937/389/326 4929/380/318
f 4929/380/318 4937/389/326 4930/381/319 4922/284/311
f 4930/381/319 4938/390/327 4939/391/328 4931/382/320
f 4931/382/320 4939/391/328 4940/392/329 4932/383/321
f 4932/383/321 4940/392/329 4941/393/330 4933/384/322
f 4933/384/322 4941/393/330 4942/394/331 4934/385/611
f 4934/386/611 4942/395/331 4943/396/332 4935/387/324
f 4935/387/324 4943/396/332 4944/397/333 4936/388/325
f 4936/388/325 4944/397/333 4945/398/334 4937/389/326
f 4937/389/326 4945/398/334 4938/390/327 4930/381/319
f 4938/390/327 4946/282/237 4947/399/335 4939/391/328
f 4939/391/328 4947/399/335 4948/400/336 4940/392/329
f 4940/392/329 4948/400/336 4949/401/337 4941/393/330
f 4941/393/330 4949/401/337 4950/184/229 4942/394/331
f 4942/395/331 4950/402/229 4951/403/338 4943/396/332
f 4943/396/332 4951/403/338 4952/404/339 4944/397/333
f 4944/397/333 4952/404/339 4953/405/340 4945/398/334
f 4945/398/334 4953/405/340 4946/282/237 4938/390/327
f 4946/406/237 4954/407/341 4955/408/342 4947/409/335
f 4947/409/335 4955/408/342 4956/410/343 4948/411/336
f 4948/411/336 4956/410/343 4957/412/344 4949/413/337
f 4949/413/337 4957/412/344 4958/414/345 4950/415/229
f 4950/416/229 4958/417/345 4959/418/346 4951/419/338
f 4951/419/338 4959/418/346 4960/420/347 4952/421/339
f 4952/421/339 4960/420/347 4961/422/348 4953/423/340
f 4953/423/340 4961/422/348 4954/407/341 4946/406/237
f 4954/407/341 4962/424/349 4963/425/350 4955/408/342
f 4955/408/342 4963/425/350 4964/426/351 4956/410/343
f 4956/410/343 4964/426/351 4965/427/352 4957/412/344
f 4957/412/344 4965/427/352 4966/428/353 4958/414/345
f 4958/417/345 4966/429/353 4967/430/354 4959/418/346
f 4959/418/346 4967/430/354 4968/431/355 4960/420/347
f 4960/420/347 4968/431/355 4969/432/356 4961/422/348
f 4961/422/348 4969/432/356 4962/424/349 4954/407/341
f 4962/424/349 4970/296/357 4971/433/358 4963/425/350
f 4963/425/350 4971/433/358 4972/434/359 4964/426/351
f 4964/426/351 4972/434/359 4973/435/360 4965/427/352
f 4965/427/352 4973/435/360 4974/211/361 4966/428/353
f 4966/429/353 4974/436/361 4975/437/362 4967/430/354
f 4967/430/354 4975/437/362 4976/438/363 4968/431/355
f 4968/431/355 4976/438/363 4977/439/364 4969/432/356
f 4969/432/356 4977/439/364 4970/296/357 4962/424/349
f 4970/296/357 4978/440/365 4979/441/629 4971/433/358
f 4971/433/358 4979/441/629 4980/442/367 4972/434/359
f 4972/434/359 4980/442/367 4981/443/368 4973/435/360
f 4973/435/360 4981/443/368 4982/444/369 4974/211/361
f 4974/436/361 4982/445/369 4983/446/370 4975/437/362
f 4975/437/362 4983/446/370 4984/447/371 4976/438/363
f 4976/438/363 4984/447/371 4985/448/630 4977/439/364
f 4977/439/364 4985/448/630 4978/440/365 4970/296/357
f 4978/440/365 4986/449/373 4987/450/374 4979/441/629
f 4979/441/629 4987/450/374 4988/451/375 4980/442/367
f 4980/442/367 4988/451/375 4989/452/376 4981/443/368
f 4981/443/368 4989/452/376 4990/453/377 4982/444/369
f 4982/445/369 4990/454/377 4991/455/378 4983/446/370
f 4983/446/370 4991/455/378 4992/456/379 4984/447/371
f 4984/447/371 4992/456/379 4993/457/380 4985/448/630
f 4985/448/630 4993/457/380 4986/449/373 4978/440/365
f 4986/449/373 4994/294/47 4995/458/381 4987/450/374
f 4987/450/374 4995/458/381 4996/459/382 4988/451/375
f 4988/451/375 4996/459/382 4997/460/383 4989/452/376
f 4989/452/376 4997/460/383 4998/207/288 4990/453/377
f 4990/454/377 4998/461/288 4999/462/384 4991/455/378
f 4991/455/378 4999/462/384 5000/463/385 4992/456/379
f 4992/456/379 5000/463/385 5001/464/386 4993/457/380
f 4993/457/380 5001/464/386 4994/294/47 4986/449/373
f 4994/294/47 5002/465/387 5003/466/388 4995/458/381
f 4995/458/381 5003/466/388 5004/467/389 4996/459/382
f 4996/459/382 5004/467/389 5005/468/390 4997/460/383
f 4997/460/383 5005/468/390 5006/469/391 4998/207/288
f 4998/461/288 5006/470/391 5007/471/392 4999/462/384
f 4999/462/384 5007/471/392 5008/472/393 5000/463/385
f 5000/463/385 5008/472/393 5009/473/394 5001/464/386
f 5001/464/386 5009/473/394 5002/465/387 4994/294/47
f 5002/465/387 5010/474/395 5011/475/396 5003/466/388
f 5003/466/388 5011/475/396 5012/476/397 5004/467/389
f 5004/467/389 5012/476/397 5013/477/398 5005/468/390
f 5005/468/390 5013/477/398 5014/478/399 5006/469/391
f 5006/470/391 5014/479/399 5015/480/400 5007/471/392
f 5007/471/392 5015/480/400 5016/481/401 5008/472/393
f 5008/472/393 5016/481/401 5017/482/402 5009/473/394
f 5009/473/394 5017/482/402 5010/474/395 5002/465/387
f 5010/474/395 5018/292/403 5019/483/404 5011/475/396
f 5011/475/396 5019/483/404 5020/484/405 5012/476/397
f 5012/476/397 5020/484/405 5021/485/406 5013/477/398
f 5013/477/398 5021/485/406 5022/203/407 5014/478/399
f 5014/479/399 5022/486/407 5023/487/408 5015/480/400
f 5015/480/400 5023/487/408 5024/488/409 5016/481/401
f 5016/481/401 5024/488/409 5025/489/410 5017/482/402
f 5017/482/402 5025/489/410 5018/292/403 5010/474/395
f 5018/292/403 5026/490/411 5027/491/412 5019/483/404
f 5019/483/404 5027/491/412 5028/492/413 5020/484/405
f 5020/484/405 5028/492/413 5029/493/414 5021/485/406
f 5021/485/406 5029/493/414 5030/494/415 5022/203/407
f 5022/486/407 5030/495/415 5031/496/416 5023/487/408
f 5023/487/408 5031/496/416 5032/497/417 5024/488/409
f 5024/488/409 5032/497/417 5033/498/418 5025/489/410
f 5025/489/410 5033/498/418 5026/490/411 5018/292/403
f 5026/490/411 5034/499/419 5035/500/420 5027/491/412
f 5027/491/412 5035/500/420 5036/501/421 5028/492/413
f 5028/492/413 5036/501/421 5037/502/422 5029/493/414
f 5029/493/414 5037/502/422 5038/503/423 5030/494/415
f 5030/495/415 5038/504/423 5039/505/424 5031/496/416
f 5031/496/416 5039/505/424 5040/506/425 5032/497/417
f 5032/497/417 5040/506/425 5041/507/426 5033/498/418
f 5033/498/418 5041/507/426 5034/499/419 5026/490/411
f 5034/499/419 4850/290/229 4851/301/242 5035/500/420
f 5035/500/420 4851/301/242 4852/303/243 5036/501/421
f 5036/501/421 4852/303/243 4853/305/244 5037/502/422
f 5037/502/422 4853/305/244 4854/199/237 5038/503/423
f 5038/504/423 4854/307/237 4855/310/245 5039/505/424
f 5039/505/424 4855/310/245 4856/312/246 5040/506/425
f 5040/506/425 4856/312/246 4857/314/247 5041/507/426
f 5041/507/426 4857/314/247 4850/290/229 5034/499/419
f 5042/290/241 5050/299/433 5051/300/434 5043/301/427
f 5043/301/427 5051/300/434 5052/302/435 5044/303/428
f 5044/303/428 5052/302/435 5053/304/436 5045/305/429
f 5045/305/429 5053/304/436 5054/306/437 5046/199/233
f 5046/307/233 5054/308/437 5055/309/438 5047/310/430
f 5047/310/430 5055/309/438 5056/311/439 5048/312/431
f 5048/312/431 5056/311/439 5057/313/440 5049/314/432
f 5049/314/432 5057/313/440 5050/299/433 5042/290/241
f 5050/299/433 5058/315/441 5059/316/442 5051/300/434
f 5051/300/434 5059/316/442 5060/317/443 5052/302/435
f 5052/302/435 5060/317/443 5061/318/444 5053/304/436
f 5053/304/436 5061/318/444 5062/319/445 5054/306/437
f 5054/308/437 5062/320/445 5063/321/446 5055/309/438
f 5055/309/438 5063/321/446 5064/322/447 5056/311/439
f 5056/311/439 5064/322/447 5065/323/448 5057/313/440
f 5057/313/440 5065/323/448 5058/315/441 5050/299/433
f 5058/315/441 5066/288/449 5067/324/450 5059/316/442
f 5059/316/442 5067/324/450 5068/325/451 5060/317/443
f 5060/317/443 5068/325/451 5069/326/452 5061/318/444
f 5061/318/444 5069/326/452 5070/195/453 5062/319/445
f 5062/320/445 5070/327/453 5071/328/454 5063/321/446
f 5063/321/446 5071/328/454 5072/329/455 5064/322/447
f 5064/322/447 5072/329/455 5073/330/456 5065/323/448
f 5065/323/448 5073/330/456 5066/288/449 5058/315/441
f 5066/288/449 5074/331/457 5075/332/458 5067/324/450
f 5067/324/450 5075/332/458 5076/333/459 5068/325/451
f 5068/325/451 5076/333/459 5077/334/460 5069/326/452
f 5069/326/452 5077/334/460 5078/335/461 5070/195/453
f 5070/327/453 5078/336/461 5079/337/462 5071/328/454
f 5071/328/454 5079/337/462 5080/338/463 5072/329/455
f 5072/329/455 5080/338/463 5081/339/464 5073/330/456
f 5073/330/456 5081/339/464 5074/331/457 5066/288/449
f 5074/331/457 5082/340/465 5083/341/466 5075/332/458
f 5075/332/458 5083/341/466 5084/342/467 5076/333/459
f 5076/333/459 5084/342/467 5085/343/468 5077/334/460
f 5077/334/460 5085/343/468 5086/344/469 5078/335/461
f 5078/336/461 5086/345/469 5087/346/470 5079/337/462
f 5079/337/462 5087/346/470 5088/347/471 5080/338/463
f 5080/338/463 5088/347/471 5089/348/472 5081/339/464
f 5081/339/464 5089/348/472 5082/340/465 5074/331/457
f 5082/340/465 5090/286/288 5091/349/473 5083/341/466
f 5083/341/466 5091/349/473 5092/350/474 5084/342/467
f 5084/342/467 5092/350/474 5093/351/475 5085/343/468
f 5085/343/468 5093/351/475 5094/191/47 5086/344/469
f 5086/345/469 5094/352/47 5095/353/476 5087/346/470
f 5087/346/470 5095/353/476 5096/354/477 5088/347/471
f 5088/347/471 5096/354/477 5097/355/478 5089/348/472
f 5089/348/472 5097/355/478 5090/286/288 5082/340/465
f 5090/286/288 5098/356/479 5099/357/631 5091/349/473
f 5091/349/473 5099/357/631 5100/358/481 5092/350/474
f 5092/350/474 5100/358/481 5101/359/482 5093/351/475
f 5093/351/475 5101/359/482 5102/360/483 5094/191/47
f 5094/352/47 5102/361/483 5103/362/484 5095/353/476
f 5095/353/476 5103/362/484 5104/363/485 5096/354/477
f 5096/354/477 5104/363/485 5105/364/632 5097/355/478
f 5097/355/478 5105/364/632 5098/356/479 5090/286/288
f 5098/356/479 5106/365/487 5107/366/488 5099/357/631
f 5099/357/631 5107/366/488 5108/367/489 5100/358/481
f 5100/358/481 5108/367/489 5109/368/490 5101/359/482
f 5101/359/482 5109/368/490 5110/369/491 5102/360/483
f 5102/361/483 5110/370/491 5111/371/492 5103/362/484
f 5103/362/484 5111/371/492 5112/372/493 5104/363/485
f 5104/363/485 5112/372/493 5113/373/494 5105/364/632
f 5105/364/632 5113/373/494 5106/365/487 5098/356/479
f 5106/365/487 5114/284/495 5115/374/496 5107/366/488
f 5107/366/488 5115/374/496 5116/375/497 5108/367/489
f 5108/367/489 5116/375/497 5117/376/498 5109/368/490
f 5109/368/490 5117/376/498 5118/187/499 5110/369/491
f 5110/370/491 5118/377/499 5119/378/500 5111/371/492
f 5111/371/492 5119/378/500 5120/379/501 5112/372/493
f 5112/372/493 5120/379/501 5121/380/502 5113/373/494
f 5113/373/494 5121/380/502 5114/284/495 5106/365/487
f 5114/284/495 5122/381/503 5123/382/504 5115/374/496
f 5115/374/496 5123/382/504 5124/383/505 5116/375/497
f 5116/375/497 5124/383/505 5125/384/506 5117/376/498
f 5117/376/498 5125/384/506 5126/385/507 5118/187/499
f 5118/377/499 5126/386/507 5127/387/508 5119/378/500
f 5119/378/500 5127/387/508 5128/388/509 5120/379/501
f 5120/379/501 5128/388/509 5129/389/510 5121/380/502
f 5121/380/502 5129/389/510 5122/381/503 5114/284/495
f 5122/381/503 5130/390/511 5131/391/512 5123/382/504
f 5123/382/504 5131/391/512 5132/392/513 5124/383/505
f 5124/383/505 5132/392/513 5133/393/514 5125/384/506
f 5125/384/506 5133/393/514 5134/394/515 5126/385/507
f 5126/386/507 5134/395/515 5135/396/516 5127/387/508
f 5127/387/508 5135/396/516 5136/397/517 5128/388/509
f 5128/388/509 5136/397/517 5137/398/518 5129/389/510
f 5129/389/510 5137/398/518 5130/390/511 5122/381/503
f 5130/390/511 5138/282/233 5139/399/519 5131/391/512
f 5131/391/512 5139/399/519 5140/400/520 5132/392/513
f 5132/392/513 5140/400/520 5141/401/521 5133/393/514
f 5133/393/514 5141/401/521 5142/184/241 5134/394/515
f 5134/395/515 5142/402/241 5143/403/522 5135/396/516
f 5135/396/516 5143/403/522 5144/404/523 5136/397/517
f 5136/397/517 5144/404/523 5145/405/524 5137/398/518
f 5137/398/518 5145/405/524 5138/282/233 5130/390/511
f 5138/406/233 5146/407/525 5147/408/526 5139/409/519
f 5139/409/519 5147/408/526 5148/410/527 5140/411/520
f 5140/411/520 5148/410/527 5149/412/528 5141/413/521
f 5141/413/521 5149/412/528 5150/414/529 5142/415/241
f 5142/416/241 5150/417/529 5151/418/530 5143/419/522
f 5143/419/522 5151/418/530 5152/420/531 5144/421/523
f 5144/421/523 5152/420/531 5153/422/532 5145/423/524
f 5145/423/524 5153/422/532 5146/407/525 5138/406/233
f 5146/407/525 5154/424/533 5155/425/534 5147/408/526
f 5147/408/526 5155/425/534 5156/426/535 5148/410/527
f 5148/410/527 5156/426/535 5157/427/536 5149/412/528
f 5149/412/528 5157/427/536 5158/428/537 5150/414/529
f 5150/417/529 5158/429/537 5159/430/538 5151/418/530
f 5151/418/530 5159/430/538 5160/431/539 5152/420/531
f 5152/420/531 5160/431/539 5161/432/540 5153/422/532
f 5153/422/532 5161/432/540 5154/424/533 5146/407/525
f 5154/424/533 5162/296/541 5163/433/542 5155/425/534
f 5155/425/534 5163/433/542 5164/434/543 5156/426/535
f 5156/426/535 5164/434/543 5165/435/544 5157/427/536
f 5157/427/536 5165/435/544 5166/211/545 5158/428/537
f 5158/429/537 5166/436/545 5167/437/546 5159/430/538
f 5159/430/538 5167/437/546 5168/438/547 5160/431/539
f 5160/431/539 5168/438/547 5169/439/548 5161/432/540
f 5161/432/540 5169/439/548 5162/296/541 5154/424/533
f 5162/296/541 5170/440/549 5171/441/550 5163/433/542
f 5163/433/542 5171/441/550 5172/442/551 5164/434/543
f 5164/434/543 5172/442/551 5173/443/552 5165/435/544
f 5165/435/544 5173/443/552 5174/444/553 5166/211/545
f 5166/436/545 5174/445/553 5175/446/554 5167/437/546
f 5167/437/546 5175/446/554 5176/447/555 5168/438/547
f 5168/438/547 5176/447/555 5177/448/556 5169/439/548
f 5169/439/548 5177/448/556 5170/440/549 5162/296/541
f 5170/440/549 5178/449/557 5179/450/558 5171/441/550
f 5171/441/550 5179/450/558 5180/451/613 5172/442/551
f 5172/442/551 5180/451/613 5181/452/560 5173/443/552
f 5173/443/552 5181/452/560 5182/453/561 5174/444/553
f 5174/445/553 5182/454/561 5183/455/562 5175/446/554
f 5175/446/554 5183/455/562 5184/456/563 5176/447/555
f 5176/447/555 5184/456/563 5185/457/564 5177/448/556
f 5177/448/556 5185/457/564 5178/449/557 5170/440/549
f 5178/449/557 5186/294/47 5187/458/565 5179/450/558
f 5179/450/558 5187/458/565 5188/459/633 5180/451/613
f 5180/451/613 5188/459/633 5189/460/567 5181/452/560
f 5181/452/560 5189/460/567 5190/207/288 5182/453/561
f 5182/454/561 5190/461/288 5191/462/568 5183/455/562
f 5183/455/562 5191/462/568 5192/463/634 5184/456/563
f 5184/456/563 5192/463/634 5193/464/570 5185/457/564
f 5185/457/564 5193/464/570 5186/294/47 5178/449/557
f 5186/294/47 5194/465/571 5195/466/572 5187/458/565
f 5187/458/565 5195/466/572 5196/467/573 5188/459/633
f 5188/459/633 5196/467/573 5197/468/574 5189/460/567
f 5189/460/567 5197/468/574 5198/469/575 5190/207/288
f 5190/461/288 5198/470/575 5199/471/576 5191/462/568
f 5191/462/568 5199/471/576 5200/472/577 5192/463/634
f 5192/463/634 5200/472/577 5201/473/578 5193/464/570
f 5193/464/570 5201/473/578 5194/465/571 5186/294/47
f 5194/465/571 5202/474/579 5203/475/580 5195/466/572
f 5195/466/572 5203/475/580 5204/476/581 5196/467/573
f 5196/467/573 5204/476/581 5205/477/582 5197/468/574
f 5197/468/574 5205/477/582 5206/478/583 5198/469/575
f 5198/470/575 5206/479/583 5207/480/584 5199/471/576
f 5199/471/576 5207/480/584 5208/481/585 5200/472/577
f 5200/472/577 5208/481/585 5209/482/586 5201/473/578
f 5201/473/578 5209/482/586 5202/474/579 5194/465/571
f 5202/474/579 5210/292/587 5211/483/588 5203/475/580
f 5203/475/580 5211/483/588 5212/484/589 5204/476/581
f 5204/476/581 5212/484/589 5213/485/590 5205/477/582
f 5205/477/582 5213/485/590 5214/203/591 5206/478/583
f 5206/479/583 5214/486/591 5215/487/592 5207/480/584
f 5207/480/584 5215/487/592 5216/488/593 5208/481/585
f 5208/481/585 5216/488/593 5217/489/594 5209/482/586
f 5209/482/586 5217/489/594 5210/292/587 5202/474/579
f 5210/292/587 5218/490/595 5219/491/596 5211/483/588
f 5211/483/588 5219/491/596 5220/492/597 5212/484/589
f 5212/484/589 5220/492/597 5221/493/598 5213/485/590
f 5213/485/590 5221/493/598 5222/494/599 5214/203/591
f 5214/486/591 5222/495/599 5223/496/600 5215/487/592
f 5215/487/592 5223/496/600 5224/497/601 5216/488/593
f 5216/488/593 5224/497/601 5225/498/602 5217/489/594
f 5217/489/594 5225/498/602 5218/490/595 5210/292/587
f 5218/490/595 5226/499/603 5227/500/604 5219/491/596
f 5219/491/596 5227/500/604 5228/501/605 5220/492/597
f 5220/492/597 5228/501/605 5229/502/606 5221/493/598
f 5221/493/598 5229/502/606 5230/503/607 5222/494/599
f 5222/495/599 5230/504/607 5231/505/608 5223/496/600
f 5223/496/600 5231/505/608 5232/506/609 5224/497/601
f 5224/497/601 5232/506/609 5233/507/610 5225/498/602
f 5225/498/602 5233/507/610 5226/499/603 5218/490/595
f 5226/499/603 5042/290/241 5043/301/427 5227/500/604
f 5227/500/604 5043/301/427 5044/303/428 5228/501/605
f 5228/501/605 5044/303/428 5045/305/429 5229/502/606
f 5229/502/606 5045/305/429 5046/199/233 5230/503/607
f 5230/504/607 5046/307/233 5047/310/430 5231/505/608
f 5231/505/608 5047/310/430 5048/312/431 5232/506/609
f 5232/506/609 5048/312/431 5049/314/432 5233/507/610
f 5233/507/610 5049/314/432 5042/290/241 5226/499/603
f 5234/290/229 5242/299/248 5243/300/249 5235/301/242
f 5235/301/242 5243/300/249 5244/302/250 5236/303/243
f 5236/303/243 5244/302/250 5245/304/251 5237/305/244
f 5237/305/244 5245/304/251 5246/306/252 5238/199/237
f 5238/307/237 5246/308/252 5247/309/253 5239/310/245
f 5239/310/245 5247/309/253 5248/311/254 5240/312/246
f 5240/312/246 5248/311/254 5249/313/255 5241/314/247
f 5241/314/247 5249/313/255 5242/299/248 5234/290/229
f 5242/299/248 5250/315/256 5251/316/257 5243/300/249
f 5243/300/249 5251/316/257 5252/317/258 5244/302/250
f 5244/302/250 5252/317/258 5253/318/259 5245/304/251
f 5245/304/251 5253/318/259 5254/319/260 5246/306/252
f 5246/308/252 5254/320/260 5255/321/261 5247/309/253
f 5247/309/253 5255/321/261 5256/322/262 5248/311/254
f 5248/311/254 5256/322/262 5257/323/263 5249/313/255
f 5249/313/255 5257/323/263 5250/315/256 5242/299/248
f 5250/315/256 5258/288/264 5259/324/265 5251/316/257
f 5251/316/257 5259/324/265 5260/325/266 5252/317/258
f 5252/317/258 5260/325/266 5261/326/267 5253/318/259
f 5253/318/259 5261/326/267 5262/195/268 5254/319/260
f 5254/320/260 5262/327/268 5263/328/269 5255/321/261
f 5255/321/261 5263/328/269 5264/329/270 5256/322/262
f 5256/322/262 5264/329/270 5265/330/271 5257/323/263
f 5257/323/263 5265/330/271 5258/288/264 5250/315/256
f 5258/288/264 5266/331/272 5267/332/273 5259/324/265
f 5259/324/265 5267/332/273 5268/333/274 5260/325/266
f 5260/325/266 5268/333/274 5269/334/275 5261/326/267
f 5261/326/267 5269/334/275 5270/335/276 5262/195/268
f 5262/327/268 5270/336/276 5271/337/277 5263/328/269
f 5263/328/269 5271/337/277 5272/338/278 5264/329/270
f 5264/329/270 5272/338/278 5273/339/279 5265/330/271
f 5265/330/271 5273/339/279 5266/331/272 5258/288/264
f 5266/331/272 5274/340/280 5275/341/281 5267/332/273
f 5267/332/273 5275/341/281 5276/342/635 5268/333/274
f 5268/333/274 5276/342/635 5277/343/636 5269/334/275
f 5269/334/275 5277/343/636 5278/344/284 5270/335/276
f 5270/336/276 5278/345/284 5279/346/285 5271/337/277
f 5271/337/277 5279/346/285 5280/347/637 5272/338/278
f 5272/338/278 5280/347/637 5281/348/287 5273/339/279
f 5273/339/279 5281/348/287 5274/340/280 5266/331/272
f 5274/340/280 5282/286/288 5283/349/289 5275/341/281
f 5275/341/281 5283/349/289 5284/350/290 5276/342/635
f 5276/342/635 5284/350/290 5285/351/291 5277/343/636
f 5277/343/636 5285/351/291 5286/191/47 5278/344/284
f 5278/345/284 5286/352/47 5287/353/292 5279/346/285
f 5279/346/285 5287/353/292 5288/354/293 5280/347/637
f 5280/347/637 5288/354/293 5289/355/294 5281/348/287
f 5281/348/287 5289/355/294 5282/286/288 5274/340/280
f 5282/286/288 5290/356/295 5291/357/296 5283/349/289
f 5283/349/289 5291/357/296 5292/358/638 5284/350/290
f 5284/350/290 5292/358/638 5293/359/639 5285/351/291
f 5285/351/291 5293/359/639 5294/360/299 5286/191/47
f 5286/352/47 5294/361/299 5295/362/300 5287/353/292
f 5287/353/292 5295/362/300 5296/363/640 5288/354/293
f 5288/354/293 5296/363/640 5297/364/302 5289/355/294
f 5289/355/294 5297/364/302 5290/356/295 5282/286/288
f 5290/356/295 5298/365/303 5299/366/615 5291/357/296
f 5291/357/296 5299/366/615 5300/367/305 5292/358/638
f 5292/358/638 5300/367/305 5301/368/306 5293/359/639
f 5293/359/639 5301/368/306 5302/369/307 5294/360/299
f 5294/361/299 5302/370/307 5303/371/308 5295/362/300
f 5295/362/300 5303/371/308 5304/372/309 5296/363/640
f 5296/363/640 5304/372/309 5305/373/616 5297/364/302
f 5297/364/302 5305/373/616 5298/365/303 5290/356/295
f 5298/365/303 5306/284/311 5307/374/312 5299/366/615
f 5299/366/615 5307/374/312 5308/375/313 5300/367/305
f 5300/367/305 5308/375/313 5309/376/314 5301/368/306
f 5301/368/306 5309/376/314 5310/187/315 5302/369/307
f 5302/370/307 5310/377/315 5311/378/316 5303/371/308
f 5303/371/308 5311/378/316 5312/379/317 5304/372/309
f 5304/372/309 5312/379/317 5313/380/318 5305/373/616
f 5305/373/616 5313/380/318 5306/284/311 5298/365/303
f 5306/284/311 5314/381/319 5315/382/320 5307/374/312
f 5307/374/312 5315/382/320 5316/383/321 5308/375/313
f 5308/375/313 5316/383/321 5317/384/322 5309/376/314
f 5309/376/314 5317/384/322 5318/385/323 5310/187/315
f 5310/377/315 5318/386/323 5319/387/324 5311/378/316
f 5311/378/316 5319/387/324 5320/388/325 5312/379/317
f 5312/379/317 5320/388/325 5321/389/326 5313/380/318
f 5313/380/318 5321/389/326 5314/381/319 5306/284/311
f 5314/381/319 5322/390/327 5323/391/328 5315/382/320
f 5315/382/320 5323/391/328 5324/392/329 5316/383/321
f 5316/383/321 5324/392/329 5325/393/330 5317/384/322
f 5317/384/322 5325/393/330 5326/394/331 5318/385/323
f 5318/386/323 5326/395/331 5327/396/332 5319/387/324
f 5319/387/324 5327/396/332 5328/397/333 5320/388/325
f 5320/388/325 5328/397/333 5329/398/334 5321/389/326
f 5321/389/326 5329/398/334 5322/390/327 5314/381/319
f 5322/390/327 5330/282/237 5331/399/335 5323/391/328
f 5323/391/328 5331/399/335 5332/400/336 5324/392/329
f 5324/392/329 5332/400/336 5333/401/337 5325/393/330
f 5325/393/330 5333/401/337 5334/184/229 5326/394/331
f 5326/395/331 5334/402/229 5335/403/338 5327/396/332
f 5327/396/332 5335/403/338 5336/404/339 5328/397/333
f 5328/397/333 5336/404/339 5337/405/340 5329/398/334
f 5329/398/334 5337/405/340 5330/282/237 5322/390/327
f 5330/406/237 5338/407/341 5339/408/342 5331/409/335
f 5331/409/335 5339/408/342 5340/410/343 5332/411/336
f 5332/411/336 5340/410/343 5341/412/344 5333/413/337
f 5333/413/337 5341/412/344 5342/414/345 5334/415/229
f 5334/416/229 5342/417/345 5343/418/346 5335/419/338
f 5335/419/338 5343/418/346 5344/420/347 5336/421/339
f 5336/421/339 5344/420/347 5345/422/348 5337/423/340
f 5337/423/340 5345/422/348 5338/407/341 5330/406/237
f 5338/407/341 5346/424/349 5347/425/350 5339/408/342
f 5339/408/342 5347/425/350 5348/426/351 5340/410/343
f 5340/410/343 5348/426/351 5349/427/352 5341/412/344
f 5341/412/344 5349/427/352 5350/428/612 5342/414/345
f 5342/417/345 5350/429/612 5351/430/354 5343/418/346
f 5343/418/346 5351/430/354 5352/431/355 5344/420/347
f 5344/420/347 5352/431/355 5353/432/356 5345/422/348
f 5345/422/348 5353/432/356 5346/424/349 5338/407/341
f 5346/424/349 5354/296/357 5355/433/358 5347/425/350
f 5347/425/350 5355/433/358 5356/434/359 5348/426/351
f 5348/426/351 5356/434/359 5357/435/360 5349/427/352
f 5349/427/352 5357/435/360 5358/211/361 5350/428/612
f 5350/429/612 5358/436/361 5359/437/362 5351/430/354
f 5351/430/354 5359/437/362 5360/438/363 5352/431/355
f 5352/431/355 5360/438/363 5361/439/364 5353/432/356
f 5353/432/356 5361/439/364 5354/296/357 5346/424/349
f 5354/296/357 5362/440/365 5363/441/366 5355/433/358
f 5355/433/358 5363/441/366 5364/442/367 5356/434/359
f 5356/434/359 5364/442/367 5365/443/368 5357/435/360
f 5357/435/360 5365/443/368 5366/444/369 5358/211/361
f 5358/436/361 5366/445/369 5367/446/370 5359/437/362
f 5359/437/362 5367/446/370 5368/447/371 5360/438/363
f 5360/438/363 5368/447/371 5369/448/372 5361/439/364
f 5361/439/364 5369/448/372 5362/440/365 5354/296/357
f 5362/440/365 5370/449/373 5371/450/374 5363/441/366
f 5363/441/366 5371/450/374 5372/451/375 5364/442/367
f 5364/442/367 5372/451/375 5373/452/376 5365/443/368
f 5365/443/368 5373/452/376 5374/453/377 5366/444/369
f 5366/445/369 5374/454/377 5375/455/378 5367/446/370
f 5367/446/370 5375/455/378 5376/456/379 5368/447/371
f 5368/447/371 5376/456/379 5377/457/380 5369/448/372
f 5369/448/372 5377/457/380 5370/449/373 5362/440/365
f 5370/449/373 5378/294/47 5379/458/381 5371/450/374
f 5371/450/374 5379/458/381 5380/459/382 5372/451/375
f 5372/451/375 5380/459/382 5381/460/383 5373/452/376
f 5373/452/376 5381/460/383 5382/207/288 5374/453/377
f 5374/454/377 5382/461/288 5383/462/384 5375/455/378
f 5375/455/378 5383/462/384 5384/463/385 5376/456/379
f 5376/456/379 5384/463/385 5385/464/386 5377/457/380
f 5377/457/380 5385/464/386 5378/294/47 5370/449/373
f 5378/294/47 5386/465/387 5387/466/388 5379/458/381
f 5379/458/381 5387/466/388 5388/467/389 5380/459/382
f 5380/459/382 5388/467/389 5389/468/390 5381/460/383
f 5381/460/383 5389/468/390 5390/469/391 5382/207/288
f 5382/461/288 5390/470/391 5391/471/392 5383/462/384
f 5383/462/384 5391/471/392 5392/472/393 5384/463/385
f 5384/463/385 5392/472/393 5393/473/394 5385/464/386
f 5385/464/386 5393/473/394 5386/465/387 5378/294/47
f 5386/465/387 5394/474/395 5395/475/396 5387/466/388
f 5387/466/388 5395/475/396 5396/476/397 5388/467/389
f 5388/467/389 5396/476/397 5397/477/398 5389/468/390
f 5389/468/390 5397/477/398 5398/478/399 5390/469/391
f 5390/470/391 5398/479/399 5399/480/400 5391/471/392
f 5391/471/392 5399/480/400 5400/481/401 5392/472/393
f 5392/472/393 5400/481/401 5401/482/402 5393/473/394
f 5393/473/394 5401/482/402 5394/474/395 5386/465/387
f 5394/474/395 5402/292/403 5403/483/404 5395/475/396
f 5395/475/396 5403/483/404 5404/484/405 5396/476/397
f 5396/476/397 5404/484/405 5405/485/406 5397/477/398
f 5397/477/398 5405/485/406 5406/203/407 5398/478/399
f 5398/479/399 5406/486/407 5407/487/408 5399/480/400
f 5399/480/400 5407/487/408 5408/488/409 5400/481/401
f 5400/481/401 5408/488/409 5409/489/410 5401/482/402
f 5401/482/402 5409/489/410 5402/292/403 5394/474/395
f 5402/292/403 5410/490/411 5411/491/412 5403/483/404
f 5403/483/404 5411/491/412 5412/492/413 5404/484/405
f 5404/484/405 5412/492/413 5413/493/414 5405/485/406
f 5405/485/406 5413/493/414 5414/494/415 5406/203/407
f 5406/486/407 5414/495/415 5415/496/416 5407/487/408
f 5407/487/408 5415/496/416 5416/497/417 5408/488/409
f 5408/488/409 5416/497/417 5417/498/418 5409/489/410
f 5409/489/410 5417/498/418 5410/490/411 5402/292/403
f 5410/490/411 5418/499/419 5419/500/617 5411/491/412
f 5411/491/412 5419/500/617 5420/501/421 5412/492/413
f 5412/492/413 5420/501/421 5421/502/422 5413/493/414
f 5413/493/414 5421/502/422 5422/503/423 5414/494/415
f 5414/495/415 5422/504/423 5423/505/424 5415/496/416
f 5415/496/416 5423/505/424 5424/506/425 5416/497/417
f 5416/497/417 5424/506/425 5425/507/426 5417/498/418
f 5417/498/418 5425/507/426 5418/499/419 5410/490/411
f 5418/499/419 5234/290/229 5235/301/242 5419/500/617
f 5419/500/617 5235/301/242 5236/303/243 5420/501/421
f 5420/501/421 5236/303/243 5237/305/244 5421/502/422
f 5421/502/422 5237/305/244 5238/199/237 5422/503/423
f 5422/504/423 5238/307/237 5239/310/245 5423/505/424
f 5423/505/424 5239/310/245 5240/312/246 5424/506/425
f 5424/506/425 5240/312/246 5241/314/247 5425/507/426
f 5425/507/426 5241/314/247 5234/290/229 5418/499/419
f 5426/290/241 5434/299/433 5435/300/434 5427/301/427
f 5427/301/427 5435/300/434 5436/302/435 5428/303/428
f 5428/303/428 5436/302/435 5437/304/436 5429/305/429
f 5429/305/429 5437/304/436 5438/306/437 5430/199/233
f 5430/307/233 5438/308/437 5439/309/438 5431/310/430
f 5431/310/430 5439/309/438 5440/311/439 5432/312/431
f 5432/312/431 5440/311/439 5441/313/440 5433/314/432
f 5433/314/432 5441/313/440 5434/299/433 5426/290/241
f 5434/299/433 5442/315/441 5443/316/442 5435/300/434
f 5435/300/434 5443/316/442 5444/317/443 5436/302/435
f 5436/302/435 5444/317/443 5445/318/444 5437/304/436
f 5437/304/436 5445/318/444 5446/319/445 5438/306/437
f 5438/308/437 5446/320/445 5447/321/446 5439/309/438
f 5439/309/438 5447/321/446 5448/322/447 5440/311/439
f 5440/311/439 5448/322/447 5449/323/448 5441/313/440
f 5441/313/440 5449/323/448 5442/315/441 5434/299/433
f 5442/315/441 5450/288/449 5451/324/450 5443/316/442
f 5443/316/442 5451/324/450 5452/325/451 5444/317/443
f 5444/317/443 5452/325/451 5453/326/452 5445/318/444
f 5445/318/444 5453/326/452 5454/195/453 5446/319/445
f 5446/320/445 5454/327/453 5455/328/454 5447/321/446
f 5447/321/446 5455/328/454 5456/329/455 5448/322/447
f 5448/322/447 5456/329/455 5457/330/456 5449/323/448
f 5449/323/448 5457/330/456 5450/288/449 5442/315/441
f 5450/288/449 5458/331/457 5459/332/625 5451/324/450
f 5451/324/450 5459/332/625 5460/333/459 5452/325/451
f 5452/325/451 5460/333/459 5461/334/460 5453/326/452
f 5453/326/452 5461/334/460 5462/335/461 5454/195/453
f 5454/327/453 5462/336/461 5463/337/462 5455/328/454
f 5455/328/454 5463/337/462 5464/338/463 5456/329/455
f 5456/329/455 5464/338/463 5465/339/626 5457/330/456
f 5457/330/456 5465/339/626 5458/331/457 5450/288/449
f 5458/331/457 5466/340/465 5467/341/466 5459/332/625
f 5459/332/625 5467/341/466 5468/342/624 5460/333/459
f 5460/333/459 5468/342/624 5469/343/468 5461/334/460
f 5461/334/460 5469/343/468 5470/344/469 5462/335/461
f 5462/336/461 5470/345/469 5471/346/470 5463/337/462
f 5463/337/462 5471/346/470 5472/347/641 5464/338/463
f 5464/338/463 5472/347/641 5473/348/472 5465/339/626
f 5465/339/626 5473/348/472 5466/340/465 5458/331/457
f 5466/340/465 5474/286/288 5475/349/473 5467/341/466
f 5467/341/466 5475/349/473 5476/350/474 5468/342/624
f 5468/342/624 5476/350/474 5477/351/475 5469/343/468
f 5469/343/468 5477/351/475 5478/191/47 5470/344/469
f 5470/345/469 5478/352/47 5479/353/476 5471/346/470
f 5471/346/470 5479/353/476 5480/354/477 5472/347/641
f 5472/347/641 5480/354/477 5481/355/478 5473/348/472
f 5473/348/472 5481/355/478 5474/286/288 5466/340/465
f 5474/286/288 5482/356/479 5483/357/480 5475/349/473
f 5475/349/473 5483/357/480 5484/358/623 5476/350/474
f 5476/350/474 5484/358/623 5485/359/482 5477/351/475
f 5477/351/475 5485/359/482 5486/360/483 5478/191/47
f 5478/352/47 5486/361/483 5487/362/484 5479/353/476
f 5479/353/476 5487/362/484 5488/363/642 5480/354/477
f 5480/354/477 5488/363/642 5489/364/486 5481/355/478
f 5481/355/478 5489/364/486 5482/356/479 5474/286/288
f 5482/356/479 5490/365/487 5491/366/627 5483/357/480
f 5483/357/480 5491/366/627 5492/367/489 5484/358/623
f 5484/358/623 5492/367/489 5493/368/490 5485/359/482
f 5485/359/482 5493/368/490 5494/369/491 5486/360/483
f 5486/361/483 5494/370/491 5495/371/492 5487/362/484
f 5487/362/484 5495/371/492 5496/372/493 5488/363/642
f 5488/363/642 5496/372/493 5497/373/628 5489/364/486
f 5489/364/486 5497/373/628 5490/365/487 5482/356/479
f 5490/365/487 5498/284/495 5499/374/496 5491/366/627
f 5491/366/627 5499/374/496 5500/375/497 5492/367/489
f 5492/367/489 5500/375/497 5501/376/498 5493/368/490
f 5493/368/490 5501/376/498 5502/187/499 5494/369/491
f 5494/370/491 5502/377/499 5503/378/500 5495/371/492
f 5495/371/492 5503/378/500 5504/379/501 5496/372/493
f 5496/372/493 5504/379/501 5505/380/502 5497/373/628
f 5497/373/628 5505/380/502 5498/284/495 5490/365/487
f 5498/284/495 5506/381/503 5507/382/504 5499/374/496
f 5499/374/496 5507/382/504 5508/383/505 5500/375/497
f 5500/375/497 5508/383/505 5509/384/506 5501/376/498
f 5501/376/498 5509/384/506 5510/385/507 5502/187/499
f 5502/377/499 5510/386/507 5511/387/508 5503/378/500
f 5503/378/500 5511/387/508 5512/388/509 5504/379/501
f 5504/379/501 5512/388/509 5513/389/510 5505/380/502
f 5505/380/502 5513/389/510 5506/381/503 5498/284/495
f 5506/381/503 5514/390/511 5515/391/512 5507/382/504
f 5507/382/504 5515/391/512 5516/392/513 5508/383/505
f 5508/383/505 5516/392/513 5517/393/514 5509/384/506
f 5509/384/506 5517/393/514 5518/394/515 5510/385/507
f 5510/386/507 5518/395/515 5519/396/516 5511/387/508
f 5511/387/508 5519/396/516 5520/397/517 5512/388/509
f 5512/388/509 5520/397/517 5521/398/518 5513/389/510
f 5513/389/510 5521/398/518 5514/390/511 5506/381/503
f 5514/390/511 5522/282/233 5523/399/519 5515/391/512
f 5515/391/512 5523/399/519 5524/400/520 5516/392/513
f 5516/392/513 5524/400/520 5525/401/521 5517/393/514
f 5517/393/514 5525/401/521 5526/184/241 5518/394/515
f 5518/395/515 5526/402/241 5527/403/522 5519/396/516
f 5519/396/516 5527/403/522 5528/404/523 5520/397/517
f 5520/397/517 5528/404/523 5529/405/524 5521/398/518
f 5521/398/518 5529/405/524 5522/282/233 5514/390/511
f 5522/406/233 5530/407/525 5531/408/526 5523/409/519
f 5523/409/519 5531/408/526 5532/410/527 5524/411/520
f 5524/411/520 5532/410/527 5533/412/528 5525/413/521
f 5525/413/521 5533/412/528 5534/414/529 5526/415/241
f 5526/416/241 5534/417/529 5535/418/530 5527/419/522
f 5527/419/522 5535/418/530 5536/420/531 5528/421/523
f 5528/421/523 5536/420/531 5537/422/532 5529/423/524
f 5529/423/524 5537/422/532 5530/407/525 5522/406/233
f 5530/407/525 5538/424/533 5539/425/534 5531/408/526
f 5531/408/526 5539/425/534 5540/426/535 5532/410/527
f 5532/410/527 5540/426/535 5541/427/536 5533/412/528
f 5533/412/528 5541/427/536 5542/428/537 5534/414/529
f 5534/417/529 5542/429/537 5543/430/538 5535/418/530
f 5535/418/530 5543/430/538 5544/431/539 5536/420/531
f 5536/420/531 5544/431/539 5545/432/540 5537/422/532
f 5537/422/532 5545/432/540 5538/424/533 5530/407/525
f 5538/424/533 5546/296/541 5547/433/542 5539/425/534
f 5539/425/534 5547/433/542 5548/434/543 5540/426/535
f 5540/426/535 5548/434/543 5549/435/544 5541/427/536
f 5541/427/536 5549/435/544 5550/211/545 5542/428/537
f 5542/429/537 5550/436/545 5551/437/546 5543/430/538
f 5543/430/538 5551/437/546 5552/438/547 5544/431/539
f 5544/431/539 5552/438/547 5553/439/548 5545/432/540
f 5545/432/540 5553/439/548 5546/296/541 5538/424/533
f 5546/296/541 5554/440/549 5555/441/550 5547/433/542
f 5547/433/542 5555/441/550 5556/442/551 5548/434/543
f 5548/434/543 5556/442/551 5557/443/552 5549/435/544
f 5549/435/544 5557/443/552 5558/444/553 5550/211/545
f 5550/436/545 5558/445/553 5559/446/554 5551/437/546
f 5551/437/546 5559/446/554 5560/447/555 5552/438/547
f 5552/438/547 5560/447/555 5561/448/556 5553/439/548
f 5553/439/548 5561/448/556 5554/440/549 5546/296/541
f 5554/440/549 5562/449/557 5563/450/558 5555/441/550
f 5555/441/550 5563/450/558 5564/451/613 5556/442/551
f 5556/442/551 5564/451/613 5565/452/560 5557/443/552
f 5557/443/552 5565/452/560 5566/453/561 5558/444/553
f 5558/445/553 5566/454/561 5567/455/562 5559/446/554
f 5559/446/554 5567/455/562 5568/456/563 5560/447/555
f 5560/447/555 5568/456/563 5569/457/564 5561/448/556
f 5561/448/556 5569/457/564 5562/449/557 5554/440/549
f 5562/449/557 5570/294/47 5571/458/565 5563/450/558
f 5563/450/558 5571/458/565 5572/459/633 5564/451/613
f 5564/451/613 5572/459/633 5573/460/643 5565/452/560
f 5565/452/560 5573/460/643 5574/207/288 5566/453/561
f 5566/454/561 5574/461/288 5575/462/644 5567/455/562
f 5567/455/562 5575/462/644 5576/463/634 5568/456/563
f 5568/456/563 5576/463/634 5577/464/570 5569/457/564
f 5569/457/564 5577/464/570 5570/294/47 5562/449/557
f 5570/294/47 5578/465/571 5579/466/572 5571/458/565
f 5571/458/565 5579/466/572 5580/467/573 5572/459/633
f 5572/459/633 5580/467/573 5581/468/574 5573/460/643
f 5573/460/643 5581/468/574 5582/469/575 5574/207/288
f 5574/461/288 5582/470/575 5583/471/576 5575/462/644
f 5575/462/644 5583/471/576 5584/472/577 5576/463/634
f 5576/463/634 5584/472/577 5585/473/578 5577/464/570
f 5577/464/570 5585/473/578 5578/465/571 5570/294/47
f 5578/465/571 5586/474/579 5587/475/580 5579/466/572
f 5579/466/572 5587/475/580 5588/476/581 5580/467/573
f 5580/467/573 5588/476/581 5589/477/582 5581/468/574
f 5581/468/574 5589/477/582 5590/478/583 5582/469/575
f 5582/470/575 5590/479/583 5591/480/584 5583/471/576
f 5583/471/576 5591/480/584 5592/481/585 5584/472/577
f 5584/472/577 5592/481/585 5593/482/586 5585/473/578
f 5585/473/578 5593/482/586 5586/474/579 5578/465/571
f 5586/474/579 5594/292/587 5595/483/588 5587/475/580
f 5587/475/580 5595/483/588 5596/484/589 5588/476/581
f 5588/476/581 5596/484/589 5597/485/590 5589/477/582
f 5589/477/582 5597/485/590 5598/203/591 5590/478/583
f 5590/479/583 5598/486/591 5599/487/592 5591/480/584
f 5591/480/584 5599/487/592 5600/488/593 5592/481/585
f 5592/481/585 5600/488/593 5601/489/594 5593/482/586
f 5593/482/586 5601/489/594 5594/292/587 5586/474/579
f 5594/292/587 5602/490/595 5603/491/596 5595/483/588
f 5595/483/588 5603/491/596 5604/492/597 5596/484/589
f 5596/484/589 5604/492/597 5605/493/598 5597/485/590
f 5597/485/590 5605/493/598 5606/494/599 5598/203/591
f 5598/486/591 5606/495/599 5607/496/600 5599/487/592
f 5599/487/592 5607/496/600 5608/497/601 5600/488/593
f 5600/488/593 5608/497/601 5609/498/602 5601/489/594
f 5601/489/594 5609/498/602 5602/490/595 5594/292/587
f 5602/490/595 5610/499/603 5611/500/604 5603/491/596
f 5603/491/596 5611/500/604 5612/501/605 5604/492/597
f 5604/492/597 5612/501/605 5613/502/606 5605/493/598
f 5605/493/598 5613/502/606 5614/503/607 5606/494/599
f 5606/495/599 5614/504/607 5615/505/608 5607/496/600
f 5607/496/600 5615/505/608 5616/506/609 5608/497/601
f 5608/497/601 5616/506/609 5617/507/610 5609/498/602
f 5609/498/602 5617/507/610 5610/499/603 5602/490/595
f 5610/499/603 5426/290/241 5427/301/427 5611/500/604
f 5611/500/604 5427/301/427 5428/303/428 5612/501/605
f 5612/501/605 5428/303/428 5429/305/429 5613/502/606
f 5613/502/606 5429/305/429 5430/199/233 5614/503/607
f 5614/504/607 5430/307/233 5431/310/430 5615/505/608
f 5615/505/608 5431/310/430 5432/312/431 5616/506/609
f 5616/506/609 5432/312/431 5433/314/432 5617/507/610
f 5617/507/610 5433/314/432 5426/290/241 5610/499/603
f 5618/290/229 5626/299/248 5627/300/249 5619/301/242
f 5619/301/242 5627/300/249 5628/302/250 5620/303/243
f 5620/303/243 5628/302/250 5629/304/251 5621/305/244
f 5621/305/244 5629/304/251 5630/306/252 5622/199/237
f 5622/307/237 5630/308/252 5631/309/253 5623/310/245
f 5623/310/245 5631/309/253 5632/311/254 5624/312/246
f 5624/312/246 5632/311/254 5633/313/255 5625/314/247
f 5625/314/247 5633/313/255 5626/299/248 5618/290/229
f 5626/299/248 5634/315/256 5635/316/257 5627/300/249
f 5627/300/249 5635/316/257 5636/317/258 5628/302/250
f 5628/302/250 5636/317/258 5637/318/259 5629/304/251
f 5629/304/251 5637/318/259 5638/319/260 5630/306/252
f 5630/308/252 5638/320/260 5639/321/261 5631/309/253
f 5631/309/253 5639/321/261 5640/322/262 5632/311/254
f 5632/311/254 5640/322/262 5641/323/263 5633/313/255
f 5633/313/255 5641/323/263 5634/315/256 5626/299/248
f 5634/315/256 5642/288/264 5643/324/265 5635/316/257
f 5635/316/257 5643/324/265 5644/325/266 5636/317/258
f 5636/317/258 5644/325/266 5645/326/267 5637/318/259
f 5637/318/259 5645/326/267 5646/195/268 5638/319/260
f 5638/320/260 5646/327/268 5647/328/269 5639/321/261
f 5639/321/261 5647/328/269 5648/329/270 5640/322/262
f 5640/322/262 5648/329/270 5649/330/271 5641/323/263
f 5641/323/263 5649/330/271 5642/288/264 5634/315/256
f 5642/288/264 5650/331/272 5651/332/273 5643/324/265
f 5643/324/265 5651/332/273 5652/333/274 5644/325/266
f 5644/325/266 5652/333/274 5653/334/275 5645/326/267
f 5645/326/267 5653/334/275 5654/335/276 5646/195/268
f 5646/327/268 5654/336/276 5655/337/277 5647/328/269
f 5647/328/269 5655/337/277 5656/338/278 5648/329/270
f 5648/329/270 5656/338/278 5657/339/279 5649/330/271
f 5649/330/271 5657/339/279 5650/331/272 5642/288/264
f 5650/331/272 5658/340/280 5659/341/281 5651/332/273
f 5651/332/273 5659/341/281 5660/342/282 5652/333/274
f 5652/333/274 5660/342/282 5661/343/283 5653/334/275
f 5653/334/275 5661/343/283 5662/344/645 5654/335/276
f 5654/336/276 5662/345/645 5663/346/285 5655/337/277
f 5655/337/277 5663/346/285 5664/347/286 5656/338/278
f 5656/338/278 5664/347/286 5665/348/287 5657/339/279
f 5657/339/279 5665/348/287 5658/340/280 5650/331/272
f 5658/340/280 5666/286/288 5667/349/289 5659/341/281
f 5659/341/281 5667/349/289 5668/350/290 5660/342/282
f 5660/342/282 5668/350/290 5669/351/291 5661/343/283
f 5661/343/283 5669/351/291 5670/191/47 5662/344/645
f 5662/345/645 5670/352/47 5671/353/292 5663/346/285
f 5663/346/285 5671/353/292 5672/354/293 5664/347/286
f 5664/347/286 5672/354/293 5673/355/294 5665/348/287
f 5665/348/287 5673/355/294 5666/286/288 5658/340/280
f 5666/286/288 5674/356/295 5675/357/296 5667/349/289
f 5667/349/289 5675/357/296 5676/358/297 5668/350/290
f 5668/350/290 5676/358/297 5677/359/298 5669/351/291
f 5669/351/291 5677/359/298 5678/360/646 5670/191/47
f 5670/352/47 5678/361/646 5679/362/300 5671/353/292
f 5671/353/292 5679/362/300 5680/363/301 5672/354/293
f 5672/354/293 5680/363/301 5681/364/302 5673/355/294
f 5673/355/294 5681/364/302 5674/356/295 5666/286/288
f 5674/356/295 5682/365/303 5683/366/304 5675/357/296
f 5675/357/296 5683/366/304 5684/367/305 5676/358/297
f 5676/358/297 5684/367/305 5685/368/306 5677/359/298
f 5677/359/298 5685/368/306 5686/369/307 5678/360/646
f 5678/361/646 5686/370/307 5687/371/308 5679/362/300
f 5679/362/300 5687/371/308 5688/372/309 5680/363/301
f 5680/363/301 5688/372/309 5689/373/310 5681/364/302
f 5681/364/302 5689/373/310 5682/365/303 5674/356/295
f 5682/365/303 5690/284/311 5691/374/312 5683/366/304
f 5683/366/304 5691/374/312 5692/375/313 5684/367/305
f 5684/367/305 5692/375/313 5693/376/314 5685/368/306
f 5685/368/306 5693/376/314 5694/187/315 5686/369/307
f 5686/370/307 5694/377/315 5695/378/316 5687/371/308
f 5687/371/308 5695/378/316 5696/379/317 5688/372/309
f 5688/372/309 5696/379/317 5697/380/318 5689/373/310
f 5689/373/310 5697/380/318 5690/284/311 5682/365/303
f 5690/284/311 5698/381/319 5699/382/320 5691/374/312
f 5691/374/312 5699/382/320 5700/383/321 5692/375/313
f 5692/375/313 5700/383/321 5701/384/322 5693/376/314
f 5693/376/314 5701/384/322 5702/385/611 5694/187/315
f 5694/377/315 5702/386/611 5703/387/324 5695/378/316
f 5695/378/316 5703/387/324 5704/388/325 5696/379/317
f 5696/379/317 5704/388/325 5705/389/326 5697/380/318
f 5697/380/318 5705/389/326 5698/381/319 5690/284/311
f 5698/381/319 5706/390/327 5707/391/328 5699/382/320
f 5699/382/320 5707/391/328 5708/392/329 5700/383/321
f 5700/383/321 5708/392/329 5709/393/330 5701/384/322
f 5701/384/322 5709/393/330 5710/394/331 5702/385/611
f 5702/386/611 5710/395/331 5711/396/332 5703/387/324
f 5703/387/324 5711/396/332 5712/397/333 5704/388/325
f 5704/388/325 5712/397/333 5713/398/334 5705/389/326
f 5705/389/326 5713/398/334 5706/390/327 5698/381/319
f 5706/390/327 5714/282/237 5715/399/335 5707/391/328
f 5707/391/328 5715/399/335 5716/400/336 5708/392/329
f 5708/392/329 5716/400/336 5717/401/337 5709/393/330
f 5709/393/330 5717/401/337 5718/184/229 5710/394/331
f 5710/395/331 5718/402/229 5719/403/338 5711/396/332
f 5711/396/332 5719/403/338 5720/404/339 5712/397/333
f 5712/397/333 5720/404/339 5721/405/340 5713/398/334
f 5713/398/334 5721/405/340 5714/282/237 5706/390/327
f 5714/406/237 5722/407/341 5723/408/342 5715/409/335
f 5715/409/335 5723/408/342 5724/410/343 5716/411/336
f 5716/411/336 5724/410/343 5725/412/344 5717/413/337
f 5717/413/337 5725/412/344 5726/414/345 5718/415/229
f 5718/416/229 5726/417/345 5727/418/346 5719/419/338
f 5719/419/338 5727/418/346 5728/420/347 5720/421/339
f 5720/421/339 5728/420/347 5729/422/348 5721/423/340
f 5721/423/340 5729/422/348 5722/407/341 5714/406/237
f 5722/407/341 5730/424/349 5731/425/350 5723/408/342
f 5723/408/342 5731/425/350 5732/426/351 5724/410/343
f 5724/410/343 5732/426/351 5733/427/647 5725/412/344
f 5725/412/344 5733/427/647 5734/428/353 5726/414/345
f 5726/417/345 5734/429/353 5735/430/354 5727/418/346
f 5727/418/346 5735/430/354 5736/431/355 5728/420/347
f 5728/420/347 5736/431/355 5737/432/356 5729/422/348
f 5729/422/348 5737/432/356 5730/424/349 5722/407/341
f 5730/424/349 5738/296/357 5739/433/358 5731/425/350
f 5731/425/350 5739/433/358 5740/434/359 5732/426/351
f 5732/426/351 5740/434/359 5741/435/360 5733/427/647
f 5733/427/647 5741/435/360 5742/211/361 5734/428/353
f 5734/429/353 5742/436/361 5743/437/362 5735/430/354
f 5735/430/354 5743/437/362 5744/438/363 5736/431/355
f 5736/431/355 5744/438/363 5745/439/364 5737/432/356
f 5737/432/356 5745/439/364 5738/296/357 5730/424/349
f 5738/296/357 5746/440/365 5747/441/366 5739/433/358
f 5739/433/358 5747/441/366 5748/442/367 5740/434/359
f 5740/434/359 5748/442/367 5749/443/368 5741/435/360
f 5741/435/360 5749/443/368 5750/444/369 5742/211/361
f 5742/436/361 5750/445/369 5751/446/370 5743/437/362
f 5743/437/362 5751/446/370 5752/447/371 5744/438/363
f 5744/438/363 5752/447/371 5753/448/372 5745/439/364
f 5745/439/364 5753/448/372 5746/440/365 5738/296/357
f 5746/440/365 5754/449/373 5755/450/374 5747/441/366
f 5747/441/366 5755/450/374 5756/451/375 5748/442/367
f 5748/442/367 5756/451/375 5757/452/376 5749/443/368
f 5749/443/368 5757/452/376 5758/453/377 5750/444/369
f 5750/445/369 5758/454/377 5759/455/378 5751/446/370
f 5751/446/370 5759/455/378 5760/456/379 5752/447/371
f 5752/447/371 5760/456/379 5761/457/380 5753/448/372
f 5753/448/372 5761/457/380 5754/449/373 5746/440/365
f 5754/449/373 5762/294/47 5763/458/381 5755/450/374
f 5755/450/374 5763/458/381 5764/459/648 5756/451/375
f 5756/451/375 5764/459/648 5765/460/383 5757/452/376
f 5757/452/376 5765/460/383 5766/207/288 5758/453/377
f 5758/454/377 5766/461/288 5767/462/384 5759/455/378
f 5759/455/378 5767/462/384 5768/463/649 5760/456/379
f 5760/456/379 5768/463/649 5769/464/386 5761/457/380
f 5761/457/380 5769/464/386 5762/294/47 5754/449/373
f 5762/294/47 5770/465/387 5771/466/388 5763/458/381
f 5763/458/381 5771/466/388 5772/467/389 5764/459/648
f 5764/459/648 5772/467/389 5773/468/390 5765/460/383
f 5765/460/383 5773/468/390 5774/469/391 5766/207/288
f 5766/461/288 5774/470/391 5775/471/392 5767/462/384
f 5767/462/384 5775/471/392 5776/472/393 5768/463/649
f 5768/463/649 5776/472/393 5777/473/394 5769/464/386
f 5769/464/386 5777/473/394 5770/465/387 5762/294/47
f 5770/465/387 5778/474/395 5779/475/396 5771/466/388
f 5771/466/388 5779/475/396 5780/476/397 5772/467/389
f 5772/467/389 5780/476/397 5781/477/398 5773/468/390
f 5773/468/390 5781/477/398 5782/478/399 5774/469/391
f 5774/470/391 5782/479/399 5783/480/400 5775/471/392
f 5775/471/392 5783/480/400 5784/481/401 5776/472/393
f 5776/472/393 5784/481/401 5785/482/402 5777/473/394
f 5777/473/394 5785/482/402 5778/474/395 5770/465/387
f 5778/474/395 5786/292/403 5787/483/404 5779/475/396
f 5779/475/396 5787/483/404 5788/484/405 5780/476/397
f 5780/476/397 5788/484/405 5789/485/406 5781/477/398
f 5781/477/398 5789/485/406 5790/203/407 5782/478/399
f 5782/479/399 5790/486/407 5791/487/408 5783/480/400
f 5783/480/400 5791/487/408 5792/488/409 5784/481/401
f 5784/481/401 5792/488/409 5793/489/410 5785/482/402
f 5785/482/402 5793/489/410 5786/292/403 5778/474/395
f 5786/292/403 5794/490/411 5795/491/412 5787/483/404
f 5787/483/404 5795/491/412 5796/492/413 5788/484/405
f 5788/484/405 5796/492/413 5797/493/414 5789/485/406
f 5789/485/406 5797/493/414 5798/494/415 5790/203/407
f 5790/486/407 5798/495/415 5799/496/416 5791/487/408
f 5791/487/408 5799/496/416 5800/497/417 5792/488/409
f 5792/488/409 5800/497/417 5801/498/418 5793/489/410
f 5793/489/410 5801/498/418 5794/490/411 5786/292/403
f 5794/490/411 5802/499/419 5803/500/617 5795/491/412
f 5795/491/412 5803/500/617 5804/501/421 5796/492/413
f 5796/492/413 5804/501/421 5805/502/422 5797/493/414
f 5797/493/414 5805/502/422 5806/503/423 5798/494/415
f 5798/495/415 5806/504/423 5807/505/424 5799/496/416
f 5799/496/416 5807/505/424 5808/506/425 5800/497/417
f 5800/497/417 5808/506/425 5809/507/426 5801/498/418
f 5801/498/418 5809/507/426 5802/499/419 5794/490/411
f 5802/499/419 5618/290/229 5619/301/242 5803/500/617
f 5803/500/617 5619/301/242 5620/303/243 5804/501/421
f 5804/501/421 5620/303/243 5621/305/244 5805/502/422
f 5805/502/422 5621/305/244 5622/199/237 5806/503/423
f 5806/504/423 5622/307/237 5623/310/245 5807/505/424
f 5807/505/424 5623/310/245 5624/312/246 5808/506/425
f 5808/506/425 5624/312/246 5625/314/247 5809/507/426
f 5809/507/426 5625/314/247 5618/290/229 5802/499/419
f 5810/290/241 5818/299/433 5819/300/434 5811/301/427
f 5811/301/427 5819/300/434 5820/302/435 5812/303/428
f 5812/303/428 5820/302/435 5821/304/436 5813/305/429
f 5813/305/429 5821/304/436 5822/306/437 5814/199/233
f 5814/307/233 5822/308/437 5823/309/438 5815/310/430
f 5815/310/430 5823/309/438 5824/311/439 5816/312/431
f 5816/312/431 5824/311/439 5825/313/440 5817/314/432
f 5817/314/432 5825/313/440 5818/299/433 5810/290/241
f 5818/299/433 5826/315/441 5827/316/442 5819/300/434
f 5819/300/434 5827/316/442 5828/317/443 5820/302/435
f 5820/302/435 5828/317/443 5829/318/444 5821/304/436
f 5821/304/436 5829/318/444 5830/319/445 5822/306/437
f 5822/308/437 5830/320/445 5831/321/446 5823/309/438
f 5823/309/438 5831/321/446 5832/322/447 5824/311/439
f 5824/311/439 5832/322/447 5833/323/448 5825/313/440
f 5825/313/440 5833/323/448 5826/315/441 5818/299/433
f 5826/315/441 5834/288/449 5835/324/450 5827/316/442
f 5827/316/442 5835/324/450 5836/325/451 5828/317/443
f 5828/317/443 5836/325/451 5837/326/452 5829/318/444
f 5829/318/444 5837/326/452 5838/195/453 5830/319/445
f 5830/320/445 5838/327/453 5839/328/454 5831/321/446
f 5831/321/446 5839/328/454 5840/329/455 5832/322/447
f 5832/322/447 5840/329/455 5841/330/456 5833/323/448
f 5833/323/448 5841/330/456 5834/288/449 5826/315/441
f 5834/288/449 5842/331/457 5843/332/458 5835/324/450
f 5835/324/450 5843/332/458 5844/333/459 5836/325/451
f 5836/325/451 5844/333/459 5845/334/460 5837/326/452
f 5837/326/452 5845/334/460 5846/335/461 5838/195/453
f 5838/327/453 5846/336/461 5847/337/462 5839/328/454
f 5839/328/454 5847/337/462 5848/338/463 5840/329/455
f 5840/329/455 5848/338/463 5849/339/464 5841/330/456
f 5841/330/456 5849/339/464 5842/331/457 5834/288/449
f 5842/331/457 5850/340/465 5851/341/466 5843/332/458
f 5843/332/458 5851/341/466 5852/342/467 5844/333/459
f 5844/333/459 5852/342/467 5853/343/468 5845/334/460
f 5845/334/460 5853/343/468 5854/344/650 5846/335/461
f 5846/336/461 5854/345/650 5855/346/470 5847/337/462
f 5847/337/462 5855/346/470 5856/347/471 5848/338/463
f 5848/338/463 5856/347/471 5857/348/472 5849/339/464
f 5849/339/464 5857/348/472 5850/340/465 5842/331/457
f 5850/340/465 5858/286/288 5859/349/473 5851/341/466
f 5851/341/466 5859/349/473 5860/350/474 5852/342/467
f 5852/342/467 5860/350/474 5861/351/475 5853/343/468
f 5853/343/468 5861/351/475 5862/191/47 5854/344/650
f 5854/345/650 5862/352/47 5863/353/476 5855/346/470
f 5855/346/470 5863/353/476 5864/354/477 5856/347/471
f 5856/347/471 5864/354/477 5865/355/478 5857/348/472
f 5857/348/472 5865/355/478 5858/286/288 5850/340/465
f 5858/286/288 5866/356/479 5867/357/480 5859/349/473
f 5859/349/473 5867/357/480 5868/358/481 5860/350/474
f 5860/350/474 5868/358/481 5869/359/482 5861/351/475
f 5861/351/475 5869/359/482 5870/360/651 5862/191/47
f 5862/352/47 5870/361/651 5871/362/484 5863/353/476
f 5863/353/476 5871/362/484 5872/363/485 5864/354/477
f 5864/354/477 5872/363/485 5873/364/486 5865/355/478
f 5865/355/478 5873/364/486 5866/356/479 5858/286/288
f 5866/356/479 5874/365/487 5875/366/488 5867/357/480
f 5867/357/480 5875/366/488 5876/367/489 5868/358/481
f 5868/358/481 5876/367/489 5877/368/490 5869/359/482
f 5869/359/482 5877/368/490 5878/369/491 5870/360/651
f 5870/361/651 5878/370/491 5879/371/492 5871/362/484
f 5871/362/484 5879/371/492 5880/372/493 5872/363/485
f 5872/363/485 5880/372/493 5881/373/494 5873/364/486
f 5873/364/486 5881/373/494 5874/365/487 5866/356/479
f 5874/365/487 5882/284/495 5883/374/496 5875/366/488
f 5875/366/488 5883/374/496 5884/375/497 5876/367/489
f 5876/367/489 5884/375/497 5885/376/498 5877/368/490
f 5877/368/490 5885/376/498 5886/187/499 5878/369/491
f 5878/370/491 5886/377/499 5887/378/500 5879/371/492
f 5879/371/492 5887/378/500 5888/379/501 5880/372/493
f 5880/372/493 5888/379/501 5889/380/502 5881/373/494
f 5881/373/494 5889/380/502 5882/284/495 5874/365/487
f 5882/284/495 5890/381/503 5891/382/504 5883/374/496
f 5883/374/496 5891/382/504 5892/383/505 5884/375/497
f 5884/375/497 5892/383/505 5893/384/506 5885/376/498
f 5885/376/498 5893/384/506 5894/385/507 5886/187/499
f 5886/377/499 5894/386/507 5895/387/508 5887/378/500
f 5887/378/500 5895/387/508 5896/388/509 5888/379/501
f 5888/379/501 5896/388/509 5897/389/510 5889/380/502
f 5889/380/502 5897/389/510 5890/381/503 5882/284/495
f 5890/381/503 5898/390/511 5899/391/512 5891/382/504
f 5891/382/504 5899/391/512 5900/392/513 5892/383/505
f 5892/383/505 5900/392/513 5901/393/514 5893/384/506
f 5893/384/506 5901/393/514 5902/394/515 5894/385/507
f 5894/386/507 5902/395/515 5903/396/516 5895/387/508
f 5895/387/508 5903/396/516 5904/397/517 5896/388/509
f 5896/388/509 5904/397/517 5905/398/518 5897/389/510
f 5897/389/510 5905/398/518 5898/390/511 5890/381/503
f 5898/390/511 5906/282/233 5907/399/519 5899/391/512
f 5899/391/512 5907/399/519 5908/400/520 5900/392/513
f 5900/392/513 5908/400/520 5909/401/521 5901/393/514
f 5901/393/514 5909/401/521 5910/184/241 5902/394/515
f 5902/395/515 5910/402/241 5911/403/522 5903/396/516
f 5903/396/516 5911/403/522 5912/404/523 5904/397/517
f 5904/397/517 5912/404/523 5913/405/524 5905/398/518
f 5905/398/518 5913/405/524 5906/282/233 5898/390/511
f 5906/406/233 5914/407/525 5915/408/526 5907/409/519
f 5907/409/519 5915/408/526 5916/410/527 5908/411/520
f 5908/411/520 5916/410/527 5917/412/528 5909/413/521
f 5909/413/521 5917/412/528 5918/414/529 5910/415/241
f 5910/416/241 5918/417/529 5919/418/530 5911/419/522
f 5911/419/522 5919/418/530 5920/420/531 5912/421/523
f 5912/421/523 5920/420/531 5921/422/532 5913/423/524
f 5913/423/524 5921/422/532 5914/407/525 5906/406/233
f 5914/407/525 5922/424/533 5923/425/534 5915/408/526
f 5915/408/526 5923/425/534 5924/426/535 5916/410/527
f 5916/410/527 5924/426/535 5925/427/536 5917/412/528
f 5917/412/528 5925/427/536 5926/428/537 5918/414/529
f 5918/417/529 5926/429/537 5927/430/538 5919/418/530
f 5919/418/530 5927/430/538 5928/431/539 5920/420/531
f 5920/420/531 5928/431/539 5929/432/540 5921/422/532
f 5921/422/532 5929/432/540 5922/424/533 5914/407/525
f 5922/424/533 5930/296/541 5931/433/542 5923/425/534
f 5923/425/534 5931/433/542 5932/434/543 5924/426/535
f 5924/426/535 5932/434/543 5933/435/544 5925/427/536
f 5925/427/536 5933/435/544 5934/211/545 5926/428/537
f 5926/429/537 5934/436/545 5935/437/546 5927/430/538
f 5927/430/538 5935/437/546 5936/438/547 5928/431/539
f 5928/431/539 5936/438/547 5937/439/548 5929/432/540
f 5929/432/540 5937/439/548 5930/296/541 5922/424/533
f 5930/296/541 5938/440/549 5939/441/550 5931/433/542
f 5931/433/542 5939/441/550 5940/442/551 5932/434/543
f 5932/434/543 5940/442/551 5941/443/552 5933/435/544
f 5933/435/544 5941/443/552 5942/444/553 5934/211/545
f 5934/436/545 5942/445/553 5943/446/554 5935/437/546
f 5935/437/546 5943/446/554 5944/447/555 5936/438/547
f 5936/438/547 5944/447/555 5945/448/556 5937/439/548
f 5937/439/548 5945/448/556 5938/440/549 5930/296/541
f 5938/440/549 5946/449/557 5947/450/652 5939/441/550
f 5939/441/550 5947/450/652 5948/451/613 5940/442/551
f 5940/442/551 5948/451/613 5949/452/560 5941/443/552
f 5941/443/552 5949/452/560 5950/453/561 5942/444/553
f 5942/445/553 5950/454/561 5951/455/562 5943/446/554
f 5943/446/554 5951/455/562 5952/456/563 5944/447/555
f 5944/447/555 5952/456/563 5953/457/653 5945/448/556
f 5945/448/556 5953/457/653 5946/449/557 5938/440/549
f 5946/449/557 5954/294/47 5955/458/565 5947/450/652
f 5947/450/652 5955/458/565 5956/459/566 5948/451/613
f 5948/451/613 5956/459/566 5957/460/567 5949/452/560
f 5949/452/560 5957/460/567 5958/207/288 5950/453/561
f 5950/454/561 5958/461/288 5959/462/568 5951/455/562
f 5951/455/562 5959/462/568 5960/463/569 5952/456/563
f 5952/456/563 5960/463/569 5961/464/570 5953/457/653
f 5953/457/653 5961/464/570 5954/294/47 5946/449/557
f 5954/294/47 5962/465/571 5963/466/654 5955/458/565
f 5955/458/565 5963/466/654 5964/467/573 5956/459/566
f 5956/459/566 5964/467/573 5965/468/574 5957/460/567
f 5957/460/567 5965/468/574 5966/469/575 5958/207/288
f 5958/461/288 5966/470/575 5967/471/576 5959/462/568
f 5959/462/568 5967/471/576 5968/472/577 5960/463/569
f 5960/463/569 5968/472/577 5969/473/655 5961/464/570
f 5961/464/570 5969/473/655 5962/465/571 5954/294/47
f 5962/465/571 5970/474/579 5971/475/580 5963/466/654
f 5963/466/654 5971/475/580 5972/476/581 5964/467/573
f 5964/467/573 5972/476/581 5973/477/582 5965/468/574
f 5965/468/574 5973/477/582 5974/478/583 5966/469/575
f 5966/470/575 5974/479/583 5975/480/584 5967/471/576
f 5967/471/576 5975/480/584 5976/481/585 5968/472/577
f 5968/472/577 5976/481/585 5977/482/586 5969/473/655
f 5969/473/655 5977/482/586 5970/474/579 5962/465/571
f 5970/474/579 5978/292/587 5979/483/588 5971/475/580
f 5971/475/580 5979/483/588 5980/484/589 5972/476/581
f 5972/476/581 5980/484/589 5981/485/590 5973/477/582
f 5973/477/582 5981/485/590 5982/203/591 5974/478/583
f 5974/479/583 5982/486/591 5983/487/592 5975/480/584
f 5975/480/584 5983/487/592 5984/488/593 5976/481/585
f 5976/481/585 5984/488/593 5985/489/594 5977/482/586
f 5977/482/586 5985/489/594 5978/292/587 5970/474/579
f 5978/292/587 5986/490/595 5987/491/596 5979/483/588
f 5979/483/588 5987/491/596 5988/492/597 5980/484/589
f 5980/484/589 5988/492/597 5989/493/598 5981/485/590
f 5981/485/590 5989/493/598 5990/494/599 5982/203/591
f 5982/486/591 5990/495/599 5991/496/600 5983/487/592
f 5983/487/592 5991/496/600 5992/497/601 5984/488/593
f 5984/488/593 5992/497/601 5993/498/602 5985/489/594
f 5985/489/594 5993/498/602 5986/490/595 5978/292/587
f 5986/490/595 5994/499/603 5995/500/604 5987/491/596
f 5987/491/596 5995/500/604 5996/501/605 5988/492/597
f 5988/492/597 5996/501/605 5997/502/606 5989/493/598
f 5989/493/598 5997/502/606 5998/503/607 5990/494/599
f 5990/495/599 5998/504/607 5999/505/608 5991/496/600
f 5991/496/600 5999/505/608 6000/506/609 5992/497/601
f 5992/497/601 6000/506/609 6001/507/610 5993/498/602
f 5993/498/602 6001/507/610 5994/499/603 5986/490/595
f 5994/499/603 5810/290/241 5811/301/427 5995/500/604
f 5995/500/604 5811/301/427 5812/303/428 5996/501/605
f 5996/501/605 5812/303/428 5813/305/429 5997/502/606
f 5997/502/606 5813/305/429 5814/199/233 5998/503/607
f 5998/504/607 5814/307/233 5815/310/430 5999/505/608
f 5999/505/608 5815/310/430 5816/312/431 6000/506/609
f 6000/506/609 5816/312/431 5817/314/432 6001/507/610
f 6001/507/610 5817/314/432 5810/290/241 5994/499/603
f 6002/290/229 6010/299/248 6011/300/614 6003/301/242
f 6003/301/242 6011/300/614 6012/302/250 6004/303/243
f 6004/303/243 6012/302/250 6013/304/251 6005/305/244
f 6005/305/244 6013/304/251 6014/306/252 6006/199/237
f 6006/307/237 6014/308/252 6015/309/253 6007/310/245
f 6007/310/245 6015/309/253 6016/311/254 6008/312/246
f 6008/312/246 6016/311/254 6017/313/621 6009/314/247
f 6009/314/247 6017/313/621 6010/299/248 6002/290/229
f 6010/299/248 6018/315/256 6019/316/257 6011/300/614
f 6011/300/614 6019/316/257 6020/317/258 6012/302/250
f 6012/302/250 6020/317/258 6021/318/259 6013/304/251
f 6013/304/251 6021/318/259 6022/319/260 6014/306/252
f 6014/308/252 6022/320/260 6023/321/261 6015/309/253
f 6015/309/253 6023/321/261 6024/322/262 6016/311/254
f 6016/311/254 6024/322/262 6025/323/263 6017/313/621
f 6017/313/621 6025/323/263 6018/315/256 6010/299/248
f 6018/315/256 6026/288/264 6027/324/265 6019/316/257
f 6019/316/257 6027/324/265 6028/325/266 6020/317/258
f 6020/317/258 6028/325/266 6029/326/267 6021/318/259
f 6021/318/259 6029/326/267 6030/195/268 6022/319/260
f 6022/320/260 6030/327/268 6031/328/269 6023/321/261
f 6023/321/261 6031/328/269 6032/329/270 6024/322/262
f 6024/322/262 6032/329/270 6033/330/271 6025/323/263
f 6025/323/263 6033/330/271 6026/288/264 6018/315/256
f 6026/288/264 6034/331/272 6035/332/273 6027/324/265
f 6027/324/265 6035/332/273 6036/333/274 6028/325/266
f 6028/325/266 6036/333/274 6037/334/275 6029/326/267
f 6029/326/267 6037/334/275 6038/335/276 6030/195/268
f 6030/327/268 6038/336/276 6039/337/277 6031/328/269
f 6031/328/269 6039/337/277 6040/338/278 6032/329/270
f 6032/329/270 6040/338/278 6041/339/279 6033/330/271
f 6033/330/271 6041/339/279 6034/331/272 6026/288/264
f 6034/331/272 6042/340/280 6043/341/281 6035/332/273
f 6035/332/273 6043/341/281 6044/342/635 6036/333/274
f 6036/333/274 6044/342/635 6045/343/636 6037/334/275
f 6037/334/275 6045/343/636 6046/344/284 6038/335/276
f 6038/336/276 6046/345/284 6047/346/656 6039/337/277
f 6039/337/277 6047/346/656 6048/347/637 6040/338/278
f 6040/338/278 6048/347/637 6049/348/287 6041/339/279
f 6041/339/279 6049/348/287 6042/340/280 6034/331/272
f 6042/340/280 6050/286/288 6051/349/289 6043/341/281
f 6043/341/281 6051/349/289 6052/350/290 6044/342/635
f 6044/342/635 6052/350/290 6053/351/291 6045/343/636
f 6045/343/636 6053/351/291 6054/191/47 6046/344/284
f 6046/345/284 6054/352/47 6055/353/292 6047/346/656
f 6047/346/656 6055/353/292 6056/354/293 6048/347/637
f 6048/347/637 6056/354/293 6057/355/294 6049/348/287
f 6049/348/287 6057/355/294 6050/286/288 6042/340/280
f 6050/286/288 6058/356/295 6059/357/296 6051/349/289
f 6051/349/289 6059/357/296 6060/358/638 6052/350/290
f 6052/350/290 6060/358/638 6061/359/639 6053/351/291
f 6053/351/291 6061/359/639 6062/360/299 6054/191/47
f 6054/352/47 6062/361/299 6063/362/657 6055/353/292
f 6055/353/292 6063/362/657 6064/363/640 6056/354/293
f 6056/354/293 6064/363/640 6065/364/302 6057/355/294
f 6057/355/294 6065/364/302 6058/356/295 6050/286/288
f 6058/356/295 6066/365/303 6067/366/615 6059/357/296
f 6059/357/296 6067/366/615 6068/367/305 6060/358/638
f 6060/358/638 6068/367/305 6069/368/306 6061/359/639
f 6061/359/639 6069/368/306 6070/369/307 6062/360/299
f 6062/361/299 6070/370/307 6071/371/308 6063/362/657
f 6063/362/657 6071/371/308 6072/372/309 6064/363/640
f 6064/363/640 6072/372/309 6073/373/616 6065/364/302
f 6065/364/302 6073/373/616 6066/365/303 6058/356/295
f 6066/365/303 6074/284/311 6075/374/312 6067/366/615
f 6067/366/615 6075/374/312 6076/375/313 6068/367/305
f 6068/367/305 6076/375/313 6077/376/314 6069/368/306
f 6069/368/306 6077/376/314 6078/187/315 6070/369/307
f 6070/370/307 6078/377/315 6079/378/316 6071/371/308
f 6071/371/308 6079/378/316 6080/379/317 6072/372/309
f 6072/372/309 6080/379/317 6081/380/318 6073/373/616
f 6073/373/616 6081/380/318 6074/284/311 6066/365/303
f 6074/284/311 6082/381/319 6083/382/320 6075/374/312
f 6075/374/312 6083/382/320 6084/383/321 6076/375/313
f 6076/375/313 6084/383/321 6085/384/322 6077/376/314
f 6077/376/314 6085/384/322 6086/385/323 6078/187/315
f 6078/377/315 6086/386/323 6087/387/324 6079/378/316
f 6079/378/316 6087/387/324 6088/388/325 6080/379/317
f 6080/379/317 6088/388/325 6089/389/326 6081/380/318
f 6081/380/318 6089/389/326 6082/381/319 6074/284/311
f 6082/381/319 6090/390/327 6091/391/328 6083/382/320
f 6083/382/320 6091/391/328 6092/392/329 6084/383/321
f 6084/383/321 6092/392/329 6093/393/330 6085/384/322
f 6085/384/322 6093/393/330 6094/394/331 6086/385/323
f 6086/386/323 6094/395/331 6095/396/332 6087/387/324
f 6087/387/324 6095/396/332 6096/397/333 6088/388/325
f 6088/388/325 6096/397/333 6097/398/334 6089/389/326
f 6089/389/326 6097/398/334 6090/390/327 6082/381/319
f 6090/390/327 6098/282/237 6099/399/335 6091/391/328
f 6091/391/328 6099/399/335 6100/400/336 6092/392/329
f 6092/392/329 6100/400/336 6101/401/337 6093/393/330
f 6093/393/330 6101/401/337 6102/184/229 6094/394/331
f 6094/395/331 6102/402/229 6103/403/338 6095/396/332
f 6095/396/332 6103/403/338 6104/404/339 6096/397/333
f 6096/397/333 6104/404/339 6105/405/340 6097/398/334
f 6097/398/334 6105/405/340 6098/282/237 6090/390/327
f 6098/406/237 6106/407/341 6107/408/342 6099/409/335
f 6099/409/335 6107/408/342 6108/410/343 6100/411/336
f 6100/411/336 6108/410/343 6109/412/344 6101/413/337
f 6101/413/337 6109/412/344 6110/414/345 6102/415/229
f 6102/416/229 6110/417/345 6111/418/346 6103/419/338
f 6103/419/338 6111/418/346 6112/420/347 6104/421/339
f 6104/421/339 6112/420/347 6113/422/348 6105/423/340
f 6105/423/340 6113/422/348 6106/407/341 6098/406/237
f 6106/407/341 6114/424/349 6115/425/350 6107/408/342
f 6107/408/342 6115/425/350 6116/426/351 6108/410/343
f 6108/410/343 6116/426/351 6117/427/647 6109/412/344
f 6109/412/344 6117/427/647 6118/428/353 6110/414/345
f 6110/417/345 6118/429/353 6119/430/658 6111/418/346
f 6111/418/346 6119/430/658 6120/431/355 6112/420/347
f 6112/420/347 6120/431/355 6121/432/356 6113/422/348
f 6113/422/348 6121/432/356 6114/424/349 6106/407/341
f 6114/424/349 6122/296/357 6123/433/358 6115/425/350
f 6115/425/350 6123/433/358 6124/434/359 6116/426/351
f 6116/426/351 6124/434/359 6125/435/360 6117/427/647
f 6117/427/647 6125/435/360 6126/211/361 6118/428/353
f 6118/429/353 6126/436/361 6127/437/362 6119/430/658
f 6119/430/658 6127/437/362 6128/438/363 6120/431/355
f 6120/431/355 6128/438/363 6129/439/364 6121/432/356
f 6121/432/356 6129/439/364 6122/296/357 6114/424/349
f 6122/296/357 6130/440/365 6131/441/366 6123/433/358
f 6123/433/358 6131/441/366 6132/442/367 6124/434/359
f 6124/434/359 6132/442/367 6133/443/368 6125/435/360
f 6125/435/360 6133/443/368 6134/444/369 6126/211/361
f 6126/436/361 6134/445/369 6135/446/370 6127/437/362
f 6127/437/362 6135/446/370 6136/447/371 6128/438/363
f 6128/438/363 6136/447/371 6137/448/372 6129/439/364
f 6129/439/364 6137/448/372 6130/440/365 6122/296/357
f 6130/440/365 6138/449/373 6139/450/374 6131/441/366
f 6131/441/366 6139/450/374 6140/451/375 6132/442/367
f 6132/442/367 6140/451/375 6141/452/376 6133/443/368
f 6133/443/368 6141/452/376 6142/453/377 6134/444/369
f 6134/445/369 6142/454/377 6143/455/378 6135/446/370
f 6135/446/370 6143/455/378 6144/456/379 6136/447/371
f 6136/447/371 6144/456/379 6145/457/380 6137/448/372
f 6137/448/372 6145/457/380 6138/449/373 6130/440/365
f 6138/449/373 6146/294/47 6147/458/381 6139/450/374
f 6139/450/374 6147/458/381 6148/459/382 6140/451/375
f 6140/451/375 6148/459/382 6149/460/383 6141/452/376
f 6141/452/376 6149/460/383 6150/207/288 6142/453/377
f 6142/454/377 6150/461/288 6151/462/384 6143/455/378
f 6143/455/378 6151/462/384 6152/463/385 6144/456/379
f 6144/456/379 6152/463/385 6153/464/386 6145/457/380
f 6145/457/380 6153/464/386 6146/294/47 6138/449/373
f 6146/294/47 6154/465/387 6155/466/388 6147/458/381
f 6147/458/381 6155/466/388 6156/467/389 6148/459/382
f 6148/459/382 6156/467/389 6157/468/390 6149/460/383
f 6149/460/383 6157/468/390 6158/469/391 6150/207/288
f 6150/461/288 6158/470/391 6159/471/392 6151/462/384
f 6151/462/384 6159/471/392 6160/472/393 6152/463/385
f 6152/463/385 6160/472/393 6161/473/394 6153/464/386
f 6153/464/386 6161/473/394 6154/465/387 6146/294/47
f 6154/465/387 6162/474/395 6163/475/396 6155/466/388
f 6155/466/388 6163/475/396 6164/476/397 6156/467/389
f 6156/467/389 6164/476/397 6165/477/398 6157/468/390
f 6157/468/390 6165/477/398 6166/478/399 6158/469/391
f 6158/470/391 6166/479/399 6167/480/400 6159/471/392
f 6159/471/392 6167/480/400 6168/481/401 6160/472/393
f 6160/472/393 6168/481/401 6169/482/402 6161/473/394
f 6161/473/394 6169/482/402 6162/474/395 6154/465/387
f 6162/474/395 6170/292/403 6171/483/404 6163/475/396
f 6163/475/396 6171/483/404 6172/484/405 6164/476/397
f 6164/476/397 6172/484/405 6173/485/406 6165/477/398
f 6165/477/398 6173/485/406 6174/203/407 6166/478/399
f 6166/479/399 6174/486/407 6175/487/408 6167/480/400
f 6167/480/400 6175/487/408 6176/488/409 6168/481/401
f 6168/481/401 6176/488/409 6177/489/410 6169/482/402
f 6169/482/402 6177/489/410 6170/292/403 6162/474/395
f 6170/292/403 6178/490/411 6179/491/412 6171/483/404
f 6171/483/404 6179/491/412 6180/492/413 6172/484/405
f 6172/484/405 6180/492/413 6181/493/414 6173/485/406
f 6173/485/406 6181/493/414 6182/494/415 6174/203/407
f 6174/486/407 6182/495/415 6183/496/416 6175/487/408
f 6175/487/408 6183/496/416 6184/497/417 6176/488/409
f 6176/488/409 6184/497/417 6185/498/418 6177/489/410
f 6177/489/410 6185/498/418 6178/490/411 6170/292/403
f 6178/490/411 6186/499/419 6187/500/617 6179/491/412
f 6179/491/412 6187/500/617 6188/501/421 6180/492/413
f 6180/492/413 6188/501/421 6189/502/422 6181/493/414
f 6181/493/414 6189/502/422 6190/503/423 6182/494/415
f 6182/495/415 6190/504/423 6191/505/424 6183/496/416
f 6183/496/416 6191/505/424 6192/506/425 6184/497/417
f 6184/497/417 6192/506/425 6193/507/622 6185/498/418
f 6185/498/418 6193/507/622 6186/499/419 6178/490/411
f 6186/499/419 6002/290/229 6003/301/242 6187/500/617
f 6187/500/617 6003/301/242 6004/303/243 6188/501/421
f 6188/501/421 6004/303/243 6005/305/244 6189/502/422
f 6189/502/422 6005/305/244 6006/199/237 6190/503/423
f 6190/504/423 6006/307/237 6007/310/245 6191/505/424
f 6191/505/424 6007/310/245 6008/312/246 6192/506/425
f 6192/506/425 6008/312/246 6009/314/247 6193/507/622
f 6193/507/622 6009/314/247 6002/290/229 6186/499/419
f 6194/290/241 6202/299/433 6203/300/434 6195/301/427
f 6195/301/427 6203/300/434 6204/302/435 6196/303/428
f 6196/303/428 6204/302/435 6205/304/436 6197/305/429
f 6197/305/429 6205/304/436 6206/306/437 6198/199/233
f 6198/307/233 6206/308/437 6207/309/438 6199/310/430
f 6199/310/430 6207/309/438 6208/311/439 6200/312/431
f 6200/312/431 6208/311/439 6209/313/440 6201/314/432
f 6201/314/432 6209/313/440 6202/299/433 6194/290/241
f 6202/299/433 6210/315/441 6211/316/442 6203/300/434
f 6203/300/434 6211/316/442 6212/317/443 6204/302/435
f 6204/302/435 6212/317/443 6213/318/444 6205/304/436
f 6205/304/436 6213/318/444 6214/319/445 6206/306/437
f 6206/308/437 6214/320/445 6215/321/446 6207/309/438
f 6207/309/438 6215/321/446 6216/322/447 6208/311/439
f 6208/311/439 6216/322/447 6217/323/448 6209/313/440
f 6209/313/440 6217/323/448 6210/315/441 6202/299/433
f 6210/315/441 6218/288/449 6219/324/450 6211/316/442
f 6211/316/442 6219/324/450 6220/325/451 6212/317/443
f 6212/317/443 6220/325/451 6221/326/452 6213/318/444
f 6213/318/444 6221/326/452 6222/195/453 6214/319/445
f 6214/320/445 6222/327/453 6223/328/454 6215/321/446
f 6215/321/446 6223/328/454 6224/329/455 6216/322/447
f 6216/322/447 6224/329/455 6225/330/456 6217/323/448
f 6217/323/448 6225/330/456 6218/288/449 6210/315/441
f 6218/288/449 6226/331/457 6227/332/625 6219/324/450
f 6219/324/450 6227/332/625 6228/333/459 6220/325/451
f 6220/325/451 6228/333/459 6229/334/460 6221/326/452
f 6221/326/452 6229/334/460 6230/335/461 6222/195/453
f 6222/327/453 6230/336/461 6231/337/462 6223/328/454
f 6223/328/454 6231/337/462 6232/338/463 6224/329/455
f 6224/329/455 6232/338/463 6233/339/626 6225/330/456
f 6225/330/456 6233/339/626 6226/331/457 6218/288/449
f 6226/331/457 6234/340/465 6235/341/659 6227/332/625
f 6227/332/625 6235/341/659 6236/342/624 6228/333/459
f 6228/333/459 6236/342/624 6237/343/468 6229/334/460
f 6229/334/460 6237/343/468 6238/344/469 6230/335/461
f 6230/336/461 6238/345/469 6239/346/470 6231/337/462
f 6231/337/462 6239/346/470 6240/347/641 6232/338/463
f 6232/338/463 6240/347/641 6241/348/660 6233/339/626
f 6233/339/626 6241/348/660 6234/340/465 6226/331/457
f 6234/340/465 6242/286/288 6243/349/473 6235/341/659
f 6235/341/659 6243/349/473 6244/350/474 6236/342/624
f 6236/342/624 6244/350/474 6245/351/475 6237/343/468
f 6237/343/468 6245/351/475 6246/191/47 6238/344/469
f 6238/345/469 6246/352/47 6247/353/476 6239/346/470
f 6239/346/470 6247/353/476 6248/354/477 6240/347/641
f 6240/347/641 6248/354/477 6249/355/478 6241/348/660
f 6241/348/660 6249/355/478 6242/286/288 6234/340/465
f 6242/286/288 6250/356/479 6251/357/631 6243/349/473
f 6243/349/473 6251/357/631 6252/358/623 6244/350/474
f 6244/350/474 6252/358/623 6253/359/482 6245/351/475
f 6245/351/475 6253/359/482 6254/360/483 6246/191/47
f 6246/352/47 6254/361/483 6255/362/484 6247/353/476
f 6247/353/476 6255/362/484 6256/363/642 6248/354/477
f 6248/354/477 6256/363/642 6257/364/632 6249/355/478
f 6249/355/478 6257/364/632 6250/356/479 6242/286/288
f 6250/356/479 6258/365/487 6259/366/627 6251/357/631
f 6251/357/631 6259/366/627 6260/367/489 6252/358/623
f 6252/358/623 6260/367/489 6261/368/490 6253/359/482
f 6253/359/482 6261/368/490 6262/369/491 6254/360/483
f 6254/361/483 6262/370/491 6263/371/492 6255/362/484
f 6255/362/484 6263/371/492 6264/372/493 6256/363/642
f 6256/363/642 6264/372/493 6265/373/628 6257/364/632
f 6257/364/632 6265/373/628 6258/365/487 6250/356/479
f 6258/365/487 6266/284/495 6267/374/496 6259/366/627
f 6259/366/627 6267/374/496 6268/375/497 6260/367/489
f 6260/367/489 6268/375/497 6269/376/498 6261/368/490
f 6261/368/490 6269/376/498 6270/187/499 6262/369/491
f 6262/370/491 6270/377/499 6271/378/500 6263/371/492
f 6263/371/492 6271/378/500 6272/379/501 6264/372/493
f 6264/372/493 6272/379/501 6273/380/502 6265/373/628
f 6265/373/628 6273/380/502 6266/284/495 6258/365/487
f 6266/284/495 6274/381/503 6275/382/504 6267/374/496
f 6267/374/496 6275/382/504 6276/383/505 6268/375/497
f 6268/375/497 6276/383/505 6277/384/506 6269/376/498
f 6269/376/498 6277/384/506 6278/385/507 6270/187/499
f 6270/377/499 6278/386/507 6279/387/508 6271/378/500
f 6271/378/500 6279/387/508 6280/388/509 6272/379/501
f 6272/379/501 6280/388/509 6281/389/510 6273/380/502
f 6273/380/502 6281/389/510 6274/381/503 6266/284/495
f 6274/381/503 6282/390/511 6283/391/512 6275/382/504
f 6275/382/504 6283/391/512 6284/392/513 6276/383/505
f 6276/383/505 6284/392/513 6285/393/514 6277/384/506
f 6277/384/506 6285/393/514 6286/394/515 6278/385/507
f 6278/386/507 6286/395/515 6287/396/516 6279/387/508
f 6279/387/508 6287/396/516 6288/397/517 6280/388/509
f 6280/388/509 6288/397/517 6289/398/518 6281/389/510
f 6281/389/510 6289/398/518 6282/390/511 6274/381/503
f 6282/390/511 6290/282/233 6291/399/519 6283/391/512
f 6283/391/512 6291/399/519 6292/400/520 6284/392/513
f 6284/392/513 6292/400/520 6293/401/521 6285/393/514
f 6285/393/514 6293/401/521 6294/184/241 6286/394/515
f 6286/395/515 6294/402/241 6295/403/522 6287/396/516
f 6287/396/516 6295/403/522 6296/404/523 6288/397/517
f 6288/397/517 6296/404/523 6297/405/524 6289/398/518
f 6289/398/518 6297/405/524 6290/282/233 6282/390/511
f 6290/406/233 6298/407/525 6299/408/526 6291/409/519
f 6291/409/519 6299/408/526 6300/410/527 6292/411/520
f 6292/411/520 6300/410/527 6301/412/528 6293/413/521
f 6293/413/521 6301/412/528 6302/414/529 6294/415/241
f 6294/416/241 6302/417/529 6303/418/530 6295/419/522
f 6295/419/522 6303/418/530 6304/420/531 6296/421/523
f 6296/421/523 6304/420/531 6305/422/532 6297/423/524
f 6297/423/524 6305/422/532 6298/407/525 6290/406/233
f 6298/407/525 6306/424/533 6307/425/534 6299/408/526
f 6299/408/526 6307/425/534 6308/426/535 6300/410/527
f 6300/410/527 6308/426/535 6309/427/536 6301/412/528
f 6301/412/528 6309/427/536 6310/428/537 6302/414/529
f 6302/417/529 6310/429/537 6311/430/538 6303/418/530
f 6303/418/530 6311/430/538 6312/431/539 6304/420/531
f 6304/420/531 6312/431/539 6313/432/540 6305/422/532
f 6305/422/532 6313/432/540 6306/424/533 6298/407/525
f 6306/424/533 6314/296/541 6315/433/542 6307/425/534
f 6307/425/534 6315/433/542 6316/434/543 6308/426/535
f 6308/426/535 6316/434/543 6317/435/544 6309/427/536
f 6309/427/536 6317/435/544 6318/211/545 6310/428/537
f 6310/429/537 6318/436/545 6319/437/546 6311/430/538
f 6311/430/538 6319/437/546 6320/438/547 6312/431/539
f 6312/431/539 6320/438/547 6321/439/548 6313/432/540
f 6313/432/540 6321/439/548 6314/296/541 6306/424/533
f 6314/296/541 6322/440/549 6323/441/550 6315/433/542
f 6315/433/542 6323/441/550 6324/442/551 6316/434/543
f 6316/434/543 6324/442/551 6325/443/552 6317/435/544
f 6317/435/544 6325/443/552 6326/444/553 6318/211/545
f 6318/436/545 6326/445/553 6327/446/554 6319/437/546
f 6319/437/546 6327/446/554 6328/447/555 6320/438/547
f 6320/438/547 6328/447/555 6329/448/556 6321/439/548
f 6321/439/548 6329/448/556 6322/440/549 6314/296/541
f 6322/440/549 6330/449/557 6331/450/558 6323/441/550
f 6323/441/550 6331/450/558 6332/451/559 6324/442/551
f 6324/442/551 6332/451/559 6333/452/560 6325/443/552
f 6325/443/552 6333/452/560 6334/453/561 6326/444/553
f 6326/445/553 6334/454/561 6335/455/562 6327/446/554
f 6327/446/554 6335/455/562 6336/456/618 6328/447/555
f 6328/447/555 6336/456/618 6337/457/564 6329/448/556
f 6329/448/556 6337/457/564 6330/449/557 6322/440/549
f 6330/449/557 6338/294/47 6339/458/565 6331/450/558
f 6331/450/558 6339/458/565 6340/459/566 6332/451/559
f 6332/451/559 6340/459/566 6341/460/567 6333/452/560
f 6333/452/560 6341/460/567 6342/207/288 6334/453/561
f 6334/454/561 6342/461/288 6343/462/568 6335/455/562
f 6335/455/562 6343/462/568 6344/463/569 6336/456/618
f 6336/456/618 6344/463/569 6345/464/570 6337/457/564
f 6337/457/564 6345/464/570 6338/294/47 6330/449/557
f 6338/294/47 6346/465/571 6347/466/572 6339/458/565
f 6339/458/565 6347/466/572 6348/467/619 6340/459/566
f 6340/459/566 6348/467/619 6349/468/574 6341/460/567
f 6341/460/567 6349/468/574 6350/469/575 6342/207/288
f 6342/461/288 6350/470/575 6351/471/661 6343/462/568
f 6343/462/568 6351/471/661 6352/472/620 6344/463/569
f 6344/463/569 6352/472/620 6353/473/578 6345/464/570
f 6345/464/570 6353/473/578 6346/465/571 6338/294/47
f 6346/465/571 6354/474/579 6355/475/580 6347/466/572
f 6347/466/572 6355/475/580 6356/476/581 6348/467/619
f 6348/467/619 6356/476/581 6357/477/582 6349/468/574
f 6349/468/574 6357/477/582 6358/478/583 6350/469/575
f 6350/470/575 6358/479/583 6359/480/584 6351/471/661
f 6351/471/661 6359/480/584 6360/481/585 6352/472/620
f 6352/472/620 6360/481/585 6361/482/586 6353/473/578
f 6353/473/578 6361/482/586 6354/474/579 6346/465/571
f 6354/474/579 6362/292/587 6363/483/588 6355/475/580
f 6355/475/580 6363/483/588 6364/484/589 6356/476/581
f 6356/476/581 6364/484/589 6365/485/590 6357/477/582
f 6357/477/582 6365/485/590 6366/203/591 6358/478/583
f 6358/479/583 6366/486/591 6367/487/592 6359/480/584
f 6359/480/584 6367/487/592 6368/488/593 6360/481/585
f 6360/481/585 6368/488/593 6369/489/594 6361/482/586
f 6361/482/586 6369/489/594 6362/292/587 6354/474/579
f 6362/292/587 6370/490/595 6371/491/596 6363/483/588
f 6363/483/588 6371/491/596 6372/492/597 6364/484/589
f 6364/484/589 6372/492/597 6373/493/598 6365/485/590
f 6365/485/590 6373/493/598 6374/494/599 6366/203/591
f 6366/486/591 6374/495/599 6375/496/600 6367/487/592
f 6367/487/592 6375/496/600 6376/497/601 6368/488/593
f 6368/488/593 6376/497/601 6377/498/602 6369/489/594
f 6369/489/594 6377/498/602 6370/490/595 6362/292/587
f 6370/490/595 6378/499/603 6379/500/604 6371/491/596
f 6371/491/596 6379/500/604 6380/501/605 6372/492/597
f 6372/492/597 6380/501/605 6381/502/606 6373/493/598
f 6373/493/598 6381/502/606 6382/503/607 6374/494/599
f 6374/495/599 6382/504/607 6383/505/608 6375/496/600
f 6375/496/600 6383/505/608 6384/506/609 6376/497/601
f 6376/497/601 6384/506/609 6385/507/610 6377/498/602
f 6377/498/602 6385/507/610 6378/499/603 6370/490/595
f 6378/499/603 6194/290/241 6195/301/427 6379/500/604
f 6379/500/604 6195/301/427 6196/303/428 6380/501/605
f 6380/501/605 6196/303/428 6197/305/429 6381/502/606
f 6381/502/606 6197/305/429 6198/199/233 6382/503/607
f 6382/504/607 6198/307/233 6199/310/430 6383/505/608
f 6383/505/608 6199/310/430 6200/312/431 6384/506/609
f 6384/506/609 6200/312/431 6201/314/432 6385/507/610
f 6385/507/610 6201/314/432 6194/290/241 6378/499/603
f 6386/290/229 6394/299/248 6395/300/614 6387/301/242
f 6387/301/242 6395/300/614 6396/302/250 6388/303/243
f 6388/303/243 6396/302/250 6397/304/251 6389/305/244
f 6389/305/244 6397/304/251 6398/306/252 6390/199/237
f 6390/307/237 6398/308/252 6399/309/253 6391/310/245
f 6391/310/245 6399/309/253 6400/311/254 6392/312/246
f 6392/312/246 6400/311/254 6401/313/621 6393/314/247
f 6393/314/247 6401/313/621 6394/299/248 6386/290/229
f 6394/299/248 6402/315/256 6403/316/257 6395/300/614
f 6395/300/614 6403/316/257 6404/317/258 6396/302/250
f 6396/302/250 6404/317/258 6405/318/259 6397/304/251
f 6397/304/251 6405/318/259 6406/319/260 6398/306/252
f 6398/308/252 6406/320/260 6407/321/261 6399/309/253
f 6399/309/253 6407/321/261 6408/322/262 6400/311/254
f 6400/311/254 6408/322/262 6409/323/263 6401/313/621
f 6401/313/621 6409/323/263 6402/315/256 6394/299/248
f 6402/315/256 6410/288/264 6411/324/265 6403/316/257
f 6403/316/257 6411/324/265 6412/325/266 6404/317/258
f 6404/317/258 6412/325/266 6413/326/267 6405/318/259
f 6405/318/259 6413/326/267 6414/195/268 6406/319/260
f 6406/320/260 6414/327/268 6415/328/269 6407/321/261
f 6407/321/261 6415/328/269 6416/329/270 6408/322/262
f 6408/322/262 6416/329/270 6417/330/271 6409/323/263
f 6409/323/263 6417/330/271 6410/288/264 6402/315/256
f 6410/288/264 6418/331/272 6419/332/273 6411/324/265
f 6411/324/265 6419/332/273 6420/333/274 6412/325/266
f 6412/325/266 6420/333/274 6421/334/275 6413/326/267
f 6413/326/267 6421/334/275 6422/335/276 6414/195/268
f 6414/327/268 6422/336/276 6423/337/277 6415/328/269
f 6415/328/269 6423/337/277 6424/338/278 6416/329/270
f 6416/329/270 6424/338/278 6425/339/279 6417/330/271
f 6417/330/271 6425/339/279 6418/331/272 6410/288/264
f 6418/331/272 6426/340/280 6427/341/281 6419/332/273
f 6419/332/273 6427/341/281 6428/342/282 6420/333/274
f 6420/333/274 6428/342/282 6429/343/283 6421/334/275
f 6421/334/275 6429/343/283 6430/344/284 6422/335/276
f 6422/336/276 6430/345/284 6431/346/285 6423/337/277
f 6423/337/277 6431/346/285 6432/347/286 6424/338/278
f 6424/338/278 6432/347/286 6433/348/287 6425/339/279
f 6425/339/279 6433/348/287 6426/340/280 6418/331/272
f 6426/340/280 6434/286/288 6435/349/289 6427/341/281
f 6427/341/281 6435/349/289 6436/350/662 6428/342/282
f 6428/342/282 6436/350/662 6437/351/291 6429/343/283
f 6429/343/283 6437/351/291 6438/191/47 6430/344/284
f 6430/345/284 6438/352/47 6439/353/292 6431/346/285
f 6431/346/285 6439/353/292 6440/354/663 6432/347/286
f 6432/347/286 6440/354/663 6441/355/294 6433/348/287
f 6433/348/287 6441/355/294 6434/286/288 6426/340/280
f 6434/286/288 6442/356/295 6443/357/296 6435/349/289
f 6435/349/289 6443/357/296 6444/358/297 6436/350/662
f 6436/350/662 6444/358/297 6445/359/298 6437/351/291
f 6437/351/291 6445/359/298 6446/360/299 6438/191/47
f 6438/352/47 6446/361/299 6447/362/300 6439/353/292
f 6439/353/292 6447/362/300 6448/363/301 6440/354/663
f 6440/354/663 6448/363/301 6449/364/302 6441/355/294
f 6441/355/294 6449/364/302 6442/356/295 6434/286/288
f 6442/356/295 6450/365/303 6451/366/304 6443/357/296
f 6443/357/296 6451/366/304 6452/367/305 6444/358/297
f 6444/358/297 6452/367/305 6453/368/306 6445/359/298
f 6445/359/298 6453/368/306 6454/369/307 6446/360/299
f 6446/361/299 6454/370/307 6455/371/308 6447/362/300
f 6447/362/300 6455/371/308 6456/372/309 6448/363/301
f 6448/363/301 6456/372/309 6457/373/310 6449/364/302
f 6449/364/302 6457/373/310 6450/365/303 6442/356/295
f 6450/365/303 6458/284/311 6459/374/312 6451/366/304
f 6451/366/304 6459/374/312 6460/375/313 6452/367/305
f 6452/367/305 6460/375/313 6461/376/314 6453/368/306
f 6453/368/306 6461/376/314 6462/187/315 6454/369/307
f 6454/370/307 6462/377/315 6463/378/316 6455/371/308
f 6455/371/308 6463/378/316 6464/379/317 6456/372/309
f 6456/372/309 6464/379/317 6465/380/318 6457/373/310
f 6457/373/310 6465/380/318 6458/284/311 6450/365/303
f 6458/284/311 6466/381/319 6467/382/320 6459/374/312
f 6459/374/312 6467/382/320 6468/383/321 6460/375/313
f 6460/375/313 6468/383/321 6469/384/322 6461/376/314
f 6461/376/314 6469/384/322 6470/385/323 6462/187/315
f 6462/377/315 6470/386/323 6471/387/324 6463/378/316
f 6463/378/316 6471/387/324 6472/388/325 6464/379/317
f 6464/379/317 6472/388/325 6473/389/326 6465/380/318
f 6465/380/318 6473/389/326 6466/381/319 6458/284/311
f 6466/381/319 6474/390/327 6475/391/328 6467/382/320
f 6467/382/320 6475/391/328 6476/392/329 6468/383/321
f 6468/383/321 6476/392/329 6477/393/330 6469/384/322
f 6469/384/322 6477/393/330 6478/394/331 6470/385/323
f 6470/386/323 6478/395/331 6479/396/332 6471/387/324
f 6471/387/324 6479/396/332 6480/397/333 6472/388/325
f 6472/388/325 6480/397/333 6481/398/334 6473/389/326
f 6473/389/326 6481/398/334 6474/390/327 6466/381/319
f 6474/390/327 6482/282/237 6483/399/335 6475/391/328
f 6475/391/328 6483/399/335 6484/400/336 6476/392/329
f 6476/392/329 6484/400/336 6485/401/337 6477/393/330
f 6477/393/330 6485/401/337 6486/184/229 6478/394/331
f 6478/395/331 6486/402/229 6487/403/338 6479/396/332
f 6479/396/332 6487/403/338 6488/404/339 6480/397/333
f 6480/397/333 6488/404/339 6489/405/340 6481/398/334
f 6481/398/334 6489/405/340 6482/282/237 6474/390/327
f 6482/406/237 6490/407/341 6491/408/342 6483/409/335
f 6483/409/335 6491/408/342 6492/410/343 6484/411/336
f 6484/411/336 6492/410/343 6493/412/344 6485/413/337
f 6485/413/337 6493/412/344 6494/414/345 6486/415/229
f 6486/416/229 6494/417/345 6495/418/346 6487/419/338
f 6487/419/338 6495/418/346 6496/420/347 6488/421/339
f 6488/421/339 6496/420/347 6497/422/348 6489/423/340
f 6489/423/340 6497/422/348 6490/407/341 6482/406/237
f 6490/407/341 6498/424/349 6499/425/350 6491/408/342
f 6491/408/342 6499/425/350 6500/426/351 6492/410/343
f 6492/410/343 6500/426/351 6501/427/352 6493/412/344
f 6493/412/344 6501/427/352 6502/428/353 6494/414/345
f 6494/417/345 6502/429/353 6503/430/354 6495/418/346
f 6495/418/346 6503/430/354 6504/431/355 6496/420/347
f 6496/420/347 6504/431/355 6505/432/356 6497/422/348
f 6497/422/348 6505/432/356 6498/424/349 6490/407/341
f 6498/424/349 6506/296/357 6507/433/358 6499/425/350
f 6499/425/350 6507/433/358 6508/434/359 6500/426/351
f 6500/426/351 6508/434/359 6509/435/360 6501/427/352
f 6501/427/352 6509/435/360 6510/211/361 6502/428/353
f 6502/429/353 6510/436/361 6511/437/362 6503/430/354
f 6503/430/354 6511/437/362 6512/438/363 6504/431/355
f 6504/431/355 6512/438/363 6513/439/364 6505/432/356
f 6505/432/356 6513/439/364 6506/296/357 6498/424/349
f 6506/296/357 6514/440/365 6515/441/366 6507/433/358
f 6507/433/358 6515/441/366 6516/442/367 6508/434/359
f 6508/434/359 6516/442/367 6517/443/368 6509/435/360
f 6509/435/360 6517/443/368 6518/444/369 6510/211/361
f 6510/436/361 6518/445/369 6519/446/370 6511/437/362
f 6511/437/362 6519/446/370 6520/447/371 6512/438/363
f 6512/438/363 6520/447/371 6521/448/372 6513/439/364
f 6513/439/364 6521/448/372 6514/440/365 6506/296/357
f 6514/440/365 6522/449/373 6523/450/374 6515/441/366
f 6515/441/366 6523/450/374 6524/451/375 6516/442/367
f 6516/442/367 6524/451/375 6525/452/376 6517/443/368
f 6517/443/368 6525/452/376 6526/453/664 6518/444/369
f 6518/445/369 6526/454/664 6527/455/378 6519/446/370
f 6519/446/370 6527/455/378 6528/456/379 6520/447/371
f 6520/447/371 6528/456/379 6529/457/380 6521/448/372
f 6521/448/372 6529/457/380 6522/449/373 6514/440/365
f 6522/449/373 6530/294/47 6531/458/381 6523/450/374
f 6523/450/374 6531/458/381 6532/459/382 6524/451/375
f 6524/451/375 6532/459/382 6533/460/383 6525/452/376
f 6525/452/376 6533/460/383 6534/207/288 6526/453/664
f 6526/454/664 6534/461/288 6535/462/384 6527/455/378
f 6527/455/378 6535/462/384 6536/463/385 6528/456/379
f 6528/456/379 6536/463/385 6537/464/386 6529/457/380
f 6529/457/380 6537/464/386 6530/294/47 6522/449/373
f 6530/294/47 6538/465/387 6539/466/388 6531/458/381
f 6531/458/381 6539/466/388 6540/467/389 6532/459/382
f 6532/459/382 6540/467/389 6541/468/390 6533/460/383
f 6533/460/383 6541/468/390 6542/469/665 6534/207/288
f 6534/461/288 6542/470/665 6543/471/392 6535/462/384
f 6535/462/384 6543/471/392 6544/472/393 6536/463/385
f 6536/463/385 6544/472/393 6545/473/394 6537/464/386
f 6537/464/386 6545/473/394 6538/465/387 6530/294/47
f 6538/465/387 6546/474/395 6547/475/396 6539/466/388
f 6539/466/388 6547/475/396 6548/476/397 6540/467/389
f 6540/467/389 6548/476/397 6549/477/398 6541/468/390
f 6541/468/390 6549/477/398 6550/478/399 6542/469/665
f 6542/470/665 6550/479/399 6551/480/400 6543/471/392
f 6543/471/392 6551/480/400 6552/481/401 6544/472/393
f 6544/472/393 6552/481/401 6553/482/402 6545/473/394
f 6545/473/394 6553/482/402 6546/474/395 6538/465/387
f 6546/474/395 6554/292/403 6555/483/404 6547/475/396
f 6547/475/396 6555/483/404 6556/484/405 6548/476/397
f 6548/476/397 6556/484/405 6557/485/406 6549/477/398
f 6549/477/398 6557/485/406 6558/203/407 6550/478/399
f 6550/479/399 6558/486/407 6559/487/408 6551/480/400
f 6551/480/400 6559/487/408 6560/488/409 6552/481/401
f 6552/481/401 6560/488/409 6561/489/410 6553/482/402
f 6553/482/402 6561/489/410 6554/292/403 6546/474/395
f 6554/292/403 6562/490/411 6563/491/412 6555/483/404
f 6555/483/404 6563/491/412 6564/492/413 6556/484/405
f 6556/484/405 6564/492/413 6565/493/414 6557/485/406
f 6557/485/406 6565/493/414 6566/494/415 6558/203/407
f 6558/486/407 6566/495/415 6567/496/416 6559/487/408
f 6559/487/408 6567/496/416 6568/497/417 6560/488/409
f 6560/488/409 6568/497/417 6569/498/418 6561/489/410
f 6561/489/410 6569/498/418 6562/490/411 6554/292/403
f 6562/490/411 6570/499/419 6571/500/420 6563/491/412
f 6563/491/412 6571/500/420 6572/501/421 6564/492/413
f 6564/492/413 6572/501/421 6573/502/422 6565/493/414
f 6565/493/414 6573/502/422 6574/503/423 6566/494/415
f 6566/495/415 6574/504/423 6575/505/424 6567/496/416
f 6567/496/416 6575/505/424 6576/506/425 6568/497/417
f 6568/497/417 6576/506/425 6577/507/426 6569/498/418
f 6569/498/418 6577/507/426 6570/499/419 6562/490/411
f 6570/499/419 6386/290/229 6387/301/242 6571/500/420
f 6571/500/420 6387/301/242 6388/303/243 6572/501/421
f 6572/501/421 6388/303/243 6389/305/244 6573/502/422
f 6573/502/422 6389/305/244 6390/199/237 6574/503/423
f 6574/504/423 6390/307/237 6391/310/245 6575/505/424
f 6575/505/424 6391/310/245 6392/312/246 6576/506/425
f 6576/506/425 6392/312/246 6393/314/247 6577/507/426
f 6577/507/426 6393/314/247 6386/290/229 6570/499/419
f 6578/290/241 6586/299/433 6587/300/434 6579/301/427
f 6579/301/427 6587/300/434 6588/302/435 6580/303/428
f 6580/303/428 6588/302/435 6589/304/436 6581/305/429
f 6581/305/429 6589/304/436 6590/306/437 6582/199/233
f 6582/307/233 6590/308/437 6591/309/438 6583/310/430
f 6583/310/430 6591/309/438 6592/311/439 6584/312/431
f 6584/312/431 6592/311/439 6593/313/440 6585/314/432
f 6585/314/432 6593/313/440 6586/299/433 6578/290/241
f 6586/299/433 6594/315/441 6595/316/442 6587/300/434
f 6587/300/434 6595/316/442 6596/317/443 6588/302/435
f 6588/302/435 6596/317/443 6597/318/444 6589/304/436
f 6589/304/436 6597/318/444 6598/319/445 6590/306/437
f 6590/308/437 6598/320/445 6599/321/446 6591/309/438
f 6591/309/438 6599/321/446 6600/322/447 6592/311/439
f 6592/311/439 6600/322/447 6601/323/448 6593/313/440
f 6593/313/440 6601/323/448 6594/315/441 6586/299/433
f 6594/315/441 6602/288/449 6603/324/450 6595/316/442
f 6595/316/442 6603/324/450 6604/325/451 6596/317/443
f 6596/317/443 6604/325/451 6605/326/452 6597/318/444
f 6597/318/444 6605/326/452 6606/195/453 6598/319/445
f 6598/320/445 6606/327/453 6607/328/454 6599/321/446
f 6599/321/446 6607/328/454 6608/329/455 6600/322/447
f 6600/322/447 6608/329/455 6609/330/456 6601/323/448
f 6601/323/448 6609/330/456 6602/288/449 6594/315/441
f 6602/288/449 6610/331/457 6611/332/458 6603/324/450
f 6603/324/450 6611/332/458 6612/333/459 6604/325/451
f 6604/325/451 6612/333/459 6613/334/460 6605/326/452
f 6605/326/452 6613/334/460 6614/335/461 6606/195/453
f 6606/327/453 6614/336/461 6615/337/462 6607/328/454
f 6607/328/454 6615/337/462 6616/338/463 6608/329/455
f 6608/329/455 6616/338/463 6617/339/464 6609/330/456
f 6609/330/456 6617/339/464 6610/331/457 6602/288/449
f 6610/331/457 6618/340/465 6619/341/466 6611/332/458
f 6611/332/458 6619/341/466 6620/342/624 6612/333/459
f 6612/333/459 6620/342/624 6621/343/468 6613/334/460
f 6613/334/460 6621/343/468 6622/344/650 6614/335/461
f 6614/336/461 6622/345/650 6623/346/470 6615/337/462
f 6615/337/462 6623/346/470 6624/347/471 6616/338/463
f 6616/338/463 6624/347/471 6625/348/472 6617/339/464
f 6617/339/464 6625/348/472 6618/340/465 6610/331/457
f 6618/340/465 6626/286/288 6627/349/473 6619/341/466
f 6619/341/466 6627/349/473 6628/350/474 6620/342/624
f 6620/342/624 6628/350/474 6629/351/475 6621/343/468
f 6621/343/468 6629/351/475 6630/191/47 6622/344/650
f 6622/345/650 6630/352/47 6631/353/476 6623/346/470
f 6623/346/470 6631/353/476 6632/354/477 6624/347/471
f 6624/347/471 6632/354/477 6633/355/478 6625/348/472
f 6625/348/472 6633/355/478 6626/286/288 6618/340/465
f 6626/286/288 6634/356/479 6635/357/480 6627/349/473
f 6627/349/473 6635/357/480 6636/358/481 6628/350/474
f 6628/350/474 6636/358/481 6637/359/482 6629/351/475
f 6629/351/475 6637/359/482 6638/360/651 6630/191/47
f 6630/352/47 6638/361/651 6639/362/484 6631/353/476
f 6631/353/476 6639/362/484 6640/363/485 6632/354/477
f 6632/354/477 6640/363/485 6641/364/486 6633/355/478
f 6633/355/478 6641/364/486 6634/356/479 6626/286/288
f 6634/356/479 6642/365/487 6643/366/488 6635/357/480
f 6635/357/480 6643/366/488 6644/367/489 6636/358/481
f 6636/358/481 6644/367/489 6645/368/490 6637/359/482
f 6637/359/482 6645/368/490 6646/369/491 6638/360/651
f 6638/361/651 6646/370/491 6647/371/492 6639/362/484
f 6639/362/484 6647/371/492 6648/372/493 6640/363/485
f 6640/363/485 6648/372/493 6649/373/494 6641/364/486
f 6641/364/486 6649/373/494 6642/365/487 6634/356/479
f 6642/365/487 6650/284/495 6651/374/496 6643/366/488
f 6643/366/488 6651/374/496 6652/375/497 6644/367/489
f 6644/367/489 6652/375/497 6653/376/498 6645/368/490
f 6645/368/490 6653/376/498 6654/187/499 6646/369/491
f 6646/370/491 6654/377/499 6655/378/500 6647/371/492
f 6647/371/492 6655/378/500 6656/379/501 6648/372/493
f 6648/372/493 6656/379/501 6657/380/502 6649/373/494
f 6649/373/494 6657/380/502 6650/284/495 6642/365/487
f 6650/284/495 6658/381/503 6659/382/504 6651/374/496
f 6651/374/496 6659/382/504 6660/383/505 6652/375/497
f 6652/375/497 6660/383/505 6661/384/506 6653/376/498
f 6653/376/498 6661/384/506 6662/385/507 6654/187/499
f 6654/377/499 6662/386/507 6663/387/508 6655/378/500
f 6655/378/500 6663/387/508 6664/388/509 6656/379/501
f 6656/379/501 6664/388/509 6665/389/510 6657/380/502
f 6657/380/502 6665/389/510 6658/381/503 6650/284/495
f 6658/381/503 6666/390/511 6667/391/512 6659/382/504
f 6659/382/504 6667/391/512 6668/392/513 6660/383/505
f 6660/383/505 6668/392/513 6669/393/514 6661/384/506
f 6661/384/506 6669/393/514 6670/394/515 6662/385/507
f 6662/386/507 6670/395/515 6671/396/516 6663/387/508
f 6663/387/508 6671/396/516 6672/397/517 6664/388/509
f 6664/388/509 6672/397/517 6673/398/518 6665/389/510
f 6665/389/510 6673/398/518 6666/390/511 6658/381/503
f 6666/390/511 6674/282/233 6675/399/519 6667/391/512
f 6667/391/512 6675/399/519 6676/400/520 6668/392/513
f 6668/392/513 6676/400/520 6677/401/521 6669/393/514
f 6669/393/514 6677/401/521 6678/184/241 6670/394/515
f 6670/395/515 6678/402/241 6679/403/522 6671/396/516
f 6671/396/516 6679/403/522 6680/404/523 6672/397/517
f 6672/397/517 6680/404/523 6681/405/524 6673/398/518
f 6673/398/518 6681/405/524 6674/282/233 6666/390/511
f 6674/406/233 6682/407/525 6683/408/526 6675/409/519
f 6675/409/519 6683/408/526 6684/410/527 6676/411/520
f 6676/411/520 6684/410/527 6685/412/528 6677/413/521
f 6677/413/521 6685/412/528 6686/414/529 6678/415/241
f 6678/416/241 6686/417/529 6687/418/530 6679/419/522
f 6679/419/522 6687/418/530 6688/420/531 6680/421/523
f 6680/421/523 6688/420/531 6689/422/532 6681/423/524
f 6681/423/524 6689/422/532 6682/407/525 6674/406/233
f 6682/407/525 6690/424/533 6691/425/534 6683/408/526
f 6683/408/526 6691/425/534 6692/426/535 6684/410/527
f 6684/410/527 6692/426/535 6693/427/536 6685/412/528
f 6685/412/528 6693/427/536 6694/428/666 6686/414/529
f 6686/417/529 6694/429/666 6695/430/538 6687/418/530
f 6687/418/530 6695/430/538 6696/431/539 6688/420/531
f 6688/420/531 6696/431/539 6697/432/540 6689/422/532
f 6689/422/532 6697/432/540 6690/424/533 6682/407/525
f 6690/424/533 6698/296/541 6699/433/542 6691/425/534
f 6691/425/534 6699/433/542 6700/434/543 6692/426/535
f 6692/426/535 6700/434/543 6701/435/544 6693/427/536
f 6693/427/536 6701/435/544 6702/211/545 6694/428/666
f 6694/429/666 6702/436/545 6703/437/546 6695/430/538
f 6695/430/538 6703/437/546 6704/438/547 6696/431/539
f 6696/431/539 6704/438/547 6705/439/548 6697/432/540
f 6697/432/540 6705/439/548 6698/296/541 6690/424/533
f 6698/296/541 6706/440/549 6707/441/550 6699/433/542
f 6699/433/542 6707/441/550 6708/442/551 6700/434/543
f 6700/434/543 6708/442/551 6709/443/552 6701/435/544
f 6701/435/544 6709/443/552 6710/444/553 6702/211/545
f 6702/436/545 6710/445/553 6711/446/554 6703/437/546
f 6703/437/546 6711/446/554 6712/447/555 6704/438/547
f 6704/438/547 6712/447/555 6713/448/556 6705/439/548
f 6705/439/548 6713/448/556 6706/440/549 6698/296/541
f 6706/440/549 6714/449/557 6715/450/558 6707/441/550
f 6707/441/550 6715/450/558 6716/451/613 6708/442/551
f 6708/442/551 6716/451/613 6717/452/560 6709/443/552
f 6709/443/552 6717/452/560 6718/453/561 6710/444/553
f 6710/445/553 6718/454/561 6719/455/562 6711/446/554
f 6711/446/554 6719/455/562 6720/456/563 6712/447/555
f 6712/447/555 6720/456/563 6721/457/564 6713/448/556
f 6713/448/556 6721/457/564 6714/449/557 6706/440/549
f 6714/449/557 6722/294/47 6723/458/565 6715/450/558
f 6715/450/558 6723/458/565 6724/459/566 6716/451/613
f 6716/451/613 6724/459/566 6725/460/567 6717/452/560
f 6717/452/560 6725/460/567 6726/207/288 6718/453/561
f 6718/454/561 6726/461/288 6727/462/568 6719/455/562
f 6719/455/562 6727/462/568 6728/463/569 6720/456/563
f 6720/456/563 6728/463/569 6729/464/570 6721/457/564
f 6721/457/564 6729/464/570 6722/294/47 6714/449/557
f 6722/294/47 6730/465/571 6731/466/667 6723/458/565
f 6723/458/565 6731/466/667 6732/467/573 6724/459/566
f 6724/459/566 6732/467/573 6733/468/574 6725/460/567
f 6725/460/567 6733/468/574 6734/469/575 6726/207/288
f 6726/461/288 6734/470/575 6735/471/576 6727/462/568
f 6727/462/568 6735/471/576 6736/472/577 6728/463/569
f 6728/463/569 6736/472/577 6737/473/668 6729/464/570
f 6729/464/570 6737/473/668 6730/465/571 6722/294/47
f 6730/465/571 6738/474/579 6739/475/580 6731/466/667
f 6731/466/667 6739/475/580 6740/476/581 6732/467/573
f 6732/467/573 6740/476/581 6741/477/582 6733/468/574
f 6733/468/574 6741/477/582 6742/478/583 6734/469/575
f 6734/470/575 6742/479/583 6743/480/584 6735/471/576
f 6735/471/576 6743/480/584 6744/481/585 6736/472/577
f 6736/472/577 6744/481/585 6745/482/586 6737/473/668
f 6737/473/668 6745/482/586 6738/474/579 6730/465/571
f 6738/474/579 6746/292/587 6747/483/588 6739/475/580
f 6739/475/580 6747/483/588 6748/484/589 6740/476/581
f 6740/476/581 6748/484/589 6749/485/590 6741/477/582
f 6741/477/582 6749/485/590 6750/203/591 6742/478/583
f 6742/479/583 6750/486/591 6751/487/592 6743/480/584
f 6743/480/584 6751/487/592 6752/488/593 6744/481/585
f 6744/481/585 6752/488/593 6753/489/594 6745/482/586
f 6745/482/586 6753/489/594 6746/292/587 6738/474/579
f 6746/292/587 6754/490/595 6755/491/596 6747/483/588
f 6747/483/588 6755/491/596 6756/492/597 6748/484/589
f 6748/484/589 6756/492/597 6757/493/598 6749/485/590
f 6749/485/590 6757/493/598 6758/494/599 6750/203/591
f 6750/486/591 6758/495/599 6759/496/600 6751/487/592
f 6751/487/592 6759/496/600 6760/497/601 6752/488/593
f 6752/488/593 6760/497/601 6761/498/602 6753/489/594
f 6753/489/594 6761/498/602 6754/490/595 6746/292/587
f 6754/490/595 6762/499/603 6763/500/604 6755/491/596
f 6755/491/596 6763/500/604 6764/501/605 6756/492/597
f 6756/492/597 6764/501/605 6765/502/606 6757/493/598
f 6757/493/598 6765/502/606 6766/503/607 6758/494/599
f 6758/495/599 6766/504/607 6767/505/608 6759/496/600
f 6759/496/600 6767/505/608 6768/506/609 6760/497/601
f 6760/497/601 6768/506/609 6769/507/610 6761/498/602
f 6761/498/602 6769/507/610 6762/499/603 6754/490/595
f 6762/499/603 6578/290/241 6579/301/427 6763/500/604
f 6763/500/604 6579/301/427 6580/303/428 6764/501/605
f 6764/501/605 6580/303/428 6581/305/429 6765/502/606
f 6765/502/606 6581/305/429 6582/199/233 6766/503/607
f 6766/504/607 6582/307/233 6583/310/430 6767/505/608
f 6767/505/608 6583/310/430 6584/312/431 6768/506/609
f 6768/506/609 6584/312/431 6585/314/432 6769/507/610
f 6769/507/610 6585/314/432 6578/290/241 6762/499/603
f 6770/290/229 6778/299/248 6779/300/249 6771/301/242
f 6771/301/242 6779/300/249 6780/302/250 6772/303/243
f 6772/303/243 6780/302/250 6781/304/251 6773/305/244
f 6773/305/244 6781/304/251 6782/306/252 6774/199/237
f 6774/307/237 6782/308/252 6783/309/253 6775/310/245
f 6775/310/245 6783/309/253 6784/311/254 6776/312/246
f 6776/312/246 6784/311/254 6785/313/621 6777/314/247
f 6777/314/247 6785/313/621 6778/299/248 6770/290/229
f 6778/299/248 6786/315/256 6787/316/257 6779/300/249
f 6779/300/249 6787/316/257 6788/317/258 6780/302/250
f 6780/302/250 6788/317/258 6789/318/259 6781/304/251
f 6781/304/251 6789/318/259 6790/319/260 6782/306/252
f 6782/308/252 6790/320/260 6791/321/261 6783/309/253
f 6783/309/253 6791/321/261 6792/322/262 6784/311/254
f 6784/311/254 6792/322/262 6793/323/263 6785/313/621
f 6785/313/621 6793/323/263 6786/315/256 6778/299/248
f 6786/315/256 6794/288/264 6795/324/265 6787/316/257
f 6787/316/257 6795/324/265 6796/325/266 6788/317/258
f 6788/317/258 6796/325/266 6797/326/267 6789/318/259
f 6789/318/259 6797/326/267 6798/195/268 6790/319/260
f 6790/320/260 6798/327/268 6799/328/269 6791/321/261
f 6791/321/261 6799/328/269 6800/329/270 6792/322/262
f 6792/322/262 6800/329/270 6801/330/271 6793/323/263
f 6793/323/263 6801/330/271 6794/288/264 6786/315/256
f 6794/288/264 6802/331/272 6803/332/273 6795/324/265
f 6795/324/265 6803/332/273 6804/333/274 6796/325/266
f 6796/325/266 6804/333/274 6805/334/275 6797/326/267
f 6797/326/267 6805/334/275 6806/335/276 6798/195/268
f 6798/327/268 6806/336/276 6807/337/669 6799/328/269
f 6799/328/269 6807/337/669 6808/338/278 6800/329/270
f 6800/329/270 6808/338/278 6809/339/279 6801/330/271
f 6801/330/271 6809/339/279 6802/331/272 6794/288/264
f 6802/331/272 6810/340/280 6811/341/281 6803/332/273
f 6803/332/273 6811/341/281 6812/342/282 6804/333/274
f 6804/333/274 6812/342/282 6813/343/636 6805/334/275
f 6805/334/275 6813/343/636 6814/344/284 6806/335/276
f 6806/336/276 6814/345/284 6815/346/656 6807/337/669
f 6807/337/669 6815/346/656 6816/347/286 6808/338/278
f 6808/338/278 6816/347/286 6817/348/287 6809/339/279
f 6809/339/279 6817/348/287 6810/340/280 6802/331/272
f 6810/340/280 6818/286/288 6819/349/289 6811/341/281
f 6811/341/281 6819/349/289 6820/350/290 6812/342/282
f 6812/342/282 6820/350/290 6821/351/291 6813/343/636
f 6813/343/636 6821/351/291 6822/191/47 6814/344/284
f 6814/345/284 6822/352/47 6823/353/292 6815/346/656
f 6815/346/656 6823/353/292 6824/354/293 6816/347/286
f 6816/347/286 6824/354/293 6825/355/294 6817/348/287
f 6817/348/287 6825/355/294 6818/286/288 6810/340/280
f 6818/286/288 6826/356/295 6827/357/296 6819/349/289
f 6819/349/289 6827/357/296 6828/358/297 6820/350/290
f 6820/350/290 6828/358/297 6829/359/639 6821/351/291
f 6821/351/291 6829/359/639 6830/360/299 6822/191/47
f 6822/352/47 6830/361/299 6831/362/657 6823/353/292
f 6823/353/292 6831/362/657 6832/363/301 6824/354/293
f 6824/354/293 6832/363/301 6833/364/302 6825/355/294
f 6825/355/294 6833/364/302 6826/356/295 6818/286/288
f 6826/356/295 6834/365/303 6835/366/304 6827/357/296
f 6827/357/296 6835/366/304 6836/367/305 6828/358/297
f 6828/358/297 6836/367/305 6837/368/306 6829/359/639
f 6829/359/639 6837/368/306 6838/369/307 6830/360/299
f 6830/361/299 6838/370/307 6839/371/308 6831/362/657
f 6831/362/657 6839/371/308 6840/372/309 6832/363/301
f 6832/363/301 6840/372/309 6841/373/310 6833/364/302
f 6833/364/302 6841/373/310 6834/365/303 6826/356/295
f 6834/365/303 6842/284/311 6843/374/312 6835/366/304
f 6835/366/304 6843/374/312 6844/375/313 6836/367/305
f 6836/367/305 6844/375/313 6845/376/314 6837/368/306
f 6837/368/306 6845/376/314 6846/187/315 6838/369/307
f 6838/370/307 6846/377/315 6847/378/316 6839/371/308
f 6839/371/308 6847/378/316 6848/379/317 6840/372/309
f 6840/372/309 6848/379/317 6849/380/318 6841/373/310
f 6841/373/310 6849/380/318 6842/284/311 6834/365/303
f 6842/284/311 6850/381/319 6851/382/320 6843/374/312
f 6843/374/312 6851/382/320 6852/383/321 6844/375/313
f 6844/375/313 6852/383/321 6853/384/322 6845/376/314
f 6845/376/314 6853/384/322 6854/385/323 6846/187/315
f 6846/377/315 6854/386/323 6855/387/670 6847/378/316
f 6847/378/316 6855/387/670 6856/388/325 6848/379/317
f 6848/379/317 6856/388/325 6857/389/326 6849/380/318
f 6849/380/318 6857/389/326 6850/381/319 6842/284/311
f 6850/381/319 6858/390/327 6859/391/328 6851/382/320
f 6851/382/320 6859/391/328 6860/392/329 6852/383/321
f 6852/383/321 6860/392/329 6861/393/330 6853/384/322
f 6853/384/322 6861/393/330 6862/394/331 6854/385/323
f 6854/386/323 6862/395/331 6863/396/332 6855/387/670
f 6855/387/670 6863/396/332 6864/397/333 6856/388/325
f 6856/388/325 6864/397/333 6865/398/334 6857/389/326
f 6857/389/326 6865/398/334 6858/390/327 6850/381/319
f 6858/390/327 6866/282/237 6867/399/335 6859/391/328
f 6859/391/328 6867/399/335 6868/400/336 6860/392/329
f 6860/392/329 6868/400/336 6869/401/337 6861/393/330
f 6861/393/330 6869/401/337 6870/184/229 6862/394/331
f 6862/395/331 6870/402/229 6871/403/338 6863/396/332
f 6863/396/332 6871/403/338 6872/404/339 6864/397/333
f 6864/397/333 6872/404/339 6873/405/340 6865/398/334
f 6865/398/334 6873/405/340 6866/282/237 6858/390/327
f 6866/406/237 6874/407/341 6875/408/342 6867/409/335
f 6867/409/335 6875/408/342 6876/410/343 6868/411/336
f 6868/411/336 6876/410/343 6877/412/344 6869/413/337
f 6869/413/337 6877/412/344 6878/414/345 6870/415/229
f 6870/416/229 6878/417/345 6879/418/346 6871/419/338
f 6871/419/338 6879/418/346 6880/420/347 6872/421/339
f 6872/421/339 6880/420/347 6881/422/348 6873/423/340
f 6873/423/340 6881/422/348 6874/407/341 6866/406/237
f 6874/407/341 6882/424/349 6883/425/350 6875/408/342
f 6875/408/342 6883/425/350 6884/426/351 6876/410/343
f 6876/410/343 6884/426/351 6885/427/352 6877/412/344
f 6877/412/344 6885/427/352 6886/428/353 6878/414/345
f 6878/417/345 6886/429/353 6887/430/354 6879/418/346
f 6879/418/346 6887/430/354 6888/431/355 6880/420/347
f 6880/420/347 6888/431/355 6889/432/356 6881/422/348
f 6881/422/348 6889/432/356 6882/424/349 6874/407/341
f 6882/424/349 6890/296/357 6891/433/358 6883/425/350
f 6883/425/350 6891/433/358 6892/434/359 6884/426/351
f 6884/426/351 6892/434/359 6893/435/360 6885/427/352
f 6885/427/352 6893/435/360 6894/211/361 6886/428/353
f 6886/429/353 6894/436/361 6895/437/362 6887/430/354
f 6887/430/354 6895/437/362 6896/438/363 6888/431/355
f 6888/431/355 6896/438/363 6897/439/364 6889/432/356
f 6889/432/356 6897/439/364 6890/296/357 6882/424/349
f 6890/296/357 6898/440/365 6899/441/629 6891/433/358
f 6891/433/358 6899/441/629 6900/442/367 6892/434/359
f 6892/434/359 6900/442/367 6901/443/368 6893/435/360
f 6893/435/360 6901/443/368 6902/444/369 6894/211/361
f 6894/436/361 6902/445/369 6903/446/370 6895/437/362
f 6895/437/362 6903/446/370 6904/447/371 6896/438/363
f 6896/438/363 6904/447/371 6905/448/630 6897/439/364
f 6897/439/364 6905/448/630 6898/440/365 6890/296/357
f 6898/440/365 6906/449/373 6907/450/374 6899/441/629
f 6899/441/629 6907/450/374 6908/451/671 6900/442/367
f 6900/442/367 6908/451/671 6909/452/672 6901/443/368
f 6901/443/368 6909/452/672 6910/453/377 6902/444/369
f 6902/445/369 6910/454/377 6911/455/673 6903/446/370
f 6903/446/370 6911/455/673 6912/456/674 6904/447/371
f 6904/447/371 6912/456/674 6913/457/380 6905/448/630
f 6905/448/630 6913/457/380 6906/449/373 6898/440/365
f 6906/449/373 6914/294/47 6915/458/381 6907/450/374
f 6907/450/374 6915/458/381 6916/459/382 6908/451/671
f 6908/451/671 6916/459/382 6917/460/383 6909/452/672
f 6909/452/672 6917/460/383 6918/207/288 6910/453/377
f 6910/454/377 6918/461/288 6919/462/384 6911/455/673
f 6911/455/673 6919/462/384 6920/463/385 6912/456/674
f 6912/456/674 6920/463/385 6921/464/386 6913/457/380
f 6913/457/380 6921/464/386 6914/294/47 6906/449/373
f 6914/294/47 6922/465/387 6923/466/388 6915/458/381
f 6915/458/381 6923/466/388 6924/467/675 6916/459/382
f 6916/459/382 6924/467/675 6925/468/676 6917/460/383
f 6917/460/383 6925/468/676 6926/469/391 6918/207/288
f 6918/461/288 6926/470/391 6927/471/677 6919/462/384
f 6919/462/384 6927/471/677 6928/472/678 6920/463/385
f 6920/463/385 6928/472/678 6929/473/394 6921/464/386
f 6921/464/386 6929/473/394 6922/465/387 6914/294/47
f 6922/465/387 6930/474/395 6931/475/396 6923/466/388
f 6923/466/388 6931/475/396 6932/476/397 6924/467/675
f 6924/467/675 6932/476/397 6933/477/398 6925/468/676
f 6925/468/676 6933/477/398 6934/478/399 6926/469/391
f 6926/470/391 6934/479/399 6935/480/679 6927/471/677
f 6927/471/677 6935/480/679 6936/481/401 6928/472/678
f 6928/472/678 6936/481/401 6937/482/402 6929/473/394
f 6929/473/394 6937/482/402 6930/474/395 6922/465/387
f 6930/474/395 6938/292/403 6939/483/404 6931/475/396
f 6931/475/396 6939/483/404 6940/484/405 6932/476/397
f 6932/476/397 6940/484/405 6941/485/406 6933/477/398
f 6933/477/398 6941/485/406 6942/203/407 6934/478/399
f 6934/479/399 6942/486/407 6943/487/408 6935/480/679
f 6935/480/679 6943/487/408 6944/488/409 6936/481/401
f 6936/481/401 6944/488/409 6945/489/410 6937/482/402
f 6937/482/402 6945/489/410 6938/292/403 6930/474/395
f 6938/292/403 6946/490/411 6947/491/412 6939/483/404
f 6939/483/404 6947/491/412 6948/492/413 6940/484/405
f 6940/484/405 6948/492/413 6949/493/414 6941/485/406
f 6941/485/406 6949/493/414 6950/494/415 6942/203/407
f 6942/486/407 6950/495/415 6951/496/416 6943/487/408
f 6943/487/408 6951/496/416 6952/497/417 6944/488/409
f 6944/488/409 6952/497/417 6953/498/418 6945/489/410
f 6945/489/410 6953/498/418 6946/490/411 6938/292/403
f 6946/490/411 6954/499/419 6955/500/420 6947/491/412
f 6947/491/412 6955/500/420 6956/501/421 6948/492/413
f 6948/492/413 6956/501/421 6957/502/422 6949/493/414
f 6949/493/414 6957/502/422 6958/503/423 6950/494/415
f 6950/495/415 6958/504/423 6959/505/424 6951/496/416
f 6951/496/416 6959/505/424 6960/506/425 6952/497/417
f 6952/497/417 6960/506/425 6961/507/622 6953/498/418
f 6953/498/418 6961/507/622 6954/499/419 6946/490/411
f 6954/499/419 6770/290/229 6771/301/242 6955/500/420
f 6955/500/420 6771/301/242 6772/303/243 6956/501/421
f 6956/501/421 6772/303/243 6773/305/244 6957/502/422
f 6957/502/422 6773/305/244 6774/199/237 6958/503/423
f 6958/504/423 6774/307/237 6775/310/245 6959/505/424
f 6959/505/424 6775/310/245 6776/312/246 6960/506/425
f 6960/506/425 6776/312/246 6777/314/247 6961/507/622
f 6961/507/622 6777/314/247 6770/290/229 6954/499/419
f 6962/290/241 6970/299/433 6971/300/434 6963/301/427
f 6963/301/427 6971/300/434 6972/302/435 6964/303/428
f 6964/303/428 6972/302/435 6973/304/436 6965/305/429
f 6965/305/429 6973/304/436 6974/306/437 6966/199/233
f 6966/307/233 6974/308/437 6975/309/438 6967/310/430
f 6967/310/430 6975/309/438 6976/311/439 6968/312/431
f 6968/312/431 6976/311/439 6977/313/440 6969/314/432
f 6969/314/432 6977/313/440 6970/299/433 6962/290/241
f 6970/299/433 6978/315/441 6979/316/442 6971/300/434
f 6971/300/434 6979/316/442 6980/317/443 6972/302/435
f 6972/302/435 6980/317/443 6981/318/444 6973/304/436
f 6973/304/436 6981/318/444 6982/319/445 6974/306/437
f 6974/308/437 6982/320/445 6983/321/446 6975/309/438
f 6975/309/438 6983/321/446 6984/322/447 6976/311/439
f 6976/311/439 6984/322/447 6985/323/448 6977/313/440
f 6977/313/440 6985/323/448 6978/315/441 6970/299/433
f 6978/315/441 6986/288/449 6987/324/450 6979/316/442
f 6979/316/442 6987/324/450 6988/325/451 6980/317/443
f 6980/317/443 6988/325/451 6989/326/452 6981/318/444
f 6981/318/444 6989/326/452 6990/195/453 6982/319/445
f 6982/320/445 6990/327/453 6991/328/454 6983/321/446
f 6983/321/446 6991/328/454 6992/329/455 6984/322/447
f 6984/322/447 6992/329/455 6993/330/456 6985/323/448
f 6985/323/448 6993/330/456 6986/288/449 6978/315/441
f 6986/288/449 6994/331/457 6995/332/458 6987/324/450
f 6987/324/450 6995/332/458 6996/333/459 6988/325/451
f 6988/325/451 6996/333/459 6997/334/460 6989/326/452
f 6989/326/452 6997/334/460 6998/335/461 6990/195/453
f 6990/327/453 6998/336/461 6999/337/462 6991/328/454
f 6991/328/454 6999/337/462 7000/338/463 6992/329/455
f 6992/329/455 7000/338/463 7001/339/464 6993/330/456
f 6993/330/456 7001/339/464 6994/331/457 6986/288/449
f 6994/331/457 7002/340/465 7003/341/659 6995/332/458
f 6995/332/458 7003/341/659 7004/342/467 6996/333/459
f 6996/333/459 7004/342/467 7005/343/468 6997/334/460
f 6997/334/460 7005/343/468 7006/344/469 6998/335/461
f 6998/336/461 7006/345/469 7007/346/470 6999/337/462
f 6999/337/462 7007/346/470 7008/347/471 7000/338/463
f 7000/338/463 7008/347/471 7009/348/660 7001/339/464
f 7001/339/464 7009/348/660 7002/340/465 6994/331/457
f 7002/340/465 7010/286/288 7011/349/473 7003/341/659
f 7003/341/659 7011/349/473 7012/350/474 7004/342/467
f 7004/342/467 7012/350/474 7013/351/475 7005/343/468
f 7005/343/468 7013/351/475 7014/191/47 7006/344/469
f 7006/345/469 7014/352/47 7015/353/476 7007/346/470
f 7007/346/470 7015/353/476 7016/354/477 7008/347/471
f 7008/347/471 7016/354/477 7017/355/478 7009/348/660
f 7009/348/660 7017/355/478 7010/286/288 7002/340/465
f 7010/286/288 7018/356/479 7019/357/631 7011/349/473
f 7011/349/473 7019/357/631 7020/358/481 7012/350/474
f 7012/350/474 7020/358/481 7021/359/482 7013/351/475
f 7013/351/475 7021/359/482 7022/360/483 7014/191/47
f 7014/352/47 7022/361/483 7023/362/484 7015/353/476
f 7015/353/476 7023/362/484 7024/363/485 7016/354/477
f 7016/354/477 7024/363/485 7025/364/632 7017/355/478
f 7017/355/478 7025/364/632 7018/356/479 7010/286/288
f 7018/356/479 7026/365/487 7027/366/488 7019/357/631
f 7019/357/631 7027/366/488 7028/367/489 7020/358/481
f 7020/358/481 7028/367/489 7029/368/490 7021/359/482
f 7021/359/482 7029/368/490 7030/369/491 7022/360/483
f 7022/361/483 7030/370/491 7031/371/492 7023/362/484
f 7023/362/484 7031/371/492 7032/372/493 7024/363/485
f 7024/363/485 7032/372/493 7033/373/494 7025/364/632
f 7025/364/632 7033/373/494 7026/365/487 7018/356/479
f 7026/365/487 7034/284/495 7035/374/496 7027/366/488
f 7027/366/488 7035/374/496 7036/375/497 7028/367/489
f 7028/367/489 7036/375/497 7037/376/498 7029/368/490
f 7029/368/490 7037/376/498 7038/187/499 7030/369/491
f 7030/370/491 7038/377/499 7039/378/500 7031/371/492
f 7031/371/492 7039/378/500 7040/379/501 7032/372/493
f 7032/372/493 7040/379/501 7041/380/502 7033/373/494
f 7033/373/494 7041/380/502 7034/284/495 7026/365/487
f 7034/284/495 7042/381/503 7043/382/504 7035/374/496
f 7035/374/496 7043/382/504 7044/383/505 7036/375/497
f 7036/375/497 7044/383/505 7045/384/506 7037/376/498
f 7037/376/498 7045/384/506 7046/385/507 7038/187/499
f 7038/377/499 7046/386/507 7047/387/508 7039/378/500
f 7039/378/500 7047/387/508 7048/388/509 7040/379/501
f 7040/379/501 7048/388/509 7049/389/510 7041/380/502
f 7041/380/502 7049/389/510 7042/381/503 7034/284/495
f 7042/381/503 7050/390/511 7051/391/512 7043/382/504
f 7043/382/504 7051/391/512 7052/392/513 7044/383/505
f 7044/383/505 7052/392/513 7053/393/514 7045/384/506
f 7045/384/506 7053/393/514 7054/394/515 7046/385/507
f 7046/386/507 7054/395/515 7055/396/516 7047/387/508
f 7047/387/508 7055/396/516 7056/397/517 7048/388/509
f 7048/388/509 7056/397/517 7057/398/518 7049/389/510
f 7049/389/510 7057/398/518 7050/390/511 7042/381/503
f 7050/390/511 7058/282/233 7059/399/519 7051/391/512
f 7051/391/512 7059/399/519 7060/400/520 7052/392/513
f 7052/392/513 7060/400/520 7061/401/521 7053/393/514
f 7053/393/514 7061/401/521 7062/184/241 7054/394/515
f 7054/395/515 7062/402/241 7063/403/522 7055/396/516
f 7055/396/516 7063/403/522 7064/404/523 7056/397/517
f 7056/397/517 7064/404/523 7065/405/524 7057/398/518
f 7057/398/518 7065/405/524 7058/282/233 7050/390/511
f 7058/406/233 7066/407/525 7067/408/526 7059/409/519
f 7059/409/519 7067/408/526 7068/410/527 7060/411/520
f 7060/411/520 7068/410/527 7069/412/528 7061/413/521
f 7061/413/521 7069/412/528 7070/414/529 7062/415/241
f 7062/416/241 7070/417/529 7071/418/530 7063/419/522
f 7063/419/522 7071/418/530 7072/420/531 7064/421/523
f 7064/421/523 7072/420/531 7073/422/532 7065/423/524
f 7065/423/524 7073/422/532 7066/407/525 7058/406/233
f 7066/407/525 7074/424/533 7075/425/534 7067/408/526
f 7067/408/526 7075/425/534 7076/426/535 7068/410/527
f 7068/410/527 7076/426/535 7077/427/536 7069/412/528
f 7069/412/528 7077/427/536 7078/428/537 7070/414/529
f 7070/417/529 7078/429/537 7079/430/538 7071/418/530
f 7071/418/530 7079/430/538 7080/431/539 7072/420/531
f 7072/420/531 7080/431/539 7081/432/540 7073/422/532
f 7073/422/532 7081/432/540 7074/424/533 7066/407/525
f 7074/424/533 7082/296/541 7083/433/542 7075/425/534
f 7075/425/534 7083/433/542 7084/434/543 7076/426/535
f 7076/426/535 7084/434/543 7085/435/544 7077/427/536
f 7077/427/536 7085/435/544 7086/211/545 7078/428/537
f 7078/429/537 7086/436/545 7087/437/546 7079/430/538
f 7079/430/538 7087/437/546 7088/438/547 7080/431/539
f 7080/431/539 7088/438/547 7089/439/548 7081/432/540
f 7081/432/540 7089/439/548 7082/296/541 7074/424/533
f 7082/296/541 7090/440/549 7091/441/550 7083/433/542
f 7083/433/542 7091/441/550 7092/442/551 7084/434/543
f 7084/434/543 7092/442/551 7093/443/552 7085/435/544
f 7085/435/544 7093/443/552 7094/444/553 7086/211/545
f 7086/436/545 7094/445/553 7095/446/554 7087/437/546
f 7087/437/546 7095/446/554 7096/447/555 7088/438/547
f 7088/438/547 7096/447/555 7097/448/556 7089/439/548
f 7089/439/548 7097/448/556 7090/440/549 7082/296/541
f 7090/440/549 7098/449/557 7099/450/558 7091/441/550
f 7091/441/550 7099/450/558 7100/451/613 7092/442/551
f 7092/442/551 7100/451/613 7101/452/560 7093/443/552
f 7093/443/552 7101/452/560 7102/453/561 7094/444/553
f 7094/445/553 7102/454/561 7103/455/562 7095/446/554
f 7095/446/554 7103/455/562 7104/456/563 7096/447/555
f 7096/447/555 7104/456/563 7105/457/564 7097/448/556
f 7097/448/556 7105/457/564 7098/449/557 7090/440/549
f 7098/449/557 7106/294/47 7107/458/565 7099/450/558
f 7099/450/558 7107/458/565 7108/459/566 7100/451/613
f 7100/451/613 7108/459/566 7109/460/567 7101/452/560
f 7101/452/560 7109/460/567 7110/207/288 7102/453/561
f 7102/454/561 7110/461/288 7111/462/568 7103/455/562
f 7103/455/562 7111/462/568 7112/463/569 7104/456/563
f 7104/456/563 7112/463/569 7113/464/570 7105/457/564
f 7105/457/564 7113/464/570 7106/294/47 7098/449/557
f 7106/294/47 7114/465/571 7115/466/572 7107/458/565
f 7107/458/565 7115/466/572 7116/467/573 7108/459/566
f 7108/459/566 7116/467/573 7117/468/574 7109/460/567
f 7109/460/567 7117/468/574 7118/469/575 7110/207/288
f 7110/461/288 7118/470/575 7119/471/576 7111/462/568
f 7111/462/568 7119/471/576 7120/472/577 7112/463/569
f 7112/463/569 7120/472/577 7121/473/578 7113/464/570
f 7113/464/570 7121/473/578 7114/465/571 7106/294/47
f 7114/465/571 7122/474/579 7123/475/580 7115/466/572
f 7115/466/572 7123/475/580 7124/476/581 7116/467/573
f 7116/467/573 7124/476/581 7125/477/582 7117/468/574
f 7117/468/574 7125/477/582 7126/478/583 7118/469/575
f 7118/470/575 7126/479/583 7127/480/584 7119/471/576
f 7119/471/576 7127/480/584 7128/481/585 7120/472/577
f 7120/472/577 7128/481/585 7129/482/586 7121/473/578
f 7121/473/578 7129/482/586 7122/474/579 7114/465/571
f 7122/474/579 7130/292/587 7131/483/588 7123/475/580
f 7123/475/580 7131/483/588 7132/484/589 7124/476/581
f 7124/476/581 7132/484/589 7133/485/590 7125/477/582
f 7125/477/582 7133/485/590 7134/203/591 7126/478/583
f 7126/479/583 7134/486/591 7135/487/592 7127/480/584
f 7127/480/584 7135/487/592 7136/488/593 7128/481/585
f 7128/481/585 7136/488/593 7137/489/594 7129/482/586
f 7129/482/586 7137/489/594 7130/292/587 7122/474/579
f 7130/292/587 7138/490/595 7139/491/596 7131/483/588
f 7131/483/588 7139/491/596 7140/492/597 7132/484/589
f 7132/484/589 7140/492/597 7141/493/598 7133/485/590
f 7133/485/590 7141/493/598 7142/494/599 7134/203/591
f 7134/486/591 7142/495/599 7143/496/600 7135/487/592
f 7135/487/592 7143/496/600 7144/497/601 7136/488/593
f 7136/488/593 7144/497/601 7145/498/602 7137/489/594
f 7137/489/594 7145/498/602 7138/490/595 7130/292/587
f 7138/490/595 7146/499/603 7147/500/604 7139/491/596
f 7139/491/596 7147/500/604 7148/501/605 7140/492/597
f 7140/492/597 7148/501/605 7149/502/606 7141/493/598
f 7141/493/598 7149/502/606 7150/503/607 7142/494/599
f 7142/495/599 7150/504/607 7151/505/608 7143/496/600
f 7143/496/600 7151/505/608 7152/506/609 7144/497/601
f 7144/497/601 7152/506/609 7153/507/610 7145/498/602
f 7145/498/602 7153/507/610 7146/499/603 7138/490/595
f 7146/499/603 6962/290/241 6963/301/427 7147/500/604
f 7147/500/604 6963/301/427 6964/303/428 7148/501/605
f 7148/501/605 6964/303/428 6965/305/429 7149/502/606
f 7149/502/606 6965/305/429 6966/199/233 7150/503/607
f 7150/504/607 6966/307/233 6967/310/430 7151/505/608
f 7151/505/608 6967/310/430 6968/312/431 7152/506/609
f 7152/506/609 6968/312/431 6969/314/432 7153/507/610
f 7153/507/610 6969/314/432 6962/290/241 7146/499/603
f 7154/290/229 7162/299/248 7163/300/249 7155/301/242
f 7155/301/242 7163/300/249 7164/302/250 7156/303/243
f 7156/303/243 7164/302/250 7165/304/251 7157/305/244
f 7157/305/244 7165/304/251 7166/306/252 7158/199/237
f 7158/307/237 7166/308/252 7167/309/253 7159/310/245
f 7159/310/245 7167/309/253 7168/311/254 7160/312/246
f 7160/312/246 7168/311/254 7169/313/621 7161/314/247
f 7161/314/247 7169/313/621 7162/299/248 7154/290/229
f 7162/299/248 7170/315/256 7171/316/257 7163/300/249
f 7163/300/249 7171/316/257 7172/317/258 7164/302/250
f 7164/302/250 7172/317/258 7173/318/259 7165/304/251
f 7165/304/251 7173/318/259 7174/319/260 7166/306/252
f 7166/308/252 7174/320/260 7175/321/261 7167/309/253
f 7167/309/253 7175/321/261 7176/322/262 7168/311/254
f 7168/311/254 7176/322/262 7177/323/263 7169/313/621
f 7169/313/621 7177/323/263 7170/315/256 7162/299/248
f 7170/315/256 7178/288/264 7179/324/265 7171/316/257
f 7171/316/257 7179/324/265 7180/325/266 7172/317/258
f 7172/317/258 7180/325/266 7181/326/267 7173/318/259
f 7173/318/259 7181/326/267 7182/195/268 7174/319/260
f 7174/320/260 7182/327/268 7183/328/269 7175/321/261
f 7175/321/261 7183/328/269 7184/329/270 7176/322/262
f 7176/322/262 7184/329/270 7185/330/271 7177/323/263
f 7177/323/263 7185/330/271 7178/288/264 7170/315/256
f 7178/288/264 7186/331/272 7187/332/273 7179/324/265
f 7179/324/265 7187/332/273 7188/333/274 7180/325/266
f 7180/325/266 7188/333/274 7189/334/275 7181/326/267
f 7181/326/267 7189/334/275 7190/335/276 7182/195/268
f 7182/327/268 7190/336/276 7191/337/277 7183/328/269
f 7183/328/269 7191/337/277 7192/338/278 7184/329/270
f 7184/329/270 7192/338/278 7193/339/279 7185/330/271
f 7185/330/271 7193/339/279 7186/331/272 7178/288/264
f 7186/331/272 7194/340/280 7195/341/281 7187/332/273
f 7187/332/273 7195/341/281 7196/342/282 7188/333/274
f 7188/333/274 7196/342/282 7197/343/283 7189/334/275
f 7189/334/275 7197/343/283 7198/344/284 7190/335/276
f 7190/336/276 7198/345/284 7199/346/285 7191/337/277
f 7191/337/277 7199/346/285 7200/347/286 7192/338/278
f 7192/338/278 7200/347/286 7201/348/287 7193/339/279
f 7193/339/279 7201/348/287 7194/340/280 7186/331/272
f 7194/340/280 7202/286/288 7203/349/289 7195/341/281
f 7195/341/281 7203/349/289 7204/350/662 7196/342/282
f 7196/342/282 7204/350/662 7205/351/291 7197/343/283
f 7197/343/283 7205/351/291 7206/191/47 7198/344/284
f 7198/345/284 7206/352/47 7207/353/292 7199/346/285
f 7199/346/285 7207/353/292 7208/354/663 7200/347/286
f 7200/347/286 7208/354/663 7209/355/294 7201/348/287
f 7201/348/287 7209/355/294 7202/286/288 7194/340/280
f 7202/286/288 7210/356/295 7211/357/296 7203/349/289
f 7203/349/289 7211/357/296 7212/358/297 7204/350/662
f 7204/350/662 7212/358/297 7213/359/298 7205/351/291
f 7205/351/291 7213/359/298 7214/360/299 7206/191/47
f 7206/352/47 7214/361/299 7215/362/300 7207/353/292
f 7207/353/292 7215/362/300 7216/363/301 7208/354/663
f 7208/354/663 7216/363/301 7217/364/302 7209/355/294
f 7209/355/294 7217/364/302 7210/356/295 7202/286/288
f 7210/356/295 7218/365/303 7219/366/304 7211/357/296
f 7211/357/296 7219/366/304 7220/367/305 7212/358/297
f 7212/358/297 7220/367/305 7221/368/306 7213/359/298
f 7213/359/298 7221/368/306 7222/369/307 7214/360/299
f 7214/361/299 7222/370/307 7223/371/308 7215/362/300
f 7215/362/300 7223/371/308 7224/372/309 7216/363/301
f 7216/363/301 7224/372/309 7225/373/310 7217/364/302
f 7217/364/302 7225/373/310 7218/365/303 7210/356/295
f 7218/365/303 7226/284/311 7227/374/312 7219/366/304
f 7219/366/304 7227/374/312 7228/375/313 7220/367/305
f 7220/367/305 7228/375/313 7229/376/314 7221/368/306
f 7221/368/306 7229/376/314 7230/187/315 7222/369/307
f 7222/370/307 7230/377/315 7231/378/316 7223/371/308
f 7223/371/308 7231/378/316 7232/379/317 7224/372/309
f 7224/372/309 7232/379/317 7233/380/318 7225/373/310
f 7225/373/310 7233/380/318 7226/284/311 7218/365/303
f 7226/284/311 7234/381/319 7235/382/320 7227/374/312
f 7227/374/312 7235/382/320 7236/383/321 7228/375/313
f 7228/375/313 7236/383/321 7237/384/322 7229/376/314
f 7229/376/314 7237/384/322 7238/385/323 7230/187/315
f 7230/377/315 7238/386/323 7239/387/324 7231/378/316
f 7231/378/316 7239/387/324 7240/388/325 7232/379/317
f 7232/379/317 7240/388/325 7241/389/326 7233/380/318
f 7233/380/318 7241/389/326 7234/381/319 7226/284/311
f 7234/381/319 7242/390/327 7243/391/328 7235/382/320
f 7235/382/320 7243/391/328 7244/392/329 7236/383/321
f 7236/383/321 7244/392/329 7245/393/330 7237/384/322
f 7237/384/322 7245/393/330 7246/394/331 7238/385/323
f 7238/386/323 7246/395/331 7247/396/332 7239/387/324
f 7239/387/324 7247/396/332 7248/397/333 7240/388/325
f 7240/388/325 7248/397/333 7249/398/334 7241/389/326
f 7241/389/326 7249/398/334 7242/390/327 7234/381/319
f 7242/390/327 7250/282/237 7251/399/335 7243/391/328
f 7243/391/328 7251/399/335 7252/400/336 7244/392/329
f 7244/392/329 7252/400/336 7253/401/337 7245/393/330
f 7245/393/330 7253/401/337 7254/184/229 7246/394/331
f 7246/395/331 7254/402/229 7255/403/338 7247/396/332
f 7247/396/332 7255/403/338 7256/404/339 7248/397/333
f 7248/397/333 7256/404/339 7257/405/340 7249/398/334
f 7249/398/334 7257/405/340 7250/282/237 7242/390/327
f 7250/406/237 7258/407/341 7259/408/342 7251/409/335
f 7251/409/335 7259/408/342 7260/410/343 7252/411/336
f 7252/411/336 7260/410/343 7261/412/344 7253/413/337
f 7253/413/337 7261/412/344 7262/414/345 7254/415/229
f 7254/416/229 7262/417/345 7263/418/346 7255/419/338
f 7255/419/338 7263/418/346 7264/420/347 7256/421/339
f 7256/421/339 7264/420/347 7265/422/348 7257/423/340
f 7257/423/340 7265/422/348 7258/407/341 7250/406/237
f 7258/407/341 7266/424/349 7267/425/350 7259/408/342
f 7259/408/342 7267/425/350 7268/426/351 7260/410/343
f 7260/410/343 7268/426/351 7269/427/352 7261/412/344
f 7261/412/344 7269/427/352 7270/428/353 7262/414/345
f 7262/417/345 7270/429/353 7271/430/354 7263/418/346
f 7263/418/346 7271/430/354 7272/431/355 7264/420/347
f 7264/420/347 7272/431/355 7273/432/356 7265/422/348
f 7265/422/348 7273/432/356 7266/424/349 7258/407/341
f 7266/424/349 7274/296/357 7275/433/358 7267/425/350
f 7267/425/350 7275/433/358 7276/434/359 7268/426/351
f 7268/426/351 7276/434/359 7277/435/360 7269/427/352
f 7269/427/352 7277/435/360 7278/211/361 7270/428/353
f 7270/429/353 7278/436/361 7279/437/362 7271/430/354
f 7271/430/354 7279/437/362 7280/438/363 7272/431/355
f 7272/431/355 7280/438/363 7281/439/364 7273/432/356
f 7273/432/356 7281/439/364 7274/296/357 7266/424/349
f 7274/296/357 7282/440/365 7283/441/366 7275/433/358
f 7275/433/358 7283/441/366 7284/442/367 7276/434/359
f 7276/434/359 7284/442/367 7285/443/368 7277/435/360
f 7277/435/360 7285/443/368 7286/444/369 7278/211/361
f 7278/436/361 7286/445/369 7287/446/370 7279/437/362
f 7279/437/362 7287/446/370 7288/447/371 7280/438/363
f 7280/438/363 7288/447/371 7289/448/630 7281/439/364
f 7281/439/364 7289/448/630 7282/440/365 7274/296/357
f 7282/440/365 7290/449/373 7291/450/374 7283/441/366
f 7283/441/366 7291/450/374 7292/451/375 7284/442/367
f 7284/442/367 7292/451/375 7293/452/376 7285/443/368
f 7285/443/368 7293/452/376 7294/453/664 7286/444/369
f 7286/445/369 7294/454/664 7295/455/378 7287/446/370
f 7287/446/370 7295/455/378 7296/456/379 7288/447/371
f 7288/447/371 7296/456/379 7297/457/380 7289/448/630
f 7289/448/630 7297/457/380 7290/449/373 7282/440/365
f 7290/449/373 7298/294/47 7299/458/381 7291/450/374
f 7291/450/374 7299/458/381 7300/459/382 7292/451/375
f 7292/451/375 7300/459/382 7301/460/383 7293/452/376
f 7293/452/376 7301/460/383 7302/207/288 7294/453/664
f 7294/454/664 7302/461/288 7303/462/384 7295/455/378
f 7295/455/378 7303/462/384 7304/463/385 7296/456/379
f 7296/456/379 7304/463/385 7305/464/386 7297/457/380
f 7297/457/380 7305/464/386 7298/294/47 7290/449/373
f 7298/294/47 7306/465/387 7307/466/388 7299/458/381
f 7299/458/381 7307/466/388 7308/467/389 7300/459/382
f 7300/459/382 7308/467/389 7309/468/390 7301/460/383
f 7301/460/383 7309/468/390 7310/469/665 7302/207/288
f 7302/461/288 7310/470/665 7311/471/392 7303/462/384
f 7303/462/384 7311/471/392 7312/472/393 7304/463/385
f 7304/463/385 7312/472/393 7313/473/394 7305/464/386
f 7305/464/386 7313/473/394 7306/465/387 7298/294/47
f 7306/465/387 7314/474/395 7315/475/396 7307/466/388
f 7307/466/388 7315/475/396 7316/476/397 7308/467/389
f 7308/467/389 7316/476/397 7317/477/398 7309/468/390
f 7309/468/390 7317/477/398 7318/478/399 7310/469/665
f 7310/470/665 7318/479/399 7319/480/400 7311/471/392
f 7311/471/392 7319/480/400 7320/481/401 7312/472/393
f 7312/472/393 7320/481/401 7321/482/402 7313/473/394
f 7313/473/394 7321/482/402 7314/474/395 7306/465/387
f 7314/474/395 7322/292/403 7323/483/404 7315/475/396
f 7315/475/396 7323/483/404 7324/484/405 7316/476/397
f 7316/476/397 7324/484/405 7325/485/406 7317/477/398
f 7317/477/398 7325/485/406 7326/203/407 7318/478/399
f 7318/479/399 7326/486/407 7327/487/408 7319/480/400
f 7319/480/400 7327/487/408 7328/488/409 7320/481/401
f 7320/481/401 7328/488/409 7329/489/410 7321/482/402
f 7321/482/402 7329/489/410 7322/292/403 7314/474/395
f 7322/292/403 7330/490/411 7331/491/412 7323/483/404
f 7323/483/404 7331/491/412 7332/492/413 7324/484/405
f 7324/484/405 7332/492/413 7333/493/414 7325/485/406
f 7325/485/406 7333/493/414 7334/494/415 7326/203/407
f 7326/486/407 7334/495/415 7335/496/416 7327/487/408
f 7327/487/408 7335/496/416 7336/497/417 7328/488/409
f 7328/488/409 7336/497/417 7337/498/418 7329/489/410
f 7329/489/410 7337/498/418 7330/490/411 7322/292/403
f 7330/490/411 7338/499/419 7339/500/420 7331/491/412
f 7331/491/412 7339/500/420 7340/501/421 7332/492/413
f 7332/492/413 7340/501/421 7341/502/422 7333/493/414
f 7333/493/414 7341/502/422 7342/503/423 7334/494/415
f 7334/495/415 7342/504/423 7343/505/424 7335/496/416
f 7335/496/416 7343/505/424 7344/506/425 7336/497/417
f 7336/497/417 7344/506/425 7345/507/426 7337/498/418
f 7337/498/418 7345/507/426 7338/499/419 7330/490/411
f 7338/499/419 7154/290/229 7155/301/242 7339/500/420
f 7339/500/420 7155/301/242 7156/303/243 7340/501/421
f 7340/501/421 7156/303/243 7157/305/244 7341/502/422
f 7341/502/422 7157/305/244 7158/199/237 7342/503/423
f 7342/504/423 7158/307/237 7159/310/245 7343/505/424
f 7343/505/424 7159/310/245 7160/312/246 7344/506/425
f 7344/506/425 7160/312/246 7161/314/247 7345/507/426
f 7345/507/426 7161/314/247 7154/290/229 7338/499/419
f 7346/290/241 7354/299/433 7355/300/434 7347/301/427
f 7347/301/427 7355/300/434 7356/302/435 7348/303/428
f 7348/303/428 7356/302/435 7357/304/436 7349/305/429
f 7349/305/429 7357/304/436 7358/306/437 7350/199/233
f 7350/307/233 7358/308/437 7359/309/438 7351/310/430
f 7351/310/430 7359/309/438 7360/311/439 7352/312/431
f 7352/312/431 7360/311/439 7361/313/440 7353/314/432
f 7353/314/432 7361/313/440 7354/299/433 7346/290/241
f 7354/299/433 7362/315/441 7363/316/442 7355/300/434
f 7355/300/434 7363/316/442 7364/317/443 7356/302/435
f 7356/302/435 7364/317/443 7365/318/444 7357/304/436
f 7357/304/436 7365/318/444 7366/319/445 7358/306/437
f 7358/308/437 7366/320/445 7367/321/446 7359/309/438
f 7359/309/438 7367/321/446 7368/322/447 7360/311/439
f 7360/311/439 7368/322/447 7369/323/448 7361/313/440
f 7361/313/440 7369/323/448 7362/315/441 7354/299/433
f 7362/315/441 7370/288/449 7371/324/450 7363/316/442
f 7363/316/442 7371/324/450 7372/325/451 7364/317/443
f 7364/317/443 7372/325/451 7373/326/452 7365/318/444
f 7365/318/444 7373/326/452 7374/195/453 7366/319/445
f 7366/320/445 7374/327/453 7375/328/454 7367/321/446
f 7367/321/446 7375/328/454 7376/329/455 7368/322/447
f 7368/322/447 7376/329/455 7377/330/456 7369/323/448
f 7369/323/448 7377/330/456 7370/288/449 7362/315/441
f 7370/288/449 7378/331/457 7379/332/458 7371/324/450
f 7371/324/450 7379/332/458 7380/333/459 7372/325/451
f 7372/325/451 7380/333/459 7381/334/460 7373/326/452
f 7373/326/452 7381/334/460 7382/335/461 7374/195/453
f 7374/327/453 7382/336/461 7383/337/462 7375/328/454
f 7375/328/454 7383/337/462 7384/338/463 7376/329/455
f 7376/329/455 7384/338/463 7385/339/464 7377/330/456
f 7377/330/456 7385/339/464 7378/331/457 7370/288/449
f 7378/331/457 7386/340/465 7387/341/466 7379/332/458
f 7379/332/458 7387/341/466 7388/342/624 7380/333/459
f 7380/333/459 7388/342/624 7389/343/468 7381/334/460
f 7381/334/460 7389/343/468 7390/344/469 7382/335/461
f 7382/336/461 7390/345/469 7391/346/470 7383/337/462
f 7383/337/462 7391/346/470 7392/347/471 7384/338/463
f 7384/338/463 7392/347/471 7393/348/472 7385/339/464
f 7385/339/464 7393/348/472 7386/340/465 7378/331/457
f 7386/340/465 7394/286/288 7395/349/473 7387/341/466
f 7387/341/466 7395/349/473 7396/350/474 7388/342/624
f 7388/342/624 7396/350/474 7397/351/475 7389/343/468
f 7389/343/468 7397/351/475 7398/191/47 7390/344/469
f 7390/345/469 7398/352/47 7399/353/476 7391/346/470
f 7391/346/470 7399/353/476 7400/354/477 7392/347/471
f 7392/347/471 7400/354/477 7401/355/478 7393/348/472
f 7393/348/472 7401/355/478 7394/286/288 7386/340/465
f 7394/286/288 7402/356/479 7403/357/480 7395/349/473
f 7395/349/473 7403/357/480 7404/358/481 7396/350/474
f 7396/350/474 7404/358/481 7405/359/482 7397/351/475
f 7397/351/475 7405/359/482 7406/360/483 7398/191/47
f 7398/352/47 7406/361/483 7407/362/484 7399/353/476
f 7399/353/476 7407/362/484 7408/363/485 7400/354/477
f 7400/354/477 7408/363/485 7409/364/486 7401/355/478
f 7401/355/478 7409/364/486 7402/356/479 7394/286/288
f 7402/356/479 7410/365/487 7411/366/488 7403/357/480
f 7403/357/480 7411/366/488 7412/367/489 7404/358/481
f 7404/358/481 7412/367/489 7413/368/490 7405/359/482
f 7405/359/482 7413/368/490 7414/369/491 7406/360/483
f 7406/361/483 7414/370/491 7415/371/492 7407/362/484
f 7407/362/484 7415/371/492 7416/372/493 7408/363/485
f 7408/363/485 7416/372/493 7417/373/494 7409/364/486
f 7409/364/486 7417/373/494 7410/365/487 7402/356/479
f 7410/365/487 7418/284/495 7419/374/496 7411/366/488
f 7411/366/488 7419/374/496 7420/375/497 7412/367/489
f 7412/367/489 7420/375/497 7421/376/498 7413/368/490
f 7413/368/490 7421/376/498 7422/187/499 7414/369/491
f 7414/370/491 7422/377/499 7423/378/500 7415/371/492
f 7415/371/492 7423/378/500 7424/379/501 7416/372/493
f 7416/372/493 7424/379/501 7425/380/502 7417/373/494
f 7417/373/494 7425/380/502 7418/284/495 7410/365/487
f 7418/284/495 7426/381/503 7427/382/504 7419/374/496
f 7419/374/496 7427/382/504 7428/383/505 7420/375/497
f 7420/375/497 7428/383/505 7429/384/506 7421/376/498
f 7421/376/498 7429/384/506 7430/385/507 7422/187/499
f 7422/377/499 7430/386/507 7431/387/508 7423/378/500
f 7423/378/500 7431/387/508 7432/388/509 7424/379/501
f 7424/379/501 7432/388/509 7433/389/510 7425/380/502
f 7425/380/502 7433/389/510 7426/381/503 7418/284/495
f 7426/381/503 7434/390/511 7435/391/512 7427/382/504
f 7427/382/504 7435/391/512 7436/392/513 7428/383/505
f 7428/383/505 7436/392/513 7437/393/514 7429/384/506
f 7429/384/506 7437/393/514 7438/394/515 7430/385/507
f 7430/386/507 7438/395/515 7439/396/516 7431/387/508
f 7431/387/508 7439/396/516 7440/397/517 7432/388/509
f 7432/388/509 7440/397/517 7441/398/518 7433/389/510
f 7433/389/510 7441/398/518 7434/390/511 7426/381/503
f 7434/390/511 7442/282/233 7443/399/519 7435/391/512
f 7435/391/512 7443/399/519 7444/400/520 7436/392/513
f 7436/392/513 7444/400/520 7445/401/521 7437/393/514
f 7437/393/514 7445/401/521 7446/184/241 7438/394/515
f 7438/395/515 7446/402/241 7447/403/522 7439/396/516
f 7439/396/516 7447/403/522 7448/404/523 7440/397/517
f 7440/397/517 7448/404/523 7449/405/524 7441/398/518
f 7441/398/518 7449/405/524 7442/282/233 7434/390/511
f 7442/406/233 7450/407/525 7451/408/526 7443/409/519
f 7443/409/519 7451/408/526 7452/410/527 7444/411/520
f 7444/411/520 7452/410/527 7453/412/528 7445/413/521
f 7445/413/521 7453/412/528 7454/414/529 7446/415/241
f 7446/416/241 7454/417/529 7455/418/530 7447/419/522
f 7447/419/522 7455/418/530 7456/420/531 7448/421/523
f 7448/421/523 7456/420/531 7457/422/532 7449/423/524
f 7449/423/524 7457/422/532 7450/407/525 7442/406/233
f 7450/407/525 7458/424/533 7459/425/534 7451/408/526
f 7451/408/526 7459/425/534 7460/426/535 7452/410/527
f 7452/410/527 7460/426/535 7461/427/536 7453/412/528
f 7453/412/528 7461/427/536 7462/428/537 7454/414/529
f 7454/417/529 7462/429/537 7463/430/538 7455/418/530
f 7455/418/530 7463/430/538 7464/431/539 7456/420/531
f 7456/420/531 7464/431/539 7465/432/540 7457/422/532
f 7457/422/532 7465/432/540 7458/424/533 7450/407/525
f 7458/424/533 7466/296/541 7467/433/542 7459/425/534
f 7459/425/534 7467/433/542 7468/434/543 7460/426/535
f 7460/426/535 7468/434/543 7469/435/544 7461/427/536
f 7461/427/536 7469/435/544 7470/211/545 7462/428/537
f 7462/429/537 7470/436/545 7471/437/546 7463/430/538
f 7463/430/538 7471/437/546 7472/438/547 7464/431/539
f 7464/431/539 7472/438/547 7473/439/548 7465/432/540
f 7465/432/540 7473/439/548 7466/296/541 7458/424/533
f 7466/296/541 7474/440/549 7475/441/550 7467/433/542
f 7467/433/542 7475/441/550 7476/442/551 7468/434/543
f 7468/434/543 7476/442/551 7477/443/552 7469/435/544
f 7469/435/544 7477/443/552 7478/444/553 7470/211/545
f 7470/436/545 7478/445/553 7479/446/554 7471/437/546
f 7471/437/546 7479/446/554 7480/447/555 7472/438/547
f 7472/438/547 7480/447/555 7481/448/556 7473/439/548
f 7473/439/548 7481/448/556 7474/440/549 7466/296/541
f 7474/440/549 7482/449/557 7483/450/558 7475/441/550
f 7475/441/550 7483/450/558 7484/451/613 7476/442/551
f 7476/442/551 7484/451/613 7485/452/680 7477/443/552
f 7477/443/552 7485/452/680 7486/453/561 7478/444/553
f 7478/445/553 7486/454/561 7487/455/562 7479/446/554
f 7479/446/554 7487/455/562 7488/456/563 7480/447/555
f 7480/447/555 7488/456/563 7489/457/564 7481/448/556
f 7481/448/556 7489/457/564 7482/449/557 7474/440/549
f 7482/449/557 7490/294/47 7491/458/565 7483/450/558
f 7483/450/558 7491/458/565 7492/459/633 7484/451/613
f 7484/451/613 7492/459/633 7493/460/567 7485/452/680
f 7485/452/680 7493/460/567 7494/207/288 7486/453/561
f 7486/454/561 7494/461/288 7495/462/644 7487/455/562
f 7487/455/562 7495/462/644 7496/463/634 7488/456/563
f 7488/456/563 7496/463/634 7497/464/570 7489/457/564
f 7489/457/564 7497/464/570 7490/294/47 7482/449/557
f 7490/294/47 7498/465/571 7499/466/572 7491/458/565
f 7491/458/565 7499/466/572 7500/467/573 7492/459/633
f 7492/459/633 7500/467/573 7501/468/574 7493/460/567
f 7493/460/567 7501/468/574 7502/469/575 7494/207/288
f 7494/461/288 7502/470/575 7503/471/576 7495/462/644
f 7495/462/644 7503/471/576 7504/472/681 7496/463/634
f 7496/463/634 7504/472/681 7505/473/578 7497/464/570
f 7497/464/570 7505/473/578 7498/465/571 7490/294/47
f 7498/465/571 7506/474/579 7507/475/580 7499/466/572
f 7499/466/572 7507/475/580 7508/476/581 7500/467/573
f 7500/467/573 7508/476/581 7509/477/582 7501/468/574
f 7501/468/574 7509/477/582 7510/478/583 7502/469/575
f 7502/470/575 7510/479/583 7511/480/584 7503/471/576
f 7503/471/576 7511/480/584 7512/481/585 7504/472/681
f 7504/472/681 7512/481/585 7513/482/586 7505/473/578
f 7505/473/578 7513/482/586 7506/474/579 7498/465/571
f 7506/474/579 7514/292/587 7515/483/588 7507/475/580
f 7507/475/580 7515/483/588 7516/484/589 7508/476/581
f 7508/476/581 7516/484/589 7517/485/590 7509/477/582
f 7509/477/582 7517/485/590 7518/203/591 7510/478/583
f 7510/479/583 7518/486/591 7519/487/592 7511/480/584
f 7511/480/584 7519/487/592 7520/488/593 7512/481/585
f 7512/481/585 7520/488/593 7521/489/594 7513/482/586
f 7513/482/586 7521/489/594 7514/292/587 7506/474/579
f 7514/292/587 7522/490/595 7523/491/596 7515/483/588
f 7515/483/588 7523/491/596 7524/492/597 7516/484/589
f 7516/484/589 7524/492/597 7525/493/598 7517/485/590
f 7517/485/590 7525/493/598 7526/494/599 7518/203/591
f 7518/486/591 7526/495/599 7527/496/600 7519/487/592
f 7519/487/592 7527/496/600 7528/497/601 7520/488/593
f 7520/488/593 7528/497/601 7529/498/602 7521/489/594
f 7521/489/594 7529/498/602 7522/490/595 7514/292/587
f 7522/490/595 7530/499/603 7531/500/604 7523/491/596
f 7523/491/596 7531/500/604 7532/501/605 7524/492/597
f 7524/492/597 7532/501/605 7533/502/606 7525/493/598
f 7525/493/598 7533/502/606 7534/503/607 7526/494/599
f 7526/495/599 7534/504/607 7535/505/608 7527/496/600
f 7527/496/600 7535/505/608 7536/506/609 7528/497/601
f 7528/497/601 7536/506/609 7537/507/610 7529/498/602
f 7529/498/602 7537/507/610 7530/499/603 7522/490/595
f 7530/499/603 7346/290/241 7347/301/427 7531/500/604
f 7531/500/604 7347/301/427 7348/303/428 7532/501/605
f 7532/501/605 7348/303/428 7349/305/429 7533/502/606
f 7533/502/606 7349/305/429 7350/199/233 7534/503/607
f 7534/504/607 7350/307/233 7351/310/430 7535/505/608
f 7535/505/608 7351/310/430 7352/312/431 7536/506/609
f 7536/506/609 7352/312/431 7353/314/432 7537/507/610
f 7537/507/610 7353/314/432 7346/290/241 7530/499/603
f 7538/290/229 7546/299/248 7547/300/249 7539/301/242
f 7539/301/242 7547/300/249 7548/302/250 7540/303/243
f 7540/303/243 7548/302/250 7549/304/251 7541/305/244
f 7541/305/244 7549/304/251 7550/306/252 7542/199/237
f 7542/307/237 7550/308/252 7551/309/253 7543/310/245
f 7543/310/245 7551/309/253 7552/311/254 7544/312/246
f 7544/312/246 7552/311/254 7553/313/255 7545/314/247
f 7545/314/247 7553/313/255 7546/299/248 7538/290/229
f 7546/299/248 7554/315/256 7555/316/257 7547/300/249
f 7547/300/249 7555/316/257 7556/317/258 7548/302/250
f 7548/302/250 7556/317/258 7557/318/259 7549/304/251
f 7549/304/251 7557/318/259 7558/319/260 7550/306/252
f 7550/308/252 7558/320/260 7559/321/261 7551/309/253
f 7551/309/253 7559/321/261 7560/322/262 7552/311/254
f 7552/311/254 7560/322/262 7561/323/263 7553/313/255
f 7553/313/255 7561/323/263 7554/315/256 7546/299/248
f 7554/315/256 7562/288/264 7563/324/265 7555/316/257
f 7555/316/257 7563/324/265 7564/325/266 7556/317/258
f 7556/317/258 7564/325/266 7565/326/267 7557/318/259
f 7557/318/259 7565/326/267 7566/195/268 7558/319/260
f 7558/320/260 7566/327/268 7567/328/269 7559/321/261
f 7559/321/261 7567/328/269 7568/329/270 7560/322/262
f 7560/322/262 7568/329/270 7569/330/271 7561/323/263
f 7561/323/263 7569/330/271 7562/288/264 7554/315/256
f 7562/288/264 7570/331/272 7571/332/273 7563/324/265
f 7563/324/265 7571/332/273 7572/333/274 7564/325/266
f 7564/325/266 7572/333/274 7573/334/275 7565/326/267
f 7565/326/267 7573/334/275 7574/335/276 7566/195/268
f 7566/327/268 7574/336/276 7575/337/277 7567/328/269
f 7567/328/269 7575/337/277 7576/338/278 7568/329/270
f 7568/329/270 7576/338/278 7577/339/279 7569/330/271
f 7569/330/271 7577/339/279 7570/331/272 7562/288/264
f 7570/331/272 7578/340/280 7579/341/281 7571/332/273
f 7571/332/273 7579/341/281 7580/342/282 7572/333/274
f 7572/333/274 7580/342/282 7581/343/283 7573/334/275
f 7573/334/275 7581/343/283 7582/344/284 7574/335/276
f 7574/336/276 7582/345/284 7583/346/285 7575/337/277
f 7575/337/277 7583/346/285 7584/347/286 7576/338/278
f 7576/338/278 7584/347/286 7585/348/287 7577/339/279
f 7577/339/279 7585/348/287 7578/340/280 7570/331/272
f 7578/340/280 7586/286/288 7587/349/289 7579/341/281
f 7579/341/281 7587/349/289 7588/350/290 7580/342/282
f 7580/342/282 7588/350/290 7589/351/291 7581/343/283
f 7581/343/283 7589/351/291 7590/191/47 7582/344/284
f 7582/345/284 7590/352/47 7591/353/292 7583/346/285
f 7583/346/285 7591/353/292 7592/354/293 7584/347/286
f 7584/347/286 7592/354/293 7593/355/294 7585/348/287
f 7585/348/287 7593/355/294 7586/286/288 7578/340/280
f 7586/286/288 7594/356/295 7595/357/296 7587/349/289
f 7587/349/289 7595/357/296 7596/358/297 7588/350/290
f 7588/350/290 7596/358/297 7597/359/298 7589/351/291
f 7589/351/291 7597/359/298 7598/360/299 7590/191/47
f 7590/352/47 7598/361/299 7599/362/300 7591/353/292
f 7591/353/292 7599/362/300 7600/363/301 7592/354/293
f 7592/354/293 7600/363/301 7601/364/302 7593/355/294
f 7593/355/294 7601/364/302 7594/356/295 7586/286/288
f 7594/356/295 7602/365/303 7603/366/304 7595/357/296
f 7595/357/296 7603/366/304 7604/367/305 7596/358/297
f 7596/358/297 7604/367/305 7605/368/306 7597/359/298
f 7597/359/298 7605/368/306 7606/369/307 7598/360/299
f 7598/361/299 7606/370/307 7607/371/308 7599/362/300
f 7599/362/300 7607/371/308 7608/372/309 7600/363/301
f 7600/363/301 7608/372/309 7609/373/310 7601/364/302
f 7601/364/302 7609/373/310 7602/365/303 7594/356/295
f 7602/365/303 7610/284/311 7611/374/312 7603/366/304
f 7603/366/304 7611/374/312 7612/375/313 7604/367/305
f 7604/367/305 7612/375/313 7613/376/314 7605/368/306
f 7605/368/306 7613/376/314 7614/187/315 7606/369/307
f 7606/370/307 7614/377/315 7615/378/316 7607/371/308
f 7607/371/308 7615/378/316 7616/379/317 7608/372/309
f 7608/372/309 7616/379/317 7617/380/318 7609/373/310
f 7609/373/310 7617/380/318 7610/284/311 7602/365/303
f 7610/284/311 7618/381/319 7619/382/320 7611/374/312
f 7611/374/312 7619/382/320 7620/383/321 7612/375/313
f 7612/375/313 7620/383/321 7621/384/322 7613/376/314
f 7613/376/314 7621/384/322 7622/385/611 7614/187/315
f 7614/377/315 7622/386/611 7623/387/324 7615/378/316
f 7615/378/316 7623/387/324 7624/388/325 7616/379/317
f 7616/379/317 7624/388/325 7625/389/326 7617/380/318
f 7617/380/318 7625/389/326 7618/381/319 7610/284/311
f 7618/381/319 7626/390/327 7627/391/328 7619/382/320
f 7619/382/320 7627/391/328 7628/392/329 7620/383/321
f 7620/383/321 7628/392/329 7629/393/330 7621/384/322
f 7621/384/322 7629/393/330 7630/394/331 7622/385/611
f 7622/386/611 7630/395/331 7631/396/332 7623/387/324
f 7623/387/324 7631/396/332 7632/397/333 7624/388/325
f 7624/388/325 7632/397/333 7633/398/334 7625/389/326
f 7625/389/326 7633/398/334 7626/390/327 7618/381/319
f 7626/390/327 7634/282/237 7635/399/335 7627/391/328
f 7627/391/328 7635/399/335 7636/400/336 7628/392/329
f 7628/392/329 7636/400/336 7637/401/337 7629/393/330
f 7629/393/330 7637/401/337 7638/184/229 7630/394/331
f 7630/395/331 7638/402/229 7639/403/338 7631/396/332
f 7631/396/332 7639/403/338 7640/404/339 7632/397/333
f 7632/397/333 7640/404/339 7641/405/340 7633/398/334
f 7633/398/334 7641/405/340 7634/282/237 7626/390/327
f 7634/406/237 7642/407/341 7643/408/342 7635/409/335
f 7635/409/335 7643/408/342 7644/410/343 7636/411/336
f 7636/411/336 7644/410/343 7645/412/344 7637/413/337
f 7637/413/337 7645/412/344 7646/414/345 7638/415/229
f 7638/416/229 7646/417/345 7647/418/346 7639/419/338
f 7639/419/338 7647/418/346 7648/420/347 7640/421/339
f 7640/421/339 7648/420/347 7649/422/348 7641/423/340
f 7641/423/340 7649/422/348 7642/407/341 7634/406/237
f 7642/407/341 7650/424/349 7651/425/350 7643/408/342
f 7643/408/342 7651/425/350 7652/426/351 7644/410/343
f 7644/410/343 7652/426/351 7653/427/352 7645/412/344
f 7645/412/344 7653/427/352 7654/428/353 7646/414/345
f 7646/417/345 7654/429/353 7655/430/354 7647/418/346
f 7647/418/346 7655/430/354 7656/431/355 7648/420/347
f 7648/420/347 7656/431/355 7657/432/356 7649/422/348
f 7649/422/348 7657/432/356 7650/424/349 7642/407/341
f 7650/424/349 7658/296/357 7659/433/358 7651/425/350
f 7651/425/350 7659/433/358 7660/434/359 7652/426/351
f 7652/426/351 7660/434/359 7661/435/360 7653/427/352
f 7653/427/352 7661/435/360 7662/211/361 7654/428/353
f 7654/429/353 7662/436/361 7663/437/362 7655/430/354
f 7655/430/354 7663/437/362 7664/438/363 7656/431/355
f 7656/431/355 7664/438/363 7665/439/364 7657/432/356
f 7657/432/356 7665/439/364 7658/296/357 7650/424/349
f 7658/296/357 7666/440/365 7667/441/629 7659/433/358
f 7659/433/358 7667/441/629 7668/442/367 7660/434/359
f 7660/434/359 7668/442/367 7669/443/368 7661/435/360
f 7661/435/360 7669/443/368 7670/444/369 7662/211/361
f 7662/436/361 7670/445/369 7671/446/370 7663/437/362
f 7663/437/362 7671/446/370 7672/447/371 7664/438/363
f 7664/438/363 7672/447/371 7673/448/630 7665/439/364
f 7665/439/364 7673/448/630 7666/440/365 7658/296/357
f 7666/440/365 7674/449/373 7675/450/374 7667/441/629
f 7667/441/629 7675/450/374 7676/451/671 7668/442/367
f 7668/442/367 7676/451/671 7677/452/376 7669/443/368
f 7669/443/368 7677/452/376 7678/453/377 7670/444/369
f 7670/445/369 7678/454/377 7679/455/378 7671/446/370
f 7671/446/370 7679/455/378 7680/456/674 7672/447/371
f 7672/447/371 7680/456/674 7681/457/380 7673/448/630
f 7673/448/630 7681/457/380 7674/449/373 7666/440/365
f 7674/449/373 7682/294/47 7683/458/381 7675/450/374
f 7675/450/374 7683/458/381 7684/459/382 7676/451/671
f 7676/451/671 7684/459/382 7685/460/383 7677/452/376
f 7677/452/376 7685/460/383 7686/207/288 7678/453/377
f 7678/454/377 7686/461/288 7687/462/384 7679/455/378
f 7679/455/378 7687/462/384 7688/463/385 7680/456/674
f 7680/456/674 7688/463/385 7689/464/386 7681/457/380
f 7681/457/380 7689/464/386 7682/294/47 7674/449/373
f 7682/294/47 7690/465/387 7691/466/388 7683/458/381
f 7683/458/381 7691/466/388 7692/467/675 7684/459/382
f 7684/459/382 7692/467/675 7693/468/390 7685/460/383
f 7685/460/383 7693/468/390 7694/469/391 7686/207/288
f 7686/461/288 7694/470/391 7695/471/392 7687/462/384
f 7687/462/384 7695/471/392 7696/472/678 7688/463/385
f 7688/463/385 7696/472/678 7697/473/394 7689/464/386
f 7689/464/386 7697/473/394 7690/465/387 7682/294/47
f 7690/465/387 7698/474/395 7699/475/396 7691/466/388
f 7691/466/388 7699/475/396 7700/476/397 7692/467/675
f 7692/467/675 7700/476/397 7701/477/398 7693/468/390
f 7693/468/390 7701/477/398 7702/478/399 7694/469/391
f 7694/470/391 7702/479/399 7703/480/400 7695/471/392
f 7695/471/392 7703/480/400 7704/481/401 7696/472/678
f 7696/472/678 7704/481/401 7705/482/402 7697/473/394
f 7697/473/394 7705/482/402 7698/474/395 7690/465/387
f 7698/474/395 7706/292/403 7707/483/404 7699/475/396
f 7699/475/396 7707/483/404 7708/484/405 7700/476/397
f 7700/476/397 7708/484/405 7709/485/406 7701/477/398
f 7701/477/398 7709/485/406 7710/203/407 7702/478/399
f 7702/479/399 7710/486/407 7711/487/408 7703/480/400
f 7703/480/400 7711/487/408 7712/488/409 7704/481/401
f 7704/481/401 7712/488/409 7713/489/410 7705/482/402
f 7705/482/402 7713/489/410 7706/292/403 7698/474/395
f 7706/292/403 7714/490/411 7715/491/412 7707/483/404
f 7707/483/404 7715/491/412 7716/492/413 7708/484/405
f 7708/484/405 7716/492/413 7717/493/414 7709/485/406
f 7709/485/406 7717/493/414 7718/494/415 7710/203/407
f 7710/486/407 7718/495/415 7719/496/416 7711/487/408
f 7711/487/408 7719/496/416 7720/497/417 7712/488/409
f 7712/488/409 7720/497/417 7721/498/418 7713/489/410
f 7713/489/410 7721/498/418 7714/490/411 7706/292/403
f 7714/490/411 7722/499/419 7723/500/420 7715/491/412
f 7715/491/412 7723/500/420 7724/501/421 7716/492/413
f 7716/492/413 7724/501/421 7725/502/422 7717/493/414
f 7717/493/414 7725/502/422 7726/503/423 7718/494/415
f 7718/495/415 7726/504/423 7727/505/424 7719/496/416
f 7719/496/416 7727/505/424 7728/506/425 7720/497/417
f 7720/497/417 7728/506/425 7729/507/426 7721/498/418
f 7721/498/418 7729/507/426 7722/499/419 7714/490/411
f 7722/499/419 7538/290/229 7539/301/242 7723/500/420
f 7723/500/420 7539/301/242 7540/303/243 7724/501/421
f 7724/501/421 7540/303/243 7541/305/244 7725/502/422
f 7725/502/422 7541/305/244 7542/199/237 7726/503/423
f 7726/504/423 7542/307/237 7543/310/245 7727/505/424
f 7727/505/424 7543/310/245 7544/312/246 7728/506/425
f 7728/506/425 7544/312/246 7545/314/247 7729/507/426
f 7729/507/426 7545/314/247 7538/290/229 7722/499/419
f 7730/290/241 7738/299/433 7739/300/434 7731/301/427
f 7731/301/427 7739/300/434 7740/302/435 7732/303/428
f 7732/303/428 7740/302/435 7741/304/436 7733/305/429
f 7733/305/429 7741/304/436 7742/306/437 7734/199/233
f 7734/307/233 7742/308/437 7743/309/438 7735/310/430
f 7735/310/430 7743/309/438 7744/311/439 7736/312/431
f 7736/312/431 7744/311/439 7745/313/440 7737/314/432
f 7737/314/432 7745/313/440 7738/299/433 7730/290/241
f 7738/299/433 7746/315/441 7747/316/442 7739/300/434
f 7739/300/434 7747/316/442 7748/317/443 7740/302/435
f 7740/302/435 7748/317/443 7749/318/444 7741/304/436
f 7741/304/436 7749/318/444 7750/319/445 7742/306/437
f 7742/308/437 7750/320/445 7751/321/446 7743/309/438
f 7743/309/438 7751/321/446 7752/322/447 7744/311/439
f 7744/311/439 7752/322/447 7753/323/448 7745/313/440
f 7745/313/440 7753/323/448 7746/315/441 7738/299/433
f 7746/315/441 7754/288/449 7755/324/450 7747/316/442
f 7747/316/442 7755/324/450 7756/325/451 7748/317/443
f 7748/317/443 7756/325/451 7757/326/452 7749/318/444
f 7749/318/444 7757/326/452 7758/195/453 7750/319/445
f 7750/320/445 7758/327/453 7759/328/454 7751/321/446
f 7751/321/446 7759/328/454 7760/329/455 7752/322/447
f 7752/322/447 7760/329/455 7761/330/456 7753/323/448
f 7753/323/448 7761/330/456 7754/288/449 7746/315/441
f 7754/288/449 7762/331/457 7763/332/458 7755/324/450
f 7755/324/450 7763/332/458 7764/333/459 7756/325/451
f 7756/325/451 7764/333/459 7765/334/460 7757/326/452
f 7757/326/452 7765/334/460 7766/335/461 7758/195/453
f 7758/327/453 7766/336/461 7767/337/462 7759/328/454
f 7759/328/454 7767/337/462 7768/338/463 7760/329/455
f 7760/329/455 7768/338/463 7769/339/464 7761/330/456
f 7761/330/456 7769/339/464 7762/331/457 7754/288/449
f 7762/331/457 7770/340/465 7771/341/659 7763/332/458
f 7763/332/458 7771/341/659 7772/342/467 7764/333/459
f 7764/333/459 7772/342/467 7773/343/468 7765/334/460
f 7765/334/460 7773/343/468 7774/344/469 7766/335/461
f 7766/336/461 7774/345/469 7775/346/470 7767/337/462
f 7767/337/462 7775/346/470 7776/347/471 7768/338/463
f 7768/338/463 7776/347/471 7777/348/472 7769/339/464
f 7769/339/464 7777/348/472 7770/340/465 7762/331/457
f 7770/340/465 7778/286/288 7779/349/473 7771/341/659
f 7771/341/659 7779/349/473 7780/350/474 7772/342/467
f 7772/342/467 7780/350/474 7781/351/475 7773/343/468
f 7773/343/468 7781/351/475 7782/191/47 7774/344/469
f 7774/345/469 7782/352/47 7783/353/476 7775/346/470
f 7775/346/470 7783/353/476 7784/354/477 7776/347/471
f 7776/347/471 7784/354/477 7785/355/478 7777/348/472
f 7777/348/472 7785/355/478 7778/286/288 7770/340/465
f 7778/286/288 7786/356/479 7787/357/631 7779/349/473
f 7779/349/473 7787/357/631 7788/358/481 7780/350/474
f 7780/350/474 7788/358/481 7789/359/482 7781/351/475
f 7781/351/475 7789/359/482 7790/360/483 7782/191/47
f 7782/352/47 7790/361/483 7791/362/484 7783/353/476
f 7783/353/476 7791/362/484 7792/363/485 7784/354/477
f 7784/354/477 7792/363/485 7793/364/486 7785/355/478
f 7785/355/478 7793/364/486 7786/356/479 7778/286/288
f 7786/356/479 7794/365/487 7795/366/488 7787/357/631
f 7787/357/631 7795/366/488 7796/367/489 7788/358/481
f 7788/358/481 7796/367/489 7797/368/490 7789/359/482
f 7789/359/482 7797/368/490 7798/369/491 7790/360/483
f 7790/361/483 7798/370/491 7799/371/492 7791/362/484
f 7791/362/484 7799/371/492 7800/372/493 7792/363/485
f 7792/363/485 7800/372/493 7801/373/494 7793/364/486
f 7793/364/486 7801/373/494 7794/365/487 7786/356/479
f 7794/365/487 7802/284/495 7803/374/496 7795/366/488
f 7795/366/488 7803/374/496 7804/375/497 7796/367/489
f 7796/367/489 7804/375/497 7805/376/498 7797/368/490
f 7797/368/490 7805/376/498 7806/187/499 7798/369/491
f 7798/370/491 7806/377/499 7807/378/500 7799/371/492
f 7799/371/492 7807/378/500 7808/379/501 7800/372/493
f 7800/372/493 7808/379/501 7809/380/502 7801/373/494
f 7801/373/494 7809/380/502 7802/284/495 7794/365/487
f 7802/284/495 7810/381/503 7811/382/504 7803/374/496
f 7803/374/496 7811/382/504 7812/383/505 7804/375/497
f 7804/375/497 7812/383/505 7813/384/506 7805/376/498
f 7805/376/498 7813/384/506 7814/385/507 7806/187/499
f 7806/377/499 7814/386/507 7815/387/508 7807/378/500
f 7807/378/500 7815/387/508 7816/388/509 7808/379/501
f 7808/379/501 7816/388/509 7817/389/510 7809/380/502
f 7809/380/502 7817/389/510 7810/381/503 7802/284/495
f 7810/381/503 7818/390/511 7819/391/512 7811/382/504
f 7811/382/504 7819/391/512 7820/392/513 7812/383/505
f 7812/383/505 7820/392/513 7821/393/514 7813/384/506
f 7813/384/506 7821/393/514 7822/394/515 7814/385/507
f 7814/386/507 7822/395/515 7823/396/516 7815/387/508
f 7815/387/508 7823/396/516 7824/397/517 7816/388/509
f 7816/388/509 7824/397/517 7825/398/518 7817/389/510
f 7817/389/510 7825/398/518 7818/390/511 7810/381/503
f 7818/390/511 7826/282/233 7827/399/519 7819/391/512
f 7819/391/512 7827/399/519 7828/400/520 7820/392/513
f 7820/392/513 7828/400/520 7829/401/521 7821/393/514
f 7821/393/514 7829/401/521 7830/184/241 7822/394/515
f 7822/395/515 7830/402/241 7831/403/522 7823/396/516
f 7823/396/516 7831/403/522 7832/404/523 7824/397/517
f 7824/397/517 7832/404/523 7833/405/524 7825/398/518
f 7825/398/518 7833/405/524 7826/282/233 7818/390/511
f 7826/406/233 7834/407/525 7835/408/526 7827/409/519
f 7827/409/519 7835/408/526 7836/410/527 7828/411/520
f 7828/411/520 7836/410/527 7837/412/528 7829/413/521
f 7829/413/521 7837/412/528 7838/414/529 7830/415/241
f 7830/416/241 7838/417/529 7839/418/530 7831/419/522
f 7831/419/522 7839/418/530 7840/420/531 7832/421/523
f 7832/421/523 7840/420/531 7841/422/532 7833/423/524
f 7833/423/524 7841/422/532 7834/407/525 7826/406/233
f 7834/407/525 7842/424/533 7843/425/534 7835/408/526
f 7835/408/526 7843/425/534 7844/426/535 7836/410/527
f 7836/410/527 7844/426/535 7845/427/536 7837/412/528
f 7837/412/528 7845/427/536 7846/428/537 7838/414/529
f 7838/417/529 7846/429/537 7847/430/538 7839/418/530
f 7839/418/530 7847/430/538 7848/431/539 7840/420/531
f 7840/420/531 7848/431/539 7849/432/540 7841/422/532
f 7841/422/532 7849/432/540 7842/424/533 7834/407/525
f 7842/424/533 7850/296/541 7851/433/542 7843/425/534
f 7843/425/534 7851/433/542 7852/434/543 7844/426/535
f 7844/426/535 7852/434/543 7853/435/544 7845/427/536
f 7845/427/536 7853/435/544 7854/211/545 7846/428/537
f 7846/429/537 7854/436/545 7855/437/546 7847/430/538
f 7847/430/538 7855/437/546 7856/438/547 7848/431/539
f 7848/431/539 7856/438/547 7857/439/548 7849/432/540
f 7849/432/540 7857/439/548 7850/296/541 7842/424/533
f 7850/296/541 7858/440/549 7859/441/550 7851/433/542
f 7851/433/542 7859/441/550 7860/442/551 7852/434/543
f 7852/434/543 7860/442/551 7861/443/552 7853/435/544
f 7853/435/544 7861/443/552 7862/444/553 7854/211/545
f 7854/436/545 7862/445/553 7863/446/554 7855/437/546
f 7855/437/546 7863/446/554 7864/447/555 7856/438/547
f 7856/438/547 7864/447/555 7865/448/556 7857/439/548
f 7857/439/548 7865/448/556 7858/440/549 7850/296/541
f 7858/440/549 7866/449/557 7867/450/558 7859/441/550
f 7859/441/550 7867/450/558 7868/451/613 7860/442/551
f 7860/442/551 7868/451/613 7869/452/560 7861/443/552
f 7861/443/552 7869/452/560 7870/453/561 7862/444/553
f 7862/445/553 7870/454/561 7871/455/562 7863/446/554
f 7863/446/554 7871/455/562 7872/456/563 7864/447/555
f 7864/447/555 7872/456/563 7873/457/564 7865/448/556
f 7865/448/556 7873/457/564 7866/449/557 7858/440/549
f 7866/449/557 7874/294/47 7875/458/565 7867/450/558
f 7867/450/558 7875/458/565 7876/459/566 7868/451/613
f 7868/451/613 7876/459/566 7877/460/567 7869/452/560
f 7869/452/560 7877/460/567 7878/207/288 7870/453/561
f 7870/454/561 7878/461/288 7879/462/568 7871/455/562
f 7871/455/562 7879/462/568 7880/463/569 7872/456/563
f 7872/456/563 7880/463/569 7881/464/570 7873/457/564
f 7873/457/564 7881/464/570 7874/294/47 7866/449/557
f 7874/294/47 7882/465/571 7883/466/572 7875/458/565
f 7875/458/565 7883/466/572 7884/467/573 7876/459/566
f 7876/459/566 7884/467/573 7885/468/574 7877/460/567
f 7877/460/567 7885/468/574 7886/469/575 7878/207/288
f 7878/461/288 7886/470/575 7887/471/576 7879/462/568
f 7879/462/568 7887/471/576 7888/472/577 7880/463/569
f 7880/463/569 7888/472/577 7889/473/578 7881/464/570
f 7881/464/570 7889/473/578 7882/465/571 7874/294/47
f 7882/465/571 7890/474/579 7891/475/580 7883/466/572
f 7883/466/572 7891/475/580 7892/476/581 7884/467/573
f 7884/467/573 7892/476/581 7893/477/582 7885/468/574
f 7885/468/574 7893/477/582 7894/478/583 7886/469/575
f 7886/470/575 7894/479/583 7895/480/584 7887/471/576
f 7887/471/576 7895/480/584 7896/481/585 7888/472/577
f 7888/472/577 7896/481/585 7897/482/586 7889/473/578
f 7889/473/578 7897/482/586 7890/474/579 7882/465/571
f 7890/474/579 7898/292/587 7899/483/588 7891/475/580
f 7891/475/580 7899/483/588 7900/484/589 7892/476/581
f 7892/476/581 7900/484/589 7901/485/590 7893/477/582
f 7893/477/582 7901/485/590 7902/203/591 7894/478/583
f 7894/479/583 7902/486/591 7903/487/592 7895/480/584
f 7895/480/584 7903/487/592 7904/488/593 7896/481/585
f 7896/481/585 7904/488/593 7905/489/594 7897/482/586
f 7897/482/586 7905/489/594 7898/292/587 7890/474/579
f 7898/292/587 7906/490/595 7907/491/596 7899/483/588
f 7899/483/588 7907/491/596 7908/492/597 7900/484/589
f 7900/484/589 7908/492/597 7909/493/598 7901/485/590
f 7901/485/590 7909/493/598 7910/494/599 7902/203/591
f 7902/486/591 7910/495/599 7911/496/600 7903/487/592
f 7903/487/592 7911/496/600 7912/497/601 7904/488/593
f 7904/488/593 7912/497/601 7913/498/602 7905/489/594
f 7905/489/594 7913/498/602 7906/490/595 7898/292/587
f 7906/490/595 7914/499/603 7915/500/604 7907/491/596
f 7907/491/596 7915/500/604 7916/501/605 7908/492/597
f 7908/492/597 7916/501/605 7917/502/606 7909/493/598
f 7909/493/598 7917/502/606 7918/503/607 7910/494/599
f 7910/495/599 7918/504/607 7919/505/608 7911/496/600
f 7911/496/600 7919/505/608 7920/506/609 7912/497/601
f 7912/497/601 7920/506/609 7921/507/610 7913/498/602
f 7913/498/602 7921/507/610 7914/499/603 7906/490/595
f 7914/499/603 7730/290/241 7731/301/427 7915/500/604
f 7915/500/604 7731/301/427 7732/303/428 7916/501/605
f 7916/501/605 7732/303/428 7733/305/429 7917/502/606
f 7917/502/606 7733/305/429 7734/199/233 7918/503/607
f 7918/504/607 7734/307/233 7735/310/430 7919/505/608
f 7919/505/608 7735/310/430 7736/312/431 7920/506/609
f 7920/506/609 7736/312/431 7737/314/432 7921/507/610
f 7921/507/610 7737/314/432 7730/290/241 7914/499/603
f 7922/290/682 7930/299/690 7931/300/691 7923/301/683
f 7923/301/683 7931/300/691 7932/302/692 7924/303/684
f 7924/303/684 7932/302/692 7933/304/693 7925/305/685
f 7925/305/685 7933/304/693 7934/306/694 7926/199/686
f 7926/307/686 7934/308/694 7935/309/695 7927/310/687
f 7927/310/687 7935/309/695 7936/311/696 7928/312/688
f 7928/312/688 7936/311/696 7937/313/697 7929/314/689
f 7929/314/689 7937/313/697 7930/299/690 7922/290/682
f 7930/299/690 7938/315/698 7939/316/699 7931/300/691
f 7931/300/691 7939/316/699 7940/317/700 7932/302/692
f 7932/302/692 7940/317/700 7941/318/701 7933/304/693
f 7933/304/693 7941/318/701 7942/319/702 7934/306/694
f 7934/308/694 7942/320/702 7943/321/703 7935/309/695
f 7935/309/695 7943/321/703 7944/322/704 7936/311/696
f 7936/311/696 7944/322/704 7945/323/705 7937/313/697
f 7937/313/697 7945/323/705 7938/315/698 7930/299/690
f 7938/315/698 7946/288/706 7947/324/707 7939/316/699
f 7939/316/699 7947/324/707 7948/325/708 7940/317/700
f 7940/317/700 7948/325/708 7949/326/709 7941/318/701
f 7941/318/701 7949/326/709 7950/195/710 7942/319/702
f 7942/320/702 7950/327/710 7951/328/711 7943/321/703
f 7943/321/703 7951/328/711 7952/329/712 7944/322/704
f 7944/322/704 7952/329/712 7953/330/713 7945/323/705
f 7945/323/705 7953/330/713 7946/288/706 7938/315/698
f 7946/288/706 7954/331/714 7955/332/715 7947/324/707
f 7947/324/707 7955/332/715 7956/333/716 7948/325/708
f 7948/325/708 7956/333/716 7957/334/717 7949/326/709
f 7949/326/709 7957/334/717 7958/335/718 7950/195/710
f 7950/327/710 7958/336/718 7959/337/719 7951/328/711
f 7951/328/711 7959/337/719 7960/338/720 7952/329/712
f 7952/329/712 7960/338/720 7961/339/721 7953/330/713
f 7953/330/713 7961/339/721 7954/331/714 7946/288/706
f 7954/331/714 7962/340/722 7963/341/723 7955/332/715
f 7955/332/715 7963/341/723 7964/342/724 7956/333/716
f 7956/333/716 7964/342/724 7965/343/725 7957/334/717
f 7957/334/717 7965/343/725 7966/344/726 7958/335/718
f 7958/336/718 7966/345/726 7967/346/727 7959/337/719
f 7959/337/719 7967/346/727 7968/347/728 7960/338/720
f 7960/338/720 7968/347/728 7969/348/729 7961/339/721
f 7961/339/721 7969/348/729 7962/340/722 7954/331/714
f 7962/340/722 7970/286/288 7971/349/730 7963/341/723
f 7963/341/723 7971/349/730 7972/350/731 7964/342/724
f 7964/342/724 7972/350/731 7973/351/732 7965/343/725
f 7965/343/725 7973/351/732 7974/191/47 7966/344/726
f 7966/345/726 7974/352/47 7975/353/733 7967/346/727
f 7967/346/727 7975/353/733 7976/354/734 7968/347/728
f 7968/347/728 7976/354/734 7977/355/735 7969/348/729
f 7969/348/729 7977/355/735 7970/286/288 7962/340/722
f 7970/286/288 7978/356/736 7979/357/737 7971/349/730
f 7971/349/730 7979/357/737 7980/358/738 7972/350/731
f 7972/350/731 7980/358/738 7981/359/739 7973/351/732
f 7973/351/732 7981/359/739 7982/360/740 7974/191/47
f 7974/352/47 7982/361/740 7983/362/741 7975/353/733
f 7975/353/733 7983/362/741 7984/363/742 7976/354/734
f 7976/354/734 7984/363/742 7985/364/743 7977/355/735
f 7977/355/735 7985/364/743 7978/356/736 7970/286/288
f 7978/356/736 7986/365/744 7987/366/745 7979/357/737
f 7979/357/737 7987/366/745 7988/367/746 7980/358/738
f 7980/358/738 7988/367/746 7989/368/747 7981/359/739
f 7981/359/739 7989/368/747 7990/369/748 7982/360/740
f 7982/361/740 7990/370/748 7991/371/749 7983/362/741
f 7983/362/741 7991/371/749 7992/372/750 7984/363/742
f 7984/363/742 7992/372/750 7993/373/751 7985/364/743
f 7985/364/743 7993/373/751 7986/365/744 7978/356/736
f 7986/365/744 7994/284/752 7995/374/753 7987/366/745
f 7987/366/745 7995/374/753 7996/375/754 7988/367/746
f 7988/367/746 7996/375/754 7997/376/755 7989/368/747
f 7989/368/747 7997/376/755 7998/187/756 7990/369/748
f 7990/370/748 7998/377/756 7999/378/757 7991/371/749
f 7991/371/749 7999/378/757 8000/379/758 7992/372/750
f 7992/372/750 8000/379/758 8001/380/759 7993/373/751
f 7993/373/751 8001/380/759 7994/284/752 7986/365/744
f 7994/284/752 8002/381/760 8003/382/761 7995/374/753
f 7995/374/753 8003/382/761 8004/383/762 7996/375/754
f 7996/375/754 8004/383/762 8005/384/763 7997/376/755
f 7997/376/755 8005/384/763 8006/385/764 7998/187/756
f 7998/377/756 8006/386/764 8007/387/765 7999/378/757
f 7999/378/757 8007/387/765 8008/388/766 8000/379/758
f 8000/379/758 8008/388/766 8009/389/767 8001/380/759
f 8001/380/759 8009/389/767 8002/381/760 7994/284/752
f 8002/381/760 8010/390/768 8011/391/769 8003/382/761
f 8003/382/761 8011/391/769 8012/392/770 8004/383/762
f 8004/383/762 8012/392/770 8013/393/771 8005/384/763
f 8005/384/763 8013/393/771 8014/394/772 8006/385/764
f 8006/386/764 8014/395/772 8015/396/773 8007/387/765
f 8007/387/765 8015/396/773 8016/397/774 8008/388/766
f 8008/388/766 8016/397/774 8017/398/775 8009/389/767
f 8009/389/767 8017/398/775 8010/390/768 8002/381/760
f 8010/390/768 8018/282/776 8019/399/777 8011/391/769
f 8011/391/769 8019/399/777 8020/400/778 8012/392/770
f 8012/392/770 8020/400/778 8021/401/779 8013/393/771
f 8013/393/771 8021/401/779 8022/184/780 8014/394/772
f 8014/395/772 8022/402/780 8023/403/781 8015/396/773
f 8015/396/773 8023/403/781 8024/404/782 8016/397/774
f 8016/397/774 8024/404/782 8025/405/783 8017/398/775
f 8017/398/775 8025/405/783 8018/282/776 8010/390/768
f 7922/290/682 7923/301/683 8040/301/786 8041/290/229
f 7929/314/689 7922/290/682 8041/290/229 8034/314/785
f 7924/303/684 7925/305/685 8038/305/787 8039/303/233
f 8018/282/776 8025/405/783 8026/405/784 8033/282/237
f 8022/184/780 8021/401/779 8030/401/786 8029/184/229
f 7926/307/686 7927/310/687 8036/310/784 8037/307/237
f 8025/405/783 8024/404/782 8027/404/241 8026/405/784
f 8019/399/777 8018/282/776 8033/282/237 8032/399/787
f 7928/312/688 7929/314/689 8034/314/785 8035/312/241
f 8021/401/779 8020/400/778 8031/400/233 8030/401/786
f 7925/305/685 7926/199/686 8037/199/237 8038/305/787
f 8024/404/782 8023/403/781 8028/403/785 8027/404/241
f 8020/400/778 8019/399/777 8032/399/787 8031/400/233
f 7927/310/687 7928/312/688 8035/312/241 8036/310/784
f 8023/403/781 8022/402/780 8029/402/229 8028/403/785
f 7923/301/683 7924/303/684 8039/303/233 8040/301/786
